symbol,feature,non_null_count,non_null_rate
AAPL,displacement_score,1387,0.919761273209549
AAPL,dollar_volume_zscore,1448,0.9602122015915119
AAPL,relative_volume,1448,0.9602122015915119
AAPL,residual_level,1387,0.919761273209549
AAPL,residual_volatility,1427,0.9462864721485411
AAPL,trend_r2,1427,0.9462864721485411
AAPL,trend_score,1427,0.9462864721485411
AAPL,trend_slope,1427,0.9462864721485411
ADBE,displacement_score,1387,0.919761273209549
ADBE,dollar_volume_zscore,1448,0.9602122015915119
ADBE,relative_volume,1448,0.9602122015915119
ADBE,residual_level,1387,0.919761273209549
ADBE,residual_volatility,1427,0.9462864721485411
ADBE,trend_r2,1427,0.9462864721485411
ADBE,trend_score,1427,0.9462864721485411
ADBE,trend_slope,1427,0.9462864721485411
AMD,displacement_score,1387,0.919761273209549
AMD,dollar_volume_zscore,1448,0.9602122015915119
AMD,relative_volume,1448,0.9602122015915119
AMD,residual_level,1387,0.919761273209549
AMD,residual_volatility,1427,0.9462864721485411
AMD,trend_r2,1427,0.9462864721485411
AMD,trend_score,1427,0.9462864721485411
AMD,trend_slope,1427,0.9462864721485411
AVGO,displacement_score,1387,0.919761273209549
AVGO,dollar_volume_zscore,1448,0.9602122015915119
AVGO,relative_volume,1448,0.9602122015915119
AVGO,residual_level,1387,0.919761273209549
AVGO,residual_volatility,1427,0.9462864721485411
AVGO,trend_r2,1427,0.9462864721485411
AVGO,trend_score,1427,0.9462864721485411
AVGO,trend_slope,1427,0.9462864721485411
CRM,displacement_score,1387,0.919761273209549
CRM,dollar_volume_zscore,1448,0.9602122015915119
CRM,relative_volume,1448,0.9602122015915119
CRM,residual_level,1387,0.919761273209549
CRM,residual_volatility,1427,0.9462864721485411
CRM,trend_r2,1427,0.9462864721485411
CRM,trend_score,1427,0.9462864721485411
CRM,trend_slope,1427,0.9462864721485411
CSCO,displacement_score,1387,0.919761273209549
CSCO,dollar_volume_zscore,1448,0.9602122015915119
CSCO,relative_volume,1448,0.9602122015915119
CSCO,residual_level,1387,0.919761273209549
CSCO,residual_volatility,1427,0.9462864721485411
CSCO,trend_r2,1427,0.9462864721485411
CSCO,trend_score,1427,0.9462864721485411
CSCO,trend_slope,1427,0.9462864721485411
INTC,displacement_score,1387,0.919761273209549
INTC,dollar_volume_zscore,1448,0.9602122015915119
INTC,relative_volume,1448,0.9602122015915119
INTC,residual_level,1387,0.919761273209549
INTC,residual_volatility,1427,0.9462864721485411
INTC,trend_r2,1427,0.9462864721485411
INTC,trend_score,1427,0.9462864721485411
INTC,trend_slope,1427,0.9462864721485411
MSFT,displacement_score,1387,0.919761273209549
MSFT,dollar_volume_zscore,1448,0.9602122015915119
MSFT,relative_volume,1448,0.9602122015915119
MSFT,residual_level,1387,0.919761273209549
MSFT,residual_volatility,1427,0.9462864721485411
MSFT,trend_r2,1427,0.9462864721485411
MSFT,trend_score,1427,0.9462864721485411
MSFT,trend_slope,1427,0.9462864721485411
NVDA,displacement_score,1387,0.919761273209549
NVDA,dollar_volume_zscore,1448,0.9602122015915119
NVDA,relative_volume,1448,0.9602122015915119
NVDA,residual_level,1387,0.919761273209549
NVDA,residual_volatility,1427,0.9462864721485411
NVDA,trend_r2,1427,0.9462864721485411
NVDA,trend_score,1427,0.9462864721485411
NVDA,trend_slope,1427,0.9462864721485411
ORCL,displacement_score,1387,0.919761273209549
ORCL,dollar_volume_zscore,1448,0.9602122015915119
ORCL,relative_volume,1448,0.9602122015915119
ORCL,residual_level,1387,0.919761273209549
ORCL,residual_volatility,1427,0.9462864721485411
ORCL,trend_r2,1427,0.9462864721485411
ORCL,trend_score,1427,0.9462864721485411
ORCL,trend_slope,1427,0.9462864721485411
QCOM,displacement_score,1387,0.919761273209549
QCOM,dollar_volume_zscore,1448,0.9602122015915119
QCOM,relative_volume,1448,0.9602122015915119
QCOM,residual_level,1387,0.919761273209549
QCOM,residual_volatility,1427,0.9462864721485411
QCOM,trend_r2,1427,0.9462864721485411
QCOM,trend_score,1427,0.9462864721485411
QCOM,trend_slope,1427,0.9462864721485411
TXN,displacement_score,1387,0.919761273209549
TXN,dollar_volume_zscore,1448,0.9602122015915119
TXN,relative_volume,1448,0.9602122015915119
TXN,residual_level,1387,0.919761273209549
TXN,residual_volatility,1427,0.9462864721485411
TXN,trend_r2,1427,0.9462864721485411
TXN,trend_score,1427,0.9462864721485411
TXN,trend_slope,1427,0.9462864721485411
