timestamp,AAPL,MSFT,NVDA,SPY,XLK,QQQ
2019-01-09 10:15:00-05:00,-6.586964399835878e-05,-0.002403385121502991,-0.009737447151632791,-0.0020170290579995913,-0.002847877883966624,-0.0027435714793248283
2019-01-09 10:30:00-05:00,0.005517980236263057,0.0018270992677783815,-3.50723366980424e-05,0.0011641670730209914,0.003005855767391523,0.0026813011013235317
2019-01-09 10:45:00-05:00,-0.002525295276382895,-0.007425299304053981,-0.012173971343878725,-0.005405418566908159,-0.006179705928285279,-0.005682897952046093
2019-01-09 11:00:00-05:00,0.0015421721429623267,0.00453887790331609,0.0014190941466903297,0.0018699239948758927,0.002698414335773164,0.0021583079743249614
2019-01-09 11:15:00-05:00,0.0022924522893772578,0.004422446279135566,-0.0015611143848128786,0.002254836216310602,0.002691152486928243,0.0024965685168009083
2019-01-09 11:30:00-05:00,-6.542575814440258e-05,0.0010546501456948406,0.008556126302692667,0.0013776111301013816,0.0012639230689629893,0.0014015855782055413
2019-01-09 11:45:00-05:00,0.00124235802424567,-0.001726370735197079,-0.002396814795157445,-0.0006400620884763705,-0.0009477925044080151,-0.0012457568025486742
2019-01-09 12:00:00-05:00,0.005181612023608991,0.0023011659802220493,0.002783995595826821,0.0017446598462525318,0.002683082417690266,0.0024277900371036704
2019-01-09 12:15:00-05:00,0.0,-0.0015335221292553636,0.002109260431867402,-3.873716831783365e-05,0.00015760441324956826,0.000248671164751596
2019-01-09 12:30:00-05:00,0.0011045417275260519,0.0010545490383858473,-0.002038880025743269,0.0002517647755646371,0.0003151343286145627,0.000497156894309196
2019-01-09 12:45:00-05:00,-0.0002273059385345252,0.0010534381361092604,-0.0045850607606507075,0.0008323091250557629,0.0004725153655405821,0.00012425061364707154
2019-01-09 13:00:00-05:00,-0.0007472263631249183,0.0019125035712281768,0.002048240289480759,0.0011408793742482511,0.0014162079471649665,0.0013657387975051175
2019-01-09 13:15:00-05:00,-0.0009754829413707925,-0.0007645625641233992,0.007276082646020868,-0.0010634904756472228,-0.00047184650136200594,-0.0006205591436848763
2019-01-09 13:30:00-05:00,0.0005854039454288299,0.0006690242053995518,-0.007029164709705942,0.0002708139911320785,0.0,0.00037238169553663455
2019-01-09 13:45:00-05:00,0.002500366615769403,-0.0001911041045420273,-0.0015883944674904412,-0.0005029986563780674,0.0,6.205013653032244e-05
2019-01-09 14:00:00-05:00,-0.0017853379841611609,-0.0015301490098797764,-0.00021197668335872942,-0.0008518052978496508,-0.001259346880331005,-0.0012106726919962646
2019-01-09 14:15:00-05:00,0.0018501993430294088,0.0011478312035502652,0.0013417607323547263,0.001664215880658397,0.0014166537864285793,0.0013968000036141117
2019-01-09 14:30:00-05:00,-0.0067029177523318445,-0.003543386201211211,-0.0044913696352509355,-0.0036804628559436656,-0.0037822123725875737,-0.0041028248893432324
2019-01-09 14:45:00-05:00,0.004072661815647796,0.0008630610432157319,0.003361585586255073,0.0020162469752852113,0.0020504739045446693,0.002115678583881722
2019-01-09 15:00:00-05:00,-9.754987244966898e-05,-0.0005752912570574448,0.00225829312630196,0.0,0.0,0.0006835270259291561
2019-01-09 15:15:00-05:00,0.0017869040963856522,0.0004794323612783803,0.0026048098081960435,0.0006969855657658587,0.0006300701161421552,0.000962359406830076
2019-01-09 15:30:00-05:00,0.0007138685487144917,-0.0006712696838176743,0.004629637898741755,0.00011611704611274497,-0.0001574803152859366,-0.0002172260245316766
2019-01-10 10:15:00-05:00,0.0040889063102470214,-0.00029157352718960365,0.006460016146027005,0.0010154069334300036,0.002705284908970171,0.001822295339020394
2019-01-10 10:30:00-05:00,0.0008223549418230224,0.006201870743440889,0.0003149110402343718,0.0036236158878655065,0.004123390189264571,0.00494740488094722
2019-01-10 10:45:00-05:00,-0.000592027382112357,-0.0009665104893879761,-0.002031168619878338,-7.778923012022483e-05,-0.0006332621125107548,-0.0004998906593302726
2019-01-10 11:00:00-05:00,0.003612483403130041,0.001256281572261773,0.008795254239995538,0.0017293814486280023,0.0020566373330544096,0.0024346101044889624
2019-01-10 11:15:00-05:00,-0.001738931159849726,-0.00028977108287370787,0.003988144905610998,0.001377477494282223,0.0004740085410287042,0.00043635457617957396
2019-01-10 11:30:00-05:00,-0.0005255551296897278,-0.002514872921919881,-0.0052398835947819414,-0.0011639412359848987,-0.0026890240815729237,-0.001871433127828502
2019-01-10 11:45:00-05:00,0.0027560881019799838,0.0017417392762575168,0.0015296901884239696,0.0016291386625287504,0.0020569627505833514,0.001746779819680022
2019-01-10 12:00:00-05:00,0.0025851222695223094,9.667440069392352e-05,0.00211684357151464,0.0004649811185200504,0.0011058452943687506,0.0009345212816437542
2019-01-10 12:15:00-05:00,-0.0011117652050900454,-0.0028073590557973834,0.0003465964265944086,-0.0012404304333021889,-0.0012639230689630197,-0.0011838745229692735
2019-01-10 12:30:00-05:00,0.0017325078292007648,-0.0010669254164373501,0.0028375685175648867,0.0010467145751165197,0.00047415837777890996,0.0012461449009705358
2019-01-10 12:45:00-05:00,-9.798637997170276e-05,-0.0001941087985906557,0.0006908701784346347,-0.000891576598968032,0.0,-0.00031139067325156153
2019-01-10 13:00:00-05:00,0.0023490272130623196,0.0021331272935561437,0.0021386693215538753,0.0016274973076786734,0.0018943884424512968,0.0021777012090560266
2019-01-10 13:15:00-05:00,-0.005850167840987776,-0.004562671734495039,-0.0069154177604304895,-0.004073720473634952,-0.004267431796219244,-0.004859671256756464
2019-01-10 13:30:00-05:00,0.0016702969478455403,0.000680867646184319,0.0001387780594114291,0.0009326002735429107,0.000949893208445991,0.0009987828165729134
2019-01-10 13:45:00-05:00,-0.0018014186945751963,-0.002823760396259514,-0.008780850174843815,-0.0022163474349846477,-0.0028523908096345883,-0.0031245143369754845
2019-01-10 14:00:00-05:00,0.0015068630623418947,0.0029696003129032035,0.0022722912715356777,0.0021386639562792076,0.002219228936483586,0.0025628217552726624
2019-01-10 14:15:00-05:00,0.003757253460342637,0.0020880382461935703,0.006196281181785604,0.00325752134954764,0.0036352181647515288,0.0033654327361320588
2019-01-10 14:30:00-05:00,-0.0016971837358227472,-0.0005822698985412988,0.0007978493181887042,0.0003483915956733674,0.0,0.0002488413338293394
2019-01-10 14:45:00-05:00,0.0006531038993865729,0.0013581027454867434,0.0013514217972384868,0.0005417013423492269,0.0006308650946554475,0.0006218325605342128
2019-01-10 15:00:00-05:00,0.00013056961010863988,9.693679728403759e-05,-0.000831428025446778,-0.000928810608772635,-0.0006308650946554147,-0.0005596319011871247
2019-01-10 15:15:00-05:00,0.0006199729368306545,0.0027104222585133844,0.00404669812931006,0.0009674923355296112,0.0014188872000520324,0.001181078026273527
2019-01-10 15:30:00-05:00,0.0017599326642810846,-0.0012574967801386062,0.001345268480421999,0.00038673499466832656,0.00031503505025452035,0.000558971507008081
2019-01-11 10:15:00-05:00,0.0011097693471778945,0.002048581342717846,0.0013032892745749416,0.0009702709757550203,0.0022087253595559106,0.0016218074228172127
2019-01-11 10:30:00-05:00,-0.0069727756116603565,-0.0053742556555237495,-0.010024024273150077,-0.002213593136892073,-0.003789378498266575,-0.003558944815428693
2019-01-11 10:45:00-05:00,0.0037706817140578815,0.0030326769476861576,0.005868156293840049,0.002174800367859225,0.0030011079230018224,0.0030602072345661245
2019-01-11 11:00:00-05:00,0.00039264446548548223,0.001073904232858078,0.00161631481101785,0.0014343311499208466,0.0012609348348917653,0.000934929013501186
2019-01-11 11:15:00-05:00,-0.004919171694421839,-0.002246752923233333,-0.0032007736710212746,-0.0016671193718879956,-0.0026813896191830236,-0.002620007113036186
2019-01-11 11:30:00-05:00,-0.0004603597463831821,-0.002742008279236184,-0.001138225526008028,0.0011246413967517183,-0.0007900142613446876,0.0001873711828603842
2019-01-11 11:45:00-05:00,0.0014461318499999353,0.0002941464870703236,0.002653847048612274,0.0008910584813964723,0.0011058452943687506,0.0015600627189021842
2019-01-11 12:00:00-05:00,0.0008535504933692239,0.0023500622810854583,0.0014102191616004191,0.0007741885922908684,0.0012623275837971393,0.0005610273180440496
2019-01-11 12:15:00-05:00,0.0014755794325578724,0.0007821284066887233,0.005928634078470877,0.0,0.0006305667427346228,0.00018693918299709567
2019-01-11 12:30:00-05:00,-0.0008522914041128144,-0.0016627546866914218,0.002116186194879862,7.7385904196023e-05,0.0006301693788690301,0.0006228783408585531
2019-01-11 12:45:00-05:00,0.0002623208855255087,-0.0004895721237507311,0.008014441648172011,0.001430560095501388,0.0007871536930368973,0.0009957990553697013
2019-01-11 13:00:00-05:00,-0.00045910671758074247,-0.0006858038869754763,0.009426092347820185,-0.00030913693080006984,0.0,-0.0003733084504389655
2019-01-11 13:15:00-05:00,-0.002890650109262702,-0.0031411068771339166,-0.009493742192251263,-0.0021666384967727378,-0.003468120446294777,-0.002866670707105191
2019-01-11 13:30:00-05:00,-0.0009873618495658887,0.0013754484656057625,0.00287109011464192,-0.00023241850930681062,-0.0001579279851672912,0.0
2019-01-11 13:45:00-05:00,0.0007899674549256075,0.0011774519341011893,-0.00047231875646113977,0.0008519372405223495,0.0012627260773394203,0.0006550729392796442
2019-01-11 14:00:00-05:00,-0.002042026926564389,-0.002159722039110394,0.00010122994390366408,-3.870867849048811e-05,-0.0009468950443153623,-0.0007174832245150912
2019-01-11 14:15:00-05:00,0.0019433151156159393,0.0010804440693527046,0.004981330350204162,0.0007738890242486604,0.0007891414550943408,0.0015902468233349994
2019-01-11 14:30:00-05:00,-3.2906102439592595e-05,0.00264706036917499,0.0019118861375789504,7.735597288656991e-05,0.00047318612870285285,0.0002180719334486553
2019-01-11 14:45:00-05:00,0.00105245857437238,0.002151695289545122,-0.0007710229845094511,0.00023203202145995593,0.0006305667427346228,0.0004982716306260494
2019-01-11 15:00:00-05:00,0.0002300777344202817,0.0007812881885777054,-0.0006038242384068113,-0.0013542797302810803,-0.000945999282216373,-0.0010591241411211992
2019-01-11 15:15:00-05:00,0.00045999672242040394,0.001073275544533855,0.0039852031109630865,0.0007354079910320723,0.0014186635418433906,0.0011525224382269615
2019-01-11 15:30:00-05:00,-0.0005585949838842299,-0.0014638433374203333,-0.0013043261995324977,-0.0006966888211663038,-0.0009455520364092178,-0.0009655366486020113
2019-01-14 10:15:00-05:00,0.0001666361170978502,0.0027579431418778442,0.004490444265754715,0.0019228720805634474,0.0012737841066291578,0.0020122629019254244
2019-01-14 10:30:00-05:00,0.0012322450063047838,0.0003933716921455853,0.002556943828250437,-0.0005822981530994262,0.0009542744262935019,0.0011301209804275123
2019-01-14 10:45:00-05:00,0.0009980040748513695,0.002651219149171471,0.0040909452802492365,0.001474497289051169,0.0022231053220954414,0.0023816250171894756
2019-01-14 11:00:00-05:00,-0.0020969601772602396,0.00039217609208950935,0.001404494612898402,-0.00023267086871791196,-0.00047596383573466147,0.00018778167306066532
2019-01-14 11:15:00-05:00,-0.002335124655837429,0.0007838910792862707,0.002369787995106174,-0.0007953675114004307,-0.0009526078357912822,-0.0010019099745409486
2019-01-14 11:30:00-05:00,-0.001035871310443673,-0.0007838910792863535,0.0021978762718914396,-0.000912541685901973,-0.00015885623544119196,-0.0004386514671162772
2019-01-14 11:45:00-05:00,0.0029377420560529237,0.0015671681546293756,0.003784990740012638,0.0017079091973023158,0.0023801978866513206,0.0019411402463410672
2019-01-14 12:00:00-05:00,-0.001467792237365921,-0.00137113776929207,-0.006616485494743545,-0.000970045086155183,-0.0011100540308903505,-0.0012519171614135383
2019-01-14 12:15:00-05:00,0.0001669031131305292,-0.0009805364319467977,-0.00040038704615491093,0.0008924760981974752,0.00015865460924899282,0.0005009549558410719
2019-01-14 12:30:00-05:00,0.0011342030104694821,-9.810654378508547e-05,0.005292162328956855,0.0006785247194847222,0.00047581285592375347,0.0
2019-01-14 12:45:00-05:00,0.0007665261744068966,9.81065437850262e-05,0.0007963897421181601,-0.0001356681172314034,0.0,0.000250383400888612
2019-01-14 13:00:00-05:00,0.0014647627373395866,-0.00029434851075946136,-0.0003981155914835671,-0.0004652876142956947,-0.00031718341396670284,-0.0005634508381711425
2019-01-14 13:15:00-05:00,-9.980205933195012e-05,0.0004905327283685094,-0.0014278838202822063,0.000891611161563404,0.0004757374019317629,0.0006886190330963782
2019-01-14 13:30:00-05:00,-0.0016315118407492896,-0.0012758859322350873,-0.002795249898304401,-0.0001162520345414358,-0.0004757374019317509,-0.0003129498679857832
2019-01-14 13:45:00-05:00,0.0007994404343030429,0.0003927536993881638,0.004521735270215627,0.000697309575584892,0.0007927699796842018,0.0008134660357217201
2019-01-14 14:00:00-05:00,-0.0007994404343029688,-0.00117872416771196,0.000199018177650253,-0.0009686168909190954,-0.0009513994216412868,-0.001001282977362019
2019-01-14 14:15:00-05:00,-0.0011336357575754872,0.00029481132289002496,-0.0022246211548624883,-0.0006591958050175626,-0.0006347695206395742,-0.0006889640758557736
2019-01-14 14:30:00-05:00,0.00033355570689512585,-0.000589709585127397,-0.0040301818168149445,-0.0006984459861374574,-0.0006351727089292633,-0.0009402620889561174
2019-01-14 14:45:00-05:00,0.0004001200413489556,0.0024548323403953292,0.0028660954099379494,0.000931152950943436,0.0014285716715259137,0.0010029148049718792
2019-01-14 15:00:00-05:00,6.66711114320682e-05,0.0021552788161889125,0.0007983766765845826,0.0010852503923615398,0.0011097020796351797,0.0009393200014339983
2019-01-14 15:15:00-05:00,-0.0005334933940009806,-9.78665101582771e-05,0.0022254339644849222,-0.0008525975674884421,-0.0006339646777034706,-0.0006887483836228909
2019-01-14 15:30:00-05:00,0.0004334850598900027,0.0016135739266046286,0.0022867000303812314,-3.877171216361202e-05,0.00047551118347247167,0.0003131262550636037
2019-01-15 10:15:00-05:00,0.004673674702240872,0.0011480508316690525,-0.004220389395999603,-7.718282685929682e-05,0.001726573965254509,0.0009589063017269647
2019-01-15 10:30:00-05:00,-0.004475752880714017,-0.0006695361321374126,-0.0012894481957215855,-0.000598368979876376,-0.0010983839171128575,-0.0014541856803700784
2019-01-15 10:45:00-05:00,0.0026681175964637146,0.0005739155545161572,0.002346216564600683,0.0014856120269311247,0.0006277956731343522,0.0008665779998215713
2019-01-15 11:00:00-05:00,-0.0006581329007830392,-0.0017227357469231314,0.0004949760037701072,0.0006938154343887917,-0.0003138485706420319,0.00018559762488312595
2019-01-15 11:15:00-05:00,-0.0030660206990433584,-0.0013419604218550206,-0.0031720883061441014,-0.0005395926206735966,-0.0009421371506338253,-0.0008045052726755286
2019-01-15 11:30:00-05:00,0.0017154926350167478,0.0002877145891142403,-0.0024188616641401517,-0.00011566488041567284,0.0003141443519119969,0.0002476090266141005
2019-01-15 11:45:00-05:00,0.003881966910715654,0.0020116876216164092,0.001723624013849143,0.0008671606813932254,0.0017260321247326042,0.0021948476282576484
2019-01-15 12:00:00-05:00,0.0017059252217961221,0.0020076488579009537,-0.0013919270491522795,0.0022126669729569818,0.001253427504486912,0.0021284151348261327
2019-01-15 12:15:00-05:00,0.0005243151253946029,0.00038195273799273053,0.003476191611930905,0.0014979837638893544,0.0015645782742581922,0.000985555532667889
2019-01-15 12:30:00-05:00,-0.000819363236768357,-0.0004774637218286586,-0.0010581311747145277,-0.0004990786344377843,-0.0006255375917480515,-0.0003078817758310859
2019-01-15 12:45:00-05:00,0.0006227772789254406,0.0008592706276263952,0.0026432315660417506,-0.000729870960489434,-0.00015644555726517946,-0.0002463736885363378
2019-01-15 13:00:00-05:00,0.0007533697272420433,-0.00019088523083493562,-0.0005941182470034732,-0.0005381407367861724,-0.00015647003630745127,-0.0004313000683002915
2019-01-15 13:15:00-05:00,0.000458295150092976,0.0009540619909870158,-0.00046233612659350205,-0.0006153728007120274,0.0,-6.16294835643942e-05
2019-01-15 13:30:00-05:00,6.545359342564543e-05,0.0009531526242275167,-0.0005947464242717583,0.0006153728007120663,0.0003129155935725513,0.0006161239836321616
2019-01-15 13:45:00-05:00,0.0017002914209734484,-0.00019055785870640364,0.0037936938302863482,0.0003844157888459428,0.0006255375917480597,0.0005541872063017588
2019-01-15 14:00:00-05:00,0.00019600156863988592,-0.0006672386102090679,-0.003760643080857639,-0.00019218942248587235,-0.0005473239903628962,-0.0006157825250771517
2019-01-15 14:15:00-05:00,-0.0005554375847304209,-0.0016222925592545552,0.0021789378049764728,-0.00030757992514542554,-0.00023465915865027672,-0.0006777990277358853
2019-01-15 14:30:00-05:00,-0.004093601695011413,-0.004115232145106655,-0.007248447179370747,-0.0036211685080952535,-0.003919114594586167,-0.004571718956357298
2019-01-15 14:45:00-05:00,-0.0003282132102459495,9.589566558942687e-05,-0.0033940071844375153,0.0009643574269968668,0.00031409501632382756,0.0004952487178327587
2019-01-15 15:00:00-05:00,0.0023279843948207503,0.0017245513256158617,0.0015653364505810912,0.001271529474286633,0.0017257613319837449,0.001978545796460297
2019-01-15 15:15:00-05:00,0.0022572265337407285,0.003153973750908912,-0.005874320153256608,0.0016928615319569966,0.0014097746695800138,0.0016663584674251007
2019-01-15 15:30:00-05:00,-0.0002941320674177371,-0.0008591885970074017,0.0003346944271154147,-0.000576789987535811,-0.0006263211666420874,-0.00024669277623654457
2019-01-16 10:15:00-05:00,-0.0002898877510516189,-9.42507069501576e-05,0.002930670388740558,0.0009367503098565996,0.0,0.0005505260721379298
2019-01-16 10:30:00-05:00,-0.0031620069581090493,-0.004061206941947564,-0.005010393841990071,-0.0011089019184646577,-0.0023368136510159426,-0.002510410331397133
2019-01-16 10:45:00-05:00,-0.0010670116605257785,-0.005694505968481277,-0.006830718249682861,-0.0023365391562426723,-0.0031242702910940735,-0.0036851683138725048
2019-01-16 11:00:00-05:00,0.002391108803712863,0.0004757826714549954,0.0019279357121789287,0.0017050629160790193,0.0015633552781572331,0.0011069771432672799
2019-01-16 11:15:00-05:00,0.001419034649705452,0.0026602077347690155,-0.00016605503101858594,5.742341154061243e-05,0.0012489268659556458,0.001535438208549703
2019-01-16 11:30:00-05:00,-0.000709265617456804,0.0013274548007228947,-0.00019930244211487162,0.0008800796466110293,0.0004679457268356246,0.0004908427254421728
2019-01-16 11:45:00-05:00,0.000322455826346204,-0.0008531614888533328,0.00026572776347157237,0.000152978296502542,-0.00015595757985429343,-6.134216662464743e-05
2019-01-16 12:00:00-05:00,-0.0021947528417517233,-0.0018035125913660062,-0.004760566275520121,-0.0018755986359669228,-0.0026550070257957683,-0.0030103850221088646
2019-01-16 12:15:00-05:00,0.0005168459591100683,0.0007597702060720935,0.00043371645632919834,0.0005362443870720116,0.000625342004275732,0.0006151007421369358
2019-01-16 12:30:00-05:00,-0.0009046558078770843,-0.0012349198871580095,-0.0012683156468069675,0.00045940928431900153,-0.00031262212056093084,-0.0002152422252055862
2019-01-16 12:45:00-05:00,0.0014857883870267139,0.000475149681086084,0.00010018868878124266,-7.655355882086888e-05,0.0007813721291439065,0.00021524222520569294
2019-01-16 13:00:00-05:00,0.0012901979017740197,0.0013292192794964268,-0.00143699792468982,0.0004592334708825565,0.000624658410254825,0.0009219422902565506
2019-01-16 13:15:00-05:00,-0.0018067435145508188,-0.001804368960582407,-0.000903357540061333,-0.0006123581721100809,-0.0012497072625446532,-0.0009219422902564975
2019-01-16 13:30:00-05:00,0.0009037797974857688,-0.0007607093981635199,3.347224314553097e-05,0.0003444976110627037,-0.00015632327685416493,-0.0002459948968463183
2019-01-16 13:45:00-05:00,0.001031892000885882,0.0003804270339285475,-0.0015744078287739497,0.0,0.00015632327685423424,-0.00018453589275473008
2019-01-16 14:00:00-05:00,0.0008376289149541766,0.0003802823642350553,0.0010387174449981182,0.0004208915309885493,0.0003125732619027042,0.0004920200597427368
2019-01-16 14:15:00-05:00,-0.0015469402678814535,0.000570152531242981,0.0022078756501831315,0.00034423408257322854,0.0001562500003178178,0.0004917780950502842
2019-01-16 14:30:00-05:00,0.0010315593577781442,0.0020877824902680348,0.00026729034572773355,0.0007645406439037678,0.0010930669420620078,0.0008600301540639249
2019-01-16 14:45:00-05:00,0.0003221441945262258,0.0005686395452471285,0.0009015778221518088,0.00022924825776196237,0.000935964501679045,0.0004911139176028687
2019-01-16 15:00:00-05:00,-0.0004188076928533584,-0.0018967239789403252,-0.006294593388783028,-0.0009937889016658848,-0.001404275468714496,-0.0014126031092375516
2019-01-16 15:15:00-05:00,-0.00035451279034461036,0.001233279731308875,0.0017114959628564976,0.0001911899669330349,0.0004683109670353683,0.00018436578223318518
2019-01-16 15:30:00-05:00,0.000708899945908314,0.0010423577178024037,0.0034810585426643123,0.0007643945412231035,0.000935964501679045,0.0006757172073557541
2019-01-17 10:15:00-05:00,0.000975260959586236,-0.0049165702026343966,0.001147253466365226,-0.00022987184745779132,-0.0010949477083318148,-0.0003074463530334494
2019-01-17 10:30:00-05:00,0.00022742409818786154,-0.0006636958620416612,0.002593336246218708,0.00045969086599305045,0.0003129645593186742,-0.00018451319321689504
2019-01-17 10:45:00-05:00,-0.0009100068878502789,-0.0016136690734596401,0.004664516251170153,-0.00045969086599310753,-0.0009391876717597678,-0.0007691716401062461
2019-01-17 11:00:00-05:00,0.0006175949748547884,0.0009495324266576043,0.004876103442630034,0.00047884006699324224,0.0007827176354523555,0.0007076596760097729
2019-01-17 11:15:00-05:00,0.000649688172540688,0.0005692869834473997,0.002196486506091581,0.0010526417492719394,0.00015647003630753532,0.000737893961229075
2019-01-17 11:30:00-05:00,-0.0006821836637940342,-0.0006641996638528111,-0.0007316262381555695,0.00026776834373122864,-0.00015647003630745127,0.00018438844551323067
2019-01-17 11:45:00-05:00,0.004280300967303662,-9.492168967733976e-05,0.0024919854073544357,0.00045886470032522437,0.000782105467678839,0.0003072385424191496
2019-01-17 12:00:00-05:00,-0.0024621776782544763,0.0015176668789266112,-0.0024587180542682756,-0.0002676454860359803,-0.00031276878822487827,-0.0006760494388147168
2019-01-17 12:15:00-05:00,0.0005512768684404826,0.0005685317820262982,0.0016287460596759748,0.00026764548603600366,0.0007817386264275484,0.00043026615698503354
2019-01-17 12:30:00-05:00,0.0001944957703299783,-0.0005685317820262409,-0.004393709428201027,3.8229222422453884e-05,-0.0004689698382028408,-0.0001229142981604039
2019-01-17 12:45:00-05:00,0.000129642834174042,-0.00042661105569624907,-3.3359464917301574e-05,-0.0001529256593121231,-0.00046918987410619905,-0.0001843997792428252
2019-01-17 13:00:00-05:00,-3.240913289640506e-05,-0.0012809262372435138,-0.002070463254251462,-0.000994587232686513,-0.0007824726533818058,-0.0010455748538495757
2019-01-17 13:15:00-05:00,0.0011984389339873755,0.0007118282421816937,0.0020371026764432233,0.0010710529856244985,0.0010952903614149653,0.0008611410650567598
2019-01-17 13:30:00-05:00,0.0013263244968987717,0.0009009223208293883,0.002665335577547346,0.0011080968616932324,0.0009378664227894781,0.00086040013911859
2019-01-17 13:45:00-05:00,0.0005817335824321103,-0.0006637587954676427,-0.001531699819971762,-0.0006494250906324479,-0.0006251465390745708,-0.0009833748987042809
2019-01-17 14:00:00-05:00,-0.0008080547331097526,0.0012323444539983665,0.003393216828619606,0.0006494250906323909,0.0006251465390745436,0.0005532673651919642
2019-01-17 14:15:00-05:00,-9.7010461037346e-05,-0.0007581860762197113,0.003381741834344315,-0.0004583739265496815,0.0,-6.145903757081211e-05
2019-01-17 14:30:00-05:00,-0.0015858378325517095,0.0,-0.0027509421919072892,-0.0003821388356877324,-0.0007814942567164121,-0.0004918083276213177
2019-01-17 14:45:00-05:00,0.010984342754057725,0.006049453677202359,0.010630320301756112,0.005754808366642331,0.007166814192131438,0.0065580034004933535
2019-01-17 15:00:00-05:00,-0.0018919054560053048,-0.0018865260511848215,-0.006027586965289911,-0.0020161297151845485,-0.001553639712809233,-0.0023240889944894285
2019-01-17 15:15:00-05:00,-0.0023136257107061837,-0.0012281532011390252,-0.003276033307706324,-0.0014671000735668692,-0.0015560572656595987,-0.0011640731617156095
2019-01-17 15:30:00-05:00,0.0020247150623394676,0.0007559650726188712,0.006014360021688558,0.0017716821322311688,0.0018669783719343913,0.002020945020001376
2019-01-18 10:15:00-05:00,0.005224106424386486,-0.003389674165026556,0.004420184003864279,1.890198376367647e-05,0.0004634636264019393,0.0003045437957514416
2019-01-18 10:30:00-05:00,-0.0021627819250833375,0.0025433321923709977,0.005562397111340078,0.000887990460496747,0.0018517095021724048,0.0015821343854618716
2019-01-18 10:45:00-05:00,0.0013999811380085336,0.005909406559947102,0.007197974522326264,0.0025085596489147974,0.0035395543263845143,0.0033385972494161826
2019-01-18 11:00:00-05:00,-0.0015910396024797835,0.0003740240354042457,0.005714939807674512,0.0007908711292352024,0.001228218470205238,0.0013928422284473733
2019-01-18 11:15:00-05:00,-0.0003185119150382147,0.0024277522545674882,-0.0010830095981157603,0.0006021489371486843,0.0007668712032263701,0.0011189235309684998
2019-01-18 11:30:00-05:00,0.0011779876877568846,0.0024218725451550056,0.0031502102324961617,0.001541353688617109,0.0018380950262071797,0.001540250670690843
2019-01-18 11:45:00-05:00,-0.0005410652752185208,-0.001117058529003548,0.0009843926933721077,-0.00011270145396790796,-0.00015304560788965458,-0.0006037371511907265
2019-01-18 12:00:00-05:00,0.001526960691154266,0.0,0.0009834246172862875,0.0011639696429228358,0.00030606779640537864,0.00048301887731552734
2019-01-18 12:15:00-05:00,-0.0014951252168826832,0.0014891342507045175,-0.0015548894877496634,0.0010876496590356316,0.0009176417253243342,0.0009653383958792065
2019-01-18 12:30:00-05:00,0.0001273317630801171,0.0015797791595184333,-0.0012710923571001669,7.496673354728162e-05,0.0001528584533702918,0.00042204269286772323
2019-01-18 12:45:00-05:00,0.0019080333970285677,0.0006497726024586751,-0.002228306772921137,-7.496673354729986e-05,0.0004584352158528375,6.027727548538575e-05
2019-01-18 13:00:00-05:00,0.0004446844401962324,0.001112914559571332,0.0007327057877056447,-0.00018744142510349345,0.0,-0.00030142271749784665
2019-01-18 13:15:00-05:00,-0.0020981029408777656,-9.26955877562636e-05,-0.0046282340551734415,-0.0008251599215460096,-0.001070009273597081,-0.0012066002489502675
2019-01-18 13:30:00-05:00,0.0009860208499375062,-0.002041479853447135,0.0016622450523690261,-0.001013627747559467,-0.0009180629517892416,-0.0010267561450436821
2019-01-18 13:45:00-05:00,0.0002542992480088059,-0.001673407167799746,-0.0008947116749594592,-0.00013147144740832843,-0.00045934773430564567,-0.0004835443897294308
2019-01-18 14:00:00-05:00,0.0007307503224353615,0.0006511022460510356,0.0034784863782962826,0.0009949969375234447,0.0010714833414529636,0.0004835443897293637
2019-01-18 14:15:00-05:00,-0.0021301971333189374,-0.0013026287024562038,-0.004054081175462045,-0.0005255354012734173,-0.0013778324286308691,-0.0010278114568660042
2019-01-18 14:30:00-05:00,-0.002198538380188605,-0.0013043277574710814,-0.0022736379981038502,-0.0013526463201995924,-0.0013797334704505218,-0.0021800353806073385
2019-01-18 14:45:00-05:00,-0.0021074823395645873,-0.001959687077328577,-0.0054005531800002775,-0.000940415356698033,-0.0010744436950754278,-0.0013042359179047784
2019-01-18 15:00:00-05:00,0.0017565435747767578,0.0030777864251173887,0.0041815494041182516,0.0012411615855394843,0.0016878936031253363,0.0016679053464059436
2019-01-18 15:15:00-05:00,-0.0007661123367656436,0.001767771208405468,0.0009304266195708788,0.0003382314286819075,0.0006130738179610158,0.0001817851304772135
2019-01-18 15:30:00-05:00,-0.0019178525936003497,-0.00139534906360444,0.00038475103876470484,-0.0004885932370660152,-0.0009197517318878708,-0.0006667070978518992
2019-01-21 10:15:00-05:00,,,,,,
2019-01-21 10:30:00-05:00,,,,,,
2019-01-21 10:45:00-05:00,,,,,,
2019-01-21 11:00:00-05:00,,,,,,
2019-01-21 11:15:00-05:00,,,,,,
2019-01-21 11:30:00-05:00,,,,,,
2019-01-21 11:45:00-05:00,,,,,,
2019-01-21 12:00:00-05:00,,,,,,
2019-01-21 12:15:00-05:00,,,,,,
2019-01-21 12:30:00-05:00,,,,,,
2019-01-21 12:45:00-05:00,,,,,,
2019-01-21 13:00:00-05:00,,,,,,
2019-01-21 13:15:00-05:00,,,,,,
2019-01-21 13:30:00-05:00,,,,,,
2019-01-21 13:45:00-05:00,,,,,,
2019-01-21 14:00:00-05:00,,,,,,
2019-01-21 14:15:00-05:00,,,,,,
2019-01-21 14:30:00-05:00,,,,,,
2019-01-21 14:45:00-05:00,,,,,,
2019-01-21 15:00:00-05:00,,,,,,
2019-01-21 15:15:00-05:00,,,,,,
2019-01-21 15:30:00-05:00,,,,,,
2019-01-22 10:15:00-05:00,-0.001223281120868432,-0.0018718710131342682,-0.0088196518652295,-0.002745823814853154,-0.002319110501366978,-0.002875323160465602
2019-01-22 10:30:00-05:00,-0.00028994378515322995,0.00023417558592375858,0.00473330576049135,0.0015916027385488877,0.0009282896930239779,0.0008573441230624532
2019-01-22 10:45:00-05:00,0.0,-0.00023417558592374188,-0.0019501881996869465,-0.0004166035509429578,0.0,-0.00018365472962544882
2019-01-22 11:00:00-05:00,0.0,0.00028100412324297085,-0.00023163084764633225,-0.0007958163221282653,-0.00030933416069077707,-0.00042865891654557083
2019-01-22 11:15:00-05:00,0.0021564565237354514,-0.001405810915687106,9.927693308620066e-05,0.00041693515367283244,0.0,-0.00030629747850339383
2019-01-22 11:30:00-05:00,-0.002027582240420276,-0.00046904316056912434,0.003072706562430682,0.0001705142904581027,-0.00015470297060581783,0.0003675457176356872
2019-01-22 11:45:00-05:00,-0.001967139736876243,-0.0016903793291141512,-0.00539174023382983,-0.001820319816991821,-0.0020133195588110013,-0.0022073033886116367
2019-01-22 12:00:00-05:00,-0.0020680525676096944,-0.0023524994381945857,-0.0008295313623754336,-0.0021469224620063745,-0.0021727330655019962,-0.0024582871981022663
2019-01-22 12:15:00-05:00,0.0024876036541080816,-0.0003769140209521702,0.001028516538636268,0.00064646159607724,0.0003106796141490973,0.0004306367338160702
2019-01-22 12:30:00-05:00,-0.00041955108649820665,-0.0007542545023586239,-0.002689646488712837,-0.0006845017665017763,-0.0007768800887933991,-0.0004306367338160467
2019-01-22 12:45:00-05:00,0.0023858664915807504,0.0016962733181940543,0.00229163653321,0.000608469148472211,0.0012427186065344163,0.0010455105503411844
2019-01-22 13:00:00-05:00,-0.0032578046715109,-0.0012247975904597942,-0.002590933188310074,-0.0003422183386378954,-0.0009318941421470687,-0.0012301259354808092
2019-01-22 13:15:00-05:00,-0.0029767704631969635,-0.003021292955850719,-0.00510179669087694,-0.003447720969022449,-0.003580327610407257,-0.003946602723783516
2019-01-22 13:30:00-05:00,-3.240493203350333e-05,0.00028363430274295815,-0.004959961909412158,0.0006294766967667788,0.0,0.00018534536071848208
2019-01-22 13:45:00-05:00,0.00012961342813247578,-0.003124410797702793,0.002416027483075554,-0.00011442083997368615,-0.000311939486269817,-0.0001853453607184646
2019-01-22 14:00:00-05:00,3.240073225946239e-05,0.0021786500992221724,0.0018751051869442398,0.0012769568236996472,0.0014029620383829793,0.0011732741867095174
2019-01-22 14:15:00-05:00,-0.00246545249130224,-0.0013255694787662644,-0.002881074019682972,-0.001486762372872327,-0.0015589682789489024,-0.0017913402776478149
2019-01-22 14:30:00-05:00,-0.001722933313098158,-0.003797052357366401,-0.0029230454061315537,-0.0010114987264434891,-0.001561402456342743,-0.001856493617774236
2019-01-22 14:45:00-05:00,-0.0019214804563600335,-0.000808734374851841,-0.004451346123937345,-0.0014522388045207378,-0.0014073497240773896,-0.0016117537506405337
2019-01-22 15:00:00-05:00,-0.001206882638541208,0.0007136230945822808,0.003677156880158982,0.0008410268668602388,0.00015647003630753532,0.00018610421889949432
2019-01-22 15:15:00-05:00,-0.0022545713613282637,-0.00047569214102201557,-0.003947573323126364,-0.0012235457583945107,-0.0014091124924375952,-0.0014276849104103064
2019-01-22 15:30:00-05:00,0.003428854694231791,0.004178345189186814,0.0019926043844536905,0.002292921612207844,0.002972467770594847,0.002853334442151298
2019-01-23 10:15:00-05:00,-6.467886943584409e-05,0.00028100412324297085,-0.0013672767284020756,-0.0007186897461065901,-0.0007708911883459703,-0.001287238132874827
2019-01-23 10:30:00-05:00,-0.004895375388814839,-0.003659227201849222,-0.008177462813756335,-0.0027281528013526563,-0.003708572588583157,-0.002825467928044502
2019-01-23 10:45:00-05:00,-0.0002925354720120567,-0.0020701018919239995,-0.0026639056747948904,-0.001974971682038044,-0.002169702517196238,-0.0020935323677319165
2019-01-23 11:00:00-05:00,-0.0008781202287979036,-0.0005653177707440034,-0.00594532072275954,-0.000646510766006211,-0.0006207806515803581,-0.0010484120602624618
2019-01-23 11:15:00-05:00,-0.002997916739578804,0.0026354196626680562,0.0010926248914172097,0.0007985702215460769,0.0007759156193130114,0.00030847060519761254
2019-01-23 11:30:00-05:00,-0.002025416392645669,-0.0024469448941696107,-0.0076402178718239285,-0.0025119425566308604,-0.0031072813007058343,-0.0032746399358101327
2019-01-23 11:45:00-05:00,-0.001177933517524484,-0.0010370510969974973,-0.004076455792049264,-0.0011820332345549912,-0.0015572688656709831,-0.0009906814840779008
2019-01-23 12:00:00-05:00,-0.003082272827485813,-0.0030230054668646893,-0.0032530169370955657,-0.003114285228969324,-0.003590948433292604,-0.003599470172312106
2019-01-23 12:15:00-05:00,-0.0019723872272043464,-0.0009465664013115922,0.00047016154273096816,-0.0010147134305466814,-0.0012520543149061425,-0.0010574770828686562
2019-01-23 12:30:00-05:00,0.002005227410455455,-0.0004736194083038778,0.0033184202607224947,0.0017033659942992242,0.0012520543149062945,0.0010574770828687243
2019-01-23 12:45:00-05:00,0.0009847043400546338,0.0022713301772468676,-0.0006025306468692229,0.0010702955801730975,0.001094263044941226,0.0012426606961182972
2019-01-23 13:00:00-05:00,0.0017045272426042609,0.00254909503589886,0.0009371130911037562,0.00146978848147567,0.0018730981828607152,0.0014891573502421704
2019-01-23 13:15:00-05:00,-0.0021639352706356247,-0.0017931299632800257,-0.0038880558448384644,-0.0011451038524401354,-0.0014044946128985581,-0.000930463437888664
2019-01-23 13:30:00-05:00,0.0032768650090774687,0.0009441534006375998,0.0005707475268665157,0.0009543442471157243,0.0015604278737787788,0.001302406534883455
2019-01-23 13:45:00-05:00,0.0015364250092574378,0.0012260682475255563,0.0022462502110967447,0.0013917090715113419,0.0012465915132051921,0.0012388121377410384
2019-01-23 14:00:00-05:00,0.0012404924386423901,-0.00037709168488315667,-0.000871080194452673,-1.905142933405466e-05,-0.00015573898178169917,-0.00037148252911496107
2019-01-23 14:15:00-05:00,-0.0010771818051241498,0.0008482564127854883,0.0027112533553756966,0.0011805028027455054,0.0006228104522064805,0.0012377388095013715
2019-01-23 14:30:00-05:00,0.0013707573947916584,-0.0002826721963607201,-0.002677736236504172,3.805754300956476e-05,0.000466853416509303,0.0
2019-01-23 14:45:00-05:00,-0.0027761011999082267,-0.0027366252806171948,-0.0049391112586787975,-0.002438607392645892,-0.0029604259701657616,-0.002539015483396043
2019-01-23 15:00:00-05:00,0.0014706605915538718,0.0011333051220077618,-0.0006738771776963355,0.000648335326474279,0.0006239763091460572,0.000557897361358601
2019-01-23 15:15:00-05:00,0.0009792401879252144,0.001414827627067731,0.0005391380660970557,0.001219256785514956,0.00124678579230377,0.0009910496645650574
2019-01-23 15:30:00-05:00,0.00328974451048562,0.0029176491285720974,0.004738628617951791,0.00239607614730912,0.0027995974425095997,0.003275854341814843
2019-01-24 10:15:00-05:00,0.0009143156331831418,0.003857739071070519,-0.0024135424082329577,0.0029242007773275006,0.0024613503696115286,0.002885030544471322
2019-01-24 10:30:00-05:00,0.0022821383751479244,-0.00018783752109710465,0.0012074993523091867,0.0014399669022187426,0.0018420451904413604,0.0010414753131542038
2019-01-24 10:45:00-05:00,-0.0043078194677349645,-0.0020685447646663106,-0.008419222484004065,-0.0015347743010590803,-0.0029181406055820316,-0.0028820230887940212
2019-01-24 11:00:00-05:00,-0.003768210628886019,-0.0020728325130412394,-0.0015384125337922802,-0.0009675492355155409,-0.0024640037106469542,-0.001782422106811228
2019-01-24 11:15:00-05:00,-0.001281145979479908,-0.0048691802066538215,-0.00359885996219199,-0.0015956540816972357,-0.001851995282025675,-0.0019088675746974009
2019-01-24 11:30:00-05:00,0.0003286554734286519,0.002886551158416366,0.007025001223708032,0.0004941650611832056,0.0021603279754421833,0.0014781513484964906
2019-01-24 11:45:00-05:00,0.003051333633788474,0.00245410477597156,0.0039876913097946,0.0017086881435510657,0.0024632450296513167,0.0025201316429691563
2019-01-24 12:00:00-05:00,0.002159828053429938,0.001695474432435205,-0.0007962671419081723,0.0008342972478086979,0.00138291355782686,0.0016561372858542004
2019-01-24 12:15:00-05:00,-0.002618573719775158,-0.0030161670445700097,0.0005415306336048053,-0.0015553872634940244,-0.0018443100593990307,-0.0018403219622098485
2019-01-24 12:30:00-05:00,0.0006552865474809393,0.0011321289949258679,0.004765544665144562,-0.0004936771451801071,0.0006151480393904589,6.13986615283555e-05
2019-01-24 12:45:00-05:00,-0.0019015152277283623,-0.0012265309585567153,0.0011720174293334829,-0.0007599795171323046,-0.001076757525968545,-0.0011672196926609925
2019-01-24 13:00:00-05:00,-0.0009521152450307292,-0.0008500189404891862,0.0005063932251521588,-0.0008937145842484871,-0.0012320013878313997,-0.0007994097092799312
2019-01-24 13:15:00-05:00,-6.569654766998638e-05,-0.001986191894795944,-0.005234534421098191,-0.001847003904901728,-0.002314101618919012,-0.0019088675746974009
2019-01-24 13:30:00-05:00,0.0005254515720240847,0.0009462976812143285,-0.0019102810737643883,9.528982407162392e-05,0.00015444015474709488,0.0006777572656240303
2019-01-24 13:45:00-05:00,-0.0028934063718417118,-0.0015145064185059251,-0.0032239043516003596,-0.0005909433342952714,-0.0009269989076344596,-0.0006777572656239591
2019-01-24 14:00:00-05:00,0.0011517895144155055,0.0009468352740690272,0.00586549338628934,0.002095318683472851,0.0018531392840900125,0.0020934034674522494
2019-01-24 14:15:00-05:00,0.0,0.0002838758535338367,-0.0021955302749829693,0.00028538541493739426,0.00046274873569872554,0.0006148738165251439
2019-01-24 14:30:00-05:00,-0.0009213254575575771,-0.00037851904875874765,0.0031803607890184315,0.0002472681635817706,0.0003083802352710509,0.00018438844551323067
2019-01-24 14:45:00-05:00,0.0005265756251346075,0.0018911641020127312,-0.0006034907356758311,0.0008744582718285428,0.0007705347892406428,0.000798623952018119
2019-01-24 15:00:00-05:00,0.0017094583208873324,-0.000377946808486292,0.0007622435737163687,3.8002584180321094e-05,0.00030804774983697543,0.0
2019-01-24 15:15:00-05:00,0.0009192685896383912,0.001227805216578183,0.0014910460703840417,0.0014430290919951064,0.0013850417726617003,0.0014113895322801823
2019-01-24 15:30:00-05:00,6.56297171595224e-05,0.0015090783340179108,-0.00034876900748281756,-0.0002656647326718419,-0.0007692308071614315,-0.00030665440289356997
2019-01-25 10:15:00-05:00,0.004117662264957788,0.002611089281313854,-0.0011644457260901384,0.0020303430357497365,0.0031982969693767037,0.0019719982726575966
2019-01-25 10:30:00-05:00,-0.001466369405246447,-9.31358853238426e-05,-0.006559103945206613,-0.00041325419477602007,-0.0010649628269566319,-0.0005760281503543126
2019-01-25 10:45:00-05:00,0.003153220328000658,0.0013031136948966013,0.008272955841697216,0.0016519930919158096,0.002280676068398162,0.0016362648338929381
2019-01-25 11:00:00-05:00,-0.0003816793939465961,0.0005579578886557036,-0.005735131151162078,-0.0006942555326748318,-0.000151883353876273,-0.0003633831006282829
2019-01-25 11:15:00-05:00,-0.0032820869102354773,0.000464727213494616,-0.0005525670128080451,-0.0007886583828172419,-0.0003038359309361249,-6.0576690108337775e-05
2019-01-25 11:30:00-05:00,-0.0018529172766689412,-0.0014878879389731124,0.0036024379729782535,-0.0008456819048875145,-0.0009120620834429077,-0.0007878310812920664
2019-01-25 11:45:00-05:00,0.003606828149295718,0.0018595142729755092,0.00816278387465144,0.0012400888440495755,0.002430319416005011,0.002059171608507042
2019-01-25 12:00:00-05:00,0.0005096515368006585,0.0013923700383706979,0.002342936159625803,0.0,0.0006066580909501408,0.0009675566926630535
2019-01-25 12:15:00-05:00,-0.0021997299058949746,-0.001763996372373181,0.0062636022242283425,-0.0006762214507169193,-0.000606658090950175,-0.0012701102469495154
2019-01-25 12:30:00-05:00,0.0017537990177918352,0.0011144649400540389,0.011812719502442608,0.001689697007604889,0.0019702946658936684,0.00130033131405765
2019-01-25 12:45:00-05:00,0.0005733031975352222,-0.0012073931066483314,-0.0011970767558533441,-0.0011261473815394332,-0.0007573462949088769,-0.0002720224888695769
2019-01-25 13:00:00-05:00,-0.0010513070625344702,-0.0025123303434964528,0.0053442440934675,-0.0010522163275161441,-0.000757920303069951,-0.0008467657081994908
2019-01-25 13:15:00-05:00,-0.00028691203155209384,-0.0005591538284633908,-0.00012541937118644902,-3.759963904803255e-05,-0.0003033290384974939,-0.00048418823763296304
2019-01-25 13:30:00-05:00,0.0020702951990349086,0.0,0.006064792879746423,0.0008644342252874536,0.001212764493372305,0.0011495645022006457
2019-01-25 13:45:00-05:00,0.0018754873021327137,-9.322270911949242e-05,-0.001746888799354297,0.0,0.00015149219844153296,0.00024184528066136242
2019-01-25 14:00:00-05:00,0.0012378006817262105,-9.32314004031694e-05,0.00037459029624838374,3.75671512872695e-05,0.00030291556460308885,0.00024178680566306712
2019-01-25 14:15:00-05:00,0.0009511128736777104,-9.324009330755456e-05,0.002244599876215738,3.756574004942373e-05,0.0003028238345497794,3.021924059277974e-05
2019-01-25 14:30:00-05:00,-0.002061889103025944,-0.0029882825617857144,-0.00806657700713699,-0.0021058576927693888,-0.002880535648526862,-0.0028143033509053605
2019-01-25 14:45:00-05:00,0.002315366497368081,0.0014018693884623548,0.005447386834673053,0.0011662905761451222,0.0013654986190926963,0.0015745650490064705
2019-01-25 15:00:00-05:00,-0.0013314736940423784,-0.00046707147042487614,0.0005930365203378657,0.00015039007453864102,-0.00015163002303526338,-0.0003631411751209531
2019-01-25 15:15:00-05:00,-0.0007933863731575219,-0.00018688968890548513,-0.0024993764573194707,-0.000413627139837286,-0.0004550280679148407,-0.0002421673993974955
2019-01-25 15:30:00-05:00,0.00034916755635921645,9.344921042220805e-05,0.00043784207110738856,-0.0008277678960096022,-0.0003034671140803669,-0.00030279174215460877
2019-01-28 10:15:00-05:00,0.0036162901442364473,-0.0025675175762959173,0.005724996369861198,-0.0009901556495695797,0.0004629629712320226,-0.0007085971613715961
2019-01-28 10:30:00-05:00,0.0009986309922291505,0.001997527535689537,0.012003636053784792,0.003005518716689438,0.0029271319621258203,0.00350726424004889
2019-01-28 10:45:00-05:00,-0.001772450150623157,-0.0014739797737960431,0.0190529704400631,0.0004937146429709469,0.0,0.00024566252234697314
2019-01-28 11:00:00-05:00,-0.0042667420970327165,-0.001285561419759921,-0.009337868122167851,-0.0026613455495140773,-0.0030814291387934348,-0.003013532415884609
2019-01-28 11:15:00-05:00,0.003976405465801599,0.0013331430817961785,0.0050361745875798945,0.0016356654717507538,0.0018499966734738722,0.002399262916548673
2019-01-28 11:30:00-05:00,-0.0004840817870013229,0.0005708034212918031,-0.015004409421698513,-0.0003801486426956053,-0.0004621784090898142,-0.0008913615368331624
2019-01-28 11:45:00-05:00,0.000290477191514118,-0.001427619924585894,-0.011092031169607604,-0.0020172040028890565,-0.002468565629111831,-0.002432229766946227
2019-01-28 12:00:00-05:00,-0.0029733070834972735,-0.0012389213440232826,0.002884845616633102,-0.00171592034476416,-0.0018554315334557657,-0.0017277022777833345
2019-01-28 12:15:00-05:00,0.0008735179060425475,-0.00028612303485619605,0.0029129062251242455,0.0010299054923172562,0.0009281460949380865,0.0008025187170630672
2019-01-28 12:30:00-05:00,0.0026482382096400447,0.0010487178003772612,0.0072814536788193135,0.0014096314434154506,0.0016993670086811446,0.002034275143647916
2019-01-28 12:45:00-05:00,-0.00048391000218454215,-0.00076259476552113,-0.004485772453382628,-0.00011422044558404015,-0.0001543686326003442,-0.00024635851447231687
2019-01-28 13:00:00-05:00,-0.0006778676480941032,-0.0010495182720827183,-0.01097329689066878,-0.000685596781697065,-0.001390391078308447,-0.0009860414320013138
2019-01-28 13:15:00-05:00,0.0030628882778034315,0.0007633952372266004,-0.0047767865953169016,0.0011804578500371004,0.0010815823056850899,0.0012939800930540253
2019-01-28 13:30:00-05:00,0.001704701205669114,0.0010487178003772612,0.003456266999127476,0.000494616301983476,0.0007718431997881048,0.0005540507405951652
2019-01-28 13:45:00-05:00,0.0004498136562157428,0.0004763265785021179,-0.00722024797348702,0.0009884992725831153,0.0004628201255092827,0.0010457034845984944
2019-01-28 14:00:00-05:00,0.0005459304234887057,0.00019046712118910982,0.001367003704277416,0.0004179172584666915,0.000616760485204907,0.00043026615698503354
2019-01-28 14:15:00-05:00,0.0010588972415240398,-0.0007620862478860634,-0.0013300330774361374,-0.0007979936583974654,-0.0006167604852050496,-0.0007377125100185967
2019-01-28 14:30:00-05:00,-0.0012836560281304231,-0.00028593214072051274,0.011432056721923746,-0.0004182509566676341,-0.0003085229488415176,-0.00024602515731331177
2019-01-28 14:45:00-05:00,-0.0001605729245385328,0.0009527893627274664,-0.0017193134299497048,0.0007603262165594957,0.0007711289709698228,0.0006149494397896607
2019-01-28 15:00:00-05:00,0.002213632382411807,-0.00028574150113456435,0.002815203950586578,0.0014430290919951064,0.0010785825390777605,0.0014743375831520022
2019-01-28 15:15:00-05:00,-0.0004166867057101057,0.0012376239203500782,0.005715653472712102,0.0005311178257973925,0.0010774204520782983,0.0007363544652053031
2019-01-28 15:30:00-05:00,-9.618313275891231e-05,-0.000856653393336376,0.002139503653687775,-0.0004931714819228615,-0.00015384615414940498,-0.0006749708791567679
2019-01-29 10:15:00-05:00,-0.0026411687403249885,9.620935162313913e-05,0.00011109670979991623,-0.00238735950291007,-0.00154095107154247,-0.002122457309486175
2019-01-29 10:30:00-05:00,0.0007962671419081093,-0.0005773950023281671,0.011743402824748726,0.002273804864081117,0.0021566672458470065,0.0017229183107023017
2019-01-29 10:45:00-05:00,-0.004371347558505959,-0.003761215736995432,-0.009930568202600912,-0.0014773849190720118,-0.0032367475853780055,-0.0031403966695738765
2019-01-29 11:00:00-05:00,-0.003844679860809944,-0.008539181478682737,-0.014370523911188414,-0.004026519656362148,-0.006194367464273528,-0.005752118779261812
2019-01-29 11:15:00-05:00,0.0,0.002530538116162772,0.0052360056791957545,0.001027162838541139,0.001397081878900848,0.0015495230570303005
2019-01-29 11:30:00-05:00,-0.00019262255669673755,-0.0027254603915229754,-0.0009329925477595195,0.00022811519916417819,-0.00031029400605824307,-0.0003097125891951116
2019-01-29 11:45:00-05:00,0.0035895173468548838,-0.0005849948979778215,-0.002504721023860538,0.0010638500974871716,0.0006204917596118651,0.001609459012191221
2019-01-29 12:00:00-05:00,0.0007675088320480497,-0.0024411690670071663,-0.004238645480255403,0.00018985419255072668,-0.0009308820779255591,-0.0008663098837026654
2019-01-29 12:15:00-05:00,-0.0005116070969174295,0.0023436366373970215,-0.00015037028711457814,0.0012521344834591707,0.001550989066248734,0.0017936669826198203
2019-01-29 12:30:00-05:00,0.0015979038905351826,0.0006825273275878161,-0.0063738924798215375,-0.00018961659581261746,0.0006197226939371792,0.0003707021759421624
2019-01-29 12:45:00-05:00,0.0011808072348085397,-0.00038995857184390516,-0.0010220885564136213,-0.00037934108908513456,-0.0004647560114639088,-0.00043249923442171975
2019-01-29 13:00:00-05:00,-0.00012758763693099652,0.002045588089105046,0.0017029010188841316,-0.0002656244086501624,0.0006196266947533222,0.00012359029831887207
2019-01-29 13:15:00-05:00,-0.0045399400184604295,-0.0008761682803497026,-0.002839781541517141,-0.0006833583531242664,-0.0015497872144958496,-0.00136033410991498
2019-01-29 13:30:00-05:00,0.0005125740941954412,0.002043199776771868,-0.0016317860289332064,0.001214536632834067,0.0013949165312064126,0.0012367438115959233
2019-01-29 13:45:00-05:00,0.0011843222740504295,0.0007772650379170412,0.0048495965319703925,0.0005688066589976597,0.0006193388755684404,0.0005560360948895922
2019-01-29 14:00:00-05:00,-0.0011843222740503484,0.0013587617949180984,-0.0018537088933095807,0.00030323131095609117,0.00015477480297149587,0.00043225886803715196
2019-01-29 14:15:00-05:00,-0.001891420250668669,-0.0009703557114802654,0.0014756799317896397,-0.0006444764799611477,-0.0009290083504728108,-0.0008029152429371351
2019-01-29 14:30:00-05:00,-0.00459918797354845,-0.0016517687393263311,-0.0037502174755783962,-0.0011762921596138623,-0.001705426769939299,-0.0013602500010622613
2019-01-29 14:45:00-05:00,0.0006767317339296065,-0.0006809338784509496,0.0024638490185225435,-0.0006076603365804767,-0.0006208770086915257,-0.000618907647792306
2019-01-29 15:00:00-05:00,-0.0031620069581090493,-0.0017531049048029352,0.0002649758698197807,-0.0008361363389289958,-0.0017094021256489145,-0.0014869430576500125
2019-01-29 15:15:00-05:00,-0.0008082376011811481,0.0012664395263052625,0.00034058012476566416,0.0004941650611832056,0.0004664904454056143,0.0008676521259516004
2019-01-29 15:30:00-05:00,-0.0017480258238435826,0.0012648376856520753,0.0010966364615066656,0.0010255632000039459,0.0010876321768258808,0.0007431031087843207
