date,long_gross,short_gross,stock_gross,hedge_gross,gross_exposure,net_exposure,turnover,net_XLK_exposure,portfolio_vol_scale
2021-12-08,0.0,-0.0,0.0,0.0,0.0,0.0,0.0,0.0,1.0
2021-12-09,0.15000000000000002,0.14055584969562435,0.15000000000000002,0.14055584969562435,0.29055584969562437,0.009444150304375676,0.29055584969562437,0.0,1.0
2021-12-10,0.14601309962864412,0.13491678374130947,0.14601309962864412,0.13491678374130947,0.2809298833699536,0.011096315887334646,0.009625966325670782,0.0,1.0
2021-12-13,0.0,-0.0,0.0,0.0,0.0,0.0,0.2809298833699536,0.0,1.0
2021-12-14,0.0,-0.0,0.0,0.0,0.0,0.0,0.0,0.0,1.0
2021-12-15,0.0,-0.0,0.0,0.0,0.0,0.0,0.0,0.0,1.0
2021-12-16,0.0,-0.0,0.0,0.0,0.0,0.0,0.0,0.0,1.0
2021-12-17,0.029716204895289196,0.06969642162418313,0.06669138186705588,0.032721244652416444,0.09941262651947233,-0.03998021672889393,0.09941262651947233,0.0,1.0
2021-12-20,0.029691700902591052,0.04602990596629794,0.07105001561498897,0.004671591253900029,0.075721606868889,-0.01633820506370689,0.10640764907537917,0.0,1.0
2021-12-21,0.029915964888316944,0.04741405350224601,0.07171127129637594,0.005618747094187013,0.07733001839056296,-0.01749808861392907,0.001608411521673965,0.0,1.0
2021-12-22,0.029589235895758133,0.04717929223092243,0.06967833923669942,0.0070901888899811555,0.07676852812668057,-0.0175900563351643,0.0035043738554706785,0.0,1.0
2021-12-23,0.029585460442199063,0.04804050251931052,0.06947916723988184,0.008146795721627735,0.07762596296150959,-0.018455042077111454,0.0012557788284641436,0.0,1.0
2021-12-27,0.0396705561285638,0.040076559593988544,0.040076559593988544,0.0396705561285638,0.07974711572255234,-0.0004060034654247424,0.07758566508869635,0.0,1.0
2021-12-28,0.03811450958603225,0.039397023651616736,0.039397023651616736,0.03811450958603225,0.07751153323764898,-0.0012825140655844877,0.0022355824849033604,0.0,1.0
2021-12-29,0.03852633431155179,0.039036243432659656,0.039036243432659656,0.03852633431155179,0.07756257774421144,-0.0005099091211078696,0.0007726049444766181,0.0,1.0
2021-12-30,0.0,-0.0,0.0,0.0,0.0,0.0,0.07756257774421144,0.0,1.0
2021-12-31,0.0,-0.0,0.0,0.0,0.0,0.0,0.0,0.0,1.0
2022-01-03,0.0,-0.0,0.0,0.0,0.0,0.0,0.0,0.0,1.0
2022-01-04,0.13817463547550018,0.12151307970878232,0.13817463547550018,0.12151307970878232,0.2596877151842825,0.016661555766717864,0.2596877151842825,0.0,1.0
2022-01-05,0.0,-0.0,0.0,0.0,0.0,0.0,0.2596877151842825,0.0,1.0
2022-01-06,0.05367428784983054,0.0696100424302725,0.05367428784983054,0.0696100424302725,0.12328433028010304,-0.015935754580441955,0.12328433028010304,0.0,1.0
2022-01-07,0.10305533029853464,0.14434555916301148,0.19506332359947215,0.05233756586207397,0.24740088946154612,-0.041290228864476836,0.2692496908687278,0.0,1.0
2022-01-10,0.10562001555104882,0.12018797597223946,0.16528854302722207,0.06051944849606621,0.2258079915232883,-0.014567960421190636,0.4732088809848344,0.0,1.0
2022-01-11,0.1128069404792369,0.1279314859097883,0.1697163190243065,0.07102210736471867,0.24073842638902518,-0.015124545430551403,0.020448732727944154,0.0,1.0
2022-01-12,0.11365269860916492,0.12786070263379712,0.1707787057562331,0.07073469548672895,0.24151340124296206,-0.014208004024632195,0.0013497986099162973,0.0,1.0
2022-01-13,0.12887248809638605,0.14138831504166768,0.18438768524078272,0.085873117897271,0.27026080313805373,-0.012515826945281638,0.03196902190043467,0.0,1.0
2022-01-14,0.10930942709882888,0.1292401159398174,0.16485100180617374,0.07369854123247255,0.23854954303864628,-0.019930688840988538,0.03176401522530382,0.0,1.0
2022-01-18,0.1016634148429278,0.12338748273180884,0.160720499152774,0.06433039842196264,0.22505089757473665,-0.021724067888881038,0.02052966466891231,0.0,1.0
2022-01-19,0.10259313743125079,0.1238192001662149,0.16113868112358892,0.06527365647387676,0.22641233759746568,-0.021226062734964107,0.002384521257745159,0.0,1.0
2022-01-20,0.03414327893314872,0.05768629863413445,0.05768629863413445,0.03414327893314872,0.09182957756728316,-0.023543019700985733,0.20286931789647994,0.0,1.0
2022-01-21,0.03168206738309124,0.05123098952686646,0.05123098952686646,0.03168206738309124,0.0829130569099577,-0.019548922143775217,0.008916520657325469,0.0,1.0
2022-01-24,0.03126370765209517,0.05148162276544056,0.05148162276544056,0.03126370765209517,0.08274533041753573,-0.02021791511334539,0.0006689929695701743,0.0,1.0
2022-01-25,0.09821137322465574,0.09594585780312645,0.09594585780312645,0.09821137322465574,0.1941572310277822,0.0022655154215292933,0.11326165448568522,0.0,1.0
2022-01-26,0.16541313720597728,0.1482425912900885,0.1482425912900885,0.16541313720597728,0.31365572849606577,0.01717054591588879,0.12039653351088381,0.0,1.0
2022-01-27,0.15742844724030405,0.14307794239150784,0.14307794239150784,0.15742844724030405,0.30050638963181187,0.014350504848796214,0.013149338864253873,0.0,1.0
2022-01-28,0.12416005551278039,0.09141579405889663,0.09141579405889663,0.12416005551278039,0.21557584957167703,0.03274426145388376,0.08493054006013485,0.0,1.0
2022-01-31,0.05460632407919361,0.04489468100930551,0.04489468100930551,0.05460632407919361,0.09950100508849911,0.009711643069888101,0.11626535430611251,0.0,1.0
2022-02-01,0.05483611011478534,0.043824923664687515,0.043824923664687515,0.05483611011478534,0.09866103377947286,0.011011186450097826,0.001299543380209725,0.0,1.0
2022-02-02,0.05475804918930609,0.043831754757307835,0.043831754757307835,0.05475804918930609,0.09858980394661393,0.010926294431998253,8.489201809957353e-05,0.0,1.0
2022-02-03,0.04818568543175244,0.03916870880840757,0.03916870880840757,0.04818568543175244,0.08735439424016,0.009016976623344872,0.011235409706453918,0.0,1.0
2022-02-04,0.05966350344232485,0.047561807739155054,0.047561807739155054,0.05966350344232485,0.1072253111814799,0.012101695703169796,0.0198709169413199,0.0,1.0
2022-02-07,0.05761230409280603,0.04552318976622119,0.04552318976622119,0.05761230409280603,0.10313549385902722,0.01208911432658484,0.004089817322452685,0.0,1.0
2022-02-08,0.0,-0.0,0.0,0.0,0.0,0.0,0.10313549385902722,0.0,1.0
2022-02-09,0.0,-0.0,0.0,0.0,0.0,0.0,0.0,0.0,1.0
2022-02-10,0.0,-0.0,0.0,0.0,0.0,0.0,0.0,0.0,1.0
2022-02-11,0.0,-0.0,0.0,0.0,0.0,0.0,0.0,0.0,1.0
2022-02-14,0.0,-0.0,0.0,0.0,0.0,0.0,0.0,0.0,1.0
2022-02-15,0.0,-0.0,0.0,0.0,0.0,0.0,0.0,0.0,1.0
2022-02-16,0.0,-0.0,0.0,0.0,0.0,0.0,0.0,0.0,1.0
2022-02-17,0.0,-0.0,0.0,0.0,0.0,0.0,0.0,0.0,1.0
2022-02-18,0.0,-0.0,0.0,0.0,0.0,0.0,0.0,0.0,1.0
2022-02-22,0.0,-0.0,0.0,0.0,0.0,0.0,0.0,0.0,1.0
2022-02-23,0.0,-0.0,0.0,0.0,0.0,0.0,0.0,0.0,1.0
2022-02-24,0.0,-0.0,0.0,0.0,0.0,0.0,0.0,0.0,1.0
2022-02-25,0.0,-0.0,0.0,0.0,0.0,0.0,0.0,0.0,1.0
2022-02-28,0.0,-0.0,0.0,0.0,0.0,0.0,0.0,0.0,1.0
2022-03-01,0.0,-0.0,0.0,0.0,0.0,0.0,0.0,0.0,1.0
2022-03-02,0.0,-0.0,0.0,0.0,0.0,0.0,0.0,0.0,1.0
2022-03-03,0.0,-0.0,0.0,0.0,0.0,0.0,0.0,0.0,1.0
2022-03-04,0.0,-0.0,0.0,0.0,0.0,0.0,0.0,0.0,1.0
2022-03-07,0.0,-0.0,0.0,0.0,0.0,0.0,0.0,0.0,1.0
2022-03-08,0.0,-0.0,0.0,0.0,0.0,0.0,0.0,0.0,1.0
2022-03-09,0.0,-0.0,0.0,0.0,0.0,0.0,0.0,0.0,1.0
2022-03-10,0.0,-0.0,0.0,0.0,0.0,0.0,0.0,0.0,1.0
2022-03-11,0.0,-0.0,0.0,0.0,0.0,0.0,0.0,0.0,1.0
2022-03-14,0.0,-0.0,0.0,0.0,0.0,0.0,0.0,0.0,1.0
2022-03-15,0.0,-0.0,0.0,0.0,0.0,0.0,0.0,0.0,1.0
2022-03-16,0.0,-0.0,0.0,0.0,0.0,0.0,0.0,0.0,1.0
2022-03-17,0.0,-0.0,0.0,0.0,0.0,0.0,0.0,0.0,1.0
2022-03-18,0.0,-0.0,0.0,0.0,0.0,0.0,0.0,0.0,1.0
2022-03-21,0.04394919268280853,0.05982168621969274,0.04394919268280853,0.05982168621969274,0.10377087890250128,-0.015872493536884212,0.10377087890250128,0.0,1.0
2022-03-22,0.04424818242219821,0.06038052091823889,0.04424818242219821,0.06038052091823889,0.1046287033404371,-0.016132338496040677,0.0008578244379358266,0.0,1.0
2022-03-23,0.0,-0.0,0.0,0.0,0.0,0.0,0.1046287033404371,0.0,1.0
2022-03-24,0.0,-0.0,0.0,0.0,0.0,0.0,0.0,0.0,1.0
2022-03-25,0.044739017767701755,0.06157662747483589,0.044739017767701755,0.06157662747483589,0.10631564524253764,-0.016837609707134132,0.10631564524253764,0.0,1.0
2022-03-28,0.0,-0.0,0.0,0.0,0.0,0.0,0.10631564524253764,0.0,1.0
2022-03-29,0.0,-0.0,0.0,0.0,0.0,0.0,0.0,0.0,1.0
2022-03-30,0.04695642509860501,0.06366138006543401,0.04695642509860501,0.06366138006543401,0.11061780516403902,-0.016704954966829,0.11061780516403902,0.0,1.0
2022-03-31,0.044482857990483626,0.06097209155759656,0.044482857990483626,0.06097209155759656,0.10545494954808018,-0.016489233567112932,0.0051628556159588335,0.0,1.0
2022-04-01,0.04113641028189659,0.05619991890898136,0.04113641028189659,0.05619991890898136,0.09733632919087795,-0.01506350862708477,0.00811862035720224,0.0,1.0
2022-04-04,0.03954541000256325,0.0562851104736488,0.03954541000256325,0.0562851104736488,0.09583052047621204,-0.01673970047108555,0.0016761918440007795,0.0,1.0
2022-04-05,0.038603201924780145,0.055691119668237705,0.038603201924780145,0.055691119668237705,0.09429432159301784,-0.01708791774345756,0.0015361988831942008,0.0,1.0
2022-04-06,0.038753407105475146,0.056484999484506325,0.038753407105475146,0.056484999484506325,0.09523840658998148,-0.01773159237903118,0.0009440849969636206,0.0,1.0
2022-04-07,0.03882380053158069,0.05682002063807035,0.03882380053158069,0.05682002063807035,0.09564382116965103,-0.017996220106489665,0.00040541457966956906,0.0,1.0
2022-04-08,0.03935050100384626,0.05722448700143792,0.03935050100384626,0.05722448700143792,0.09657498800528418,-0.017873985997591657,0.0009311668356331362,0.0,1.0
2022-04-11,0.07943343821210802,0.111117806268605,0.15074483272653685,0.039806411754176166,0.19055124448071303,-0.03168436805649698,0.20842523047830466,0.0,1.0
2022-04-12,0.04158753292019485,0.06026984252381093,0.04158753292019485,0.06026984252381093,0.10185737544400578,-0.018682309603616082,0.2131545670088551,0.0,1.0
2022-04-13,0.07734668697225164,0.10872094398095314,0.1510816709063661,0.0349859600468387,0.1860676309532048,-0.031374257008701494,0.2047499405568209,0.0,1.0
2022-04-14,0.0,-0.0,0.0,0.0,0.0,0.0,0.1860676309532048,0.0,1.0
2022-04-18,0.09019767027259278,0.10142268137201393,0.10142268137201393,0.09019767027259278,0.19162035164460672,-0.011225011099421159,0.19162035164460672,0.0,1.0
2022-04-19,0.0,-0.0,0.0,0.0,0.0,0.0,0.19162035164460672,0.0,1.0
2022-04-20,0.0,-0.0,0.0,0.0,0.0,0.0,0.0,0.0,1.0
2022-04-21,0.0,-0.0,0.0,0.0,0.0,0.0,0.0,0.0,1.0
2022-04-22,0.0,-0.0,0.0,0.0,0.0,0.0,0.0,0.0,1.0
2022-04-25,0.0,-0.0,0.0,0.0,0.0,0.0,0.0,0.0,1.0
2022-04-26,0.0,-0.0,0.0,0.0,0.0,0.0,0.0,0.0,1.0
2022-04-27,0.0,-0.0,0.0,0.0,0.0,0.0,0.0,0.0,1.0
2022-04-28,0.0,-0.0,0.0,0.0,0.0,0.0,0.0,0.0,1.0
2022-04-29,0.0,-0.0,0.0,0.0,0.0,0.0,0.0,0.0,1.0
2022-05-02,0.0,-0.0,0.0,0.0,0.0,0.0,0.0,0.0,1.0
2022-05-03,0.0,-0.0,0.0,0.0,0.0,0.0,0.0,0.0,1.0
2022-05-04,0.0,-0.0,0.0,0.0,0.0,0.0,0.0,0.0,1.0
2022-05-05,0.0,-0.0,0.0,0.0,0.0,0.0,0.0,0.0,1.0
2022-05-06,0.0,-0.0,0.0,0.0,0.0,0.0,0.0,0.0,1.0
2022-05-09,0.0,-0.0,0.0,0.0,0.0,0.0,0.0,0.0,1.0
2022-05-10,0.0,-0.0,0.0,0.0,0.0,0.0,0.0,0.0,1.0
2022-05-11,0.0,-0.0,0.0,0.0,0.0,0.0,0.0,0.0,1.0
2022-05-12,0.0,-0.0,0.0,0.0,0.0,0.0,0.0,0.0,1.0
2022-05-13,0.07345706105014553,0.06076658491871723,0.1265503810906765,0.007673264878186238,0.13422364596886274,0.012690476131428298,0.13422364596886274,0.0,1.0
2022-05-16,0.07398432377779478,0.061035044592548604,0.12708680609953227,0.007932562270811114,0.1350193683703434,0.012949279185246174,0.0007957224014806183,0.0,1.0
2022-05-17,0.07411121351838466,0.0700361520565637,0.07411121351838466,0.0700361520565637,0.14414736557494837,0.004075061461820961,0.11533296184807997,0.0,1.0
2022-05-18,0.07410482209244347,0.06993141175360139,0.07410482209244347,0.06993141175360139,0.14403623384604486,0.004173410338842082,0.00011113172890350742,0.0,1.0
2022-05-19,0.07210791083885669,0.0644409456073052,0.12310500795346122,0.013443848492700694,0.1365488564461619,0.007666965231551477,0.109481571629092,0.0,1.0
2022-05-20,0.07332122304759665,0.07062612170850495,0.07332122304759665,0.07062612170850495,0.1439473447561016,0.0026951013390917045,0.10939268253914874,0.0,1.0
2022-05-23,0.07295271859417625,0.07157751220747521,0.07295271859417625,0.07157751220747521,0.14453023080165145,0.0013752063867010361,0.0013198949523906683,0.0,1.0
2022-05-24,0.06637521851133306,0.06605780734610331,0.06637521851133306,0.06605780734610331,0.13243302585743638,0.0003174111652297501,0.012097204944215095,0.0,1.0
2022-05-25,0.06640535626937005,0.06620101705107784,0.06640535626937005,0.06620101705107784,0.1326063733204479,0.00020433921829221546,0.00017334746301152226,0.0,1.0
2022-05-26,0.06748377348076812,0.06731071070443188,0.06748377348076812,0.06731071070443188,0.13479448418520001,0.00017306277633623302,0.0021881108647521103,0.0,1.0
2022-05-27,0.0705542083874962,0.07038494273401061,0.0705542083874962,0.07038494273401061,0.1409391511215068,0.00016926565348558686,0.006144666936306803,0.0,1.0
2022-05-31,0.06894475713831523,0.06955111906108279,0.06894475713831523,0.06955111906108279,0.13849587619939802,-0.0006063619227675565,0.0024432749221087874,0.0,1.0
2022-06-01,0.06977257091219508,0.07034560489321222,0.06977257091219508,0.07034560489321222,0.1401181758054073,-0.0005730339810171431,0.0016222996060092781,0.0,1.0
2022-06-02,0.0,-0.0,0.0,0.0,0.0,0.0,0.0,0.0,1.0
2022-06-03,0.0,-0.0,0.0,0.0,0.0,0.0,0.0,0.0,1.0
2022-06-06,0.0,-0.0,0.0,0.0,0.0,0.0,0.0,0.0,1.0
2022-06-07,0.0,-0.0,0.0,0.0,0.0,0.0,0.0,0.0,1.0
2022-06-08,0.0,-0.0,0.0,0.0,0.0,0.0,0.0,0.0,1.0
2022-06-09,0.0,-0.0,0.0,0.0,0.0,0.0,0.0,0.0,1.0
2022-06-10,0.0,-0.0,0.0,0.0,0.0,0.0,0.0,0.0,1.0
2022-06-13,0.0,-0.0,0.0,0.0,0.0,0.0,0.0,0.0,1.0
2022-06-14,0.0,-0.0,0.0,0.0,0.0,0.0,0.0,0.0,1.0
2022-06-15,0.0,-0.0,0.0,0.0,0.0,0.0,0.0,0.0,1.0
2022-06-16,0.0,-0.0,0.0,0.0,0.0,0.0,0.0,0.0,1.0
2022-06-17,0.0,-0.0,0.0,0.0,0.0,0.0,0.0,0.0,1.0
2022-06-21,0.0,-0.0,0.0,0.0,0.0,0.0,0.0,0.0,1.0
2022-06-22,0.0905215629949886,0.052697865902481704,0.052697865902481704,0.0905215629949886,0.1432194288974703,0.0378236970925069,0.1432194288974703,0.0,1.0
2022-06-23,0.0,-0.0,0.0,0.0,0.0,0.0,0.1432194288974703,0.0,1.0
2022-06-24,0.0,-0.0,0.0,0.0,0.0,0.0,0.0,0.0,1.0
2022-06-27,0.0,-0.0,0.0,0.0,0.0,0.0,0.0,0.0,1.0
2022-06-28,0.0,-0.0,0.0,0.0,0.0,0.0,0.0,0.0,1.0
2022-06-29,0.0,-0.0,0.0,0.0,0.0,0.0,0.0,0.0,1.0
2022-06-30,0.0,-0.0,0.0,0.0,0.0,0.0,0.0,0.0,1.0
2022-07-01,0.0,-0.0,0.0,0.0,0.0,0.0,0.0,0.0,1.0
2022-07-05,0.0,-0.0,0.0,0.0,0.0,0.0,0.0,0.0,1.0
2022-07-06,0.0,-0.0,0.0,0.0,0.0,0.0,0.0,0.0,1.0
2022-07-07,0.0,-0.0,0.0,0.0,0.0,0.0,0.0,0.0,1.0
2022-07-08,0.0,-0.0,0.0,0.0,0.0,0.0,0.0,0.0,1.0
2022-07-11,0.0,-0.0,0.0,0.0,0.0,0.0,0.0,0.0,1.0
2022-07-12,0.0,-0.0,0.0,0.0,0.0,0.0,0.0,0.0,1.0
2022-07-13,0.10972154970372587,0.10508706100599,0.10508706100599,0.10972154970372587,0.21480861070971585,0.004634488697735875,0.21480861070971585,0.0,1.0
2022-07-14,0.0,-0.0,0.0,0.0,0.0,0.0,0.21480861070971585,0.0,1.0
2022-07-15,0.1133087845967885,0.10365370751724996,0.17122608217367402,0.04573640994036446,0.21696249211403848,0.00965507707953854,0.21696249211403848,0.0,1.0
2022-07-18,0.10343413035522574,0.09902127128064148,0.09902127128064148,0.10343413035522574,0.20245540163586723,0.0044128590745842605,0.1299025313078938,0.0,1.0
2022-07-19,0.09486888398246847,0.09059850909060109,0.09059850909060109,0.09486888398246847,0.18546739307306956,0.004270374891867379,0.016988008562797655,0.0,1.0
2022-07-20,0.09256371670381677,0.08830651143055457,0.08830651143055457,0.09256371670381677,0.18087022813437134,0.0042572052732622045,0.004597164938698217,0.0,1.0
2022-07-21,0.0,-0.0,0.0,0.0,0.0,0.0,0.18087022813437134,0.0,1.0
2022-07-22,0.0,-0.0,0.0,0.0,0.0,0.0,0.0,0.0,1.0
2022-07-25,0.0,-0.0,0.0,0.0,0.0,0.0,0.0,0.0,1.0
2022-07-26,0.0,-0.0,0.0,0.0,0.0,0.0,0.0,0.0,1.0
2022-07-27,0.0,-0.0,0.0,0.0,0.0,0.0,0.0,0.0,1.0
2022-07-28,0.0,-0.0,0.0,0.0,0.0,0.0,0.0,0.0,1.0
2022-07-29,0.0,-0.0,0.0,0.0,0.0,0.0,0.0,0.0,1.0
2022-08-01,0.0,-0.0,0.0,0.0,0.0,0.0,0.0,0.0,1.0
2022-08-02,0.0,-0.0,0.0,0.0,0.0,0.0,0.0,0.0,1.0
2022-08-03,0.08417918578624911,0.052778022533133406,0.052778022533133406,0.08417918578624911,0.13695720831938252,0.031401163253115705,0.13695720831938252,0.0,1.0
2022-08-04,0.0,-0.0,0.0,0.0,0.0,0.0,0.13695720831938252,0.0,1.0
2022-08-05,0.0,-0.0,0.0,0.0,0.0,0.0,0.0,0.0,1.0
2022-08-08,0.0,-0.0,0.0,0.0,0.0,0.0,0.0,0.0,1.0
2022-08-09,0.0,-0.0,0.0,0.0,0.0,0.0,0.0,0.0,1.0
2022-08-10,0.0,-0.0,0.0,0.0,0.0,0.0,0.0,0.0,1.0
2022-08-11,0.0,-0.0,0.0,0.0,0.0,0.0,0.0,0.0,1.0
2022-08-12,0.0,-0.0,0.0,0.0,0.0,0.0,0.0,0.0,1.0
2022-08-15,0.0,-0.0,0.0,0.0,0.0,0.0,0.0,0.0,1.0
2022-08-16,0.0,-0.0,0.0,0.0,0.0,0.0,0.0,0.0,1.0
2022-08-17,0.0,-0.0,0.0,0.0,0.0,0.0,0.0,0.0,1.0
2022-08-18,0.0,-0.0,0.0,0.0,0.0,0.0,0.0,0.0,1.0
2022-08-19,0.0,-0.0,0.0,0.0,0.0,0.0,0.0,0.0,1.0
2022-08-22,0.0,-0.0,0.0,0.0,0.0,0.0,0.0,0.0,1.0
2022-08-23,0.0,-0.0,0.0,0.0,0.0,0.0,0.0,0.0,1.0
2022-08-24,0.0,-0.0,0.0,0.0,0.0,0.0,0.0,0.0,1.0
2022-08-25,0.0,-0.0,0.0,0.0,0.0,0.0,0.0,0.0,1.0
2022-08-26,0.0,-0.0,0.0,0.0,0.0,0.0,0.0,0.0,1.0
2022-08-29,0.0,-0.0,0.0,0.0,0.0,0.0,0.0,0.0,1.0
2022-08-30,0.0,-0.0,0.0,0.0,0.0,0.0,0.0,0.0,1.0
2022-08-31,0.0,-0.0,0.0,0.0,0.0,0.0,0.0,0.0,1.0
2022-09-01,0.0,-0.0,0.0,0.0,0.0,0.0,0.0,0.0,1.0
2022-09-02,0.03445492683475485,0.060293500764827604,0.03445492683475485,0.060293500764827604,0.09474842759958246,-0.02583857393007275,0.09474842759958246,0.0,1.0
2022-09-06,0.03421392362149607,0.059910268385011914,0.03421392362149607,0.059910268385011914,0.09412419200650798,-0.025696344763515844,0.0006242355930744722,0.0,1.0
2022-09-07,0.0,-0.0,0.0,0.0,0.0,0.0,0.09412419200650798,0.0,1.0
2022-09-08,0.0,-0.0,0.0,0.0,0.0,0.0,0.0,0.0,1.0
2022-09-09,0.0,-0.0,0.0,0.0,0.0,0.0,0.0,0.0,1.0
2022-09-12,0.0,-0.0,0.0,0.0,0.0,0.0,0.0,0.0,1.0
2022-09-13,0.0,-0.0,0.0,0.0,0.0,0.0,0.0,0.0,1.0
2022-09-14,0.06120846099573383,0.10060485624127767,0.10060485624127767,0.06120846099573383,0.1618133172370115,-0.03939639524554384,0.1618133172370115,0.0,1.0
2022-09-15,0.03063708728302689,0.050251156731514784,0.050251156731514784,0.03063708728302689,0.08088824401454167,-0.019614069448487894,0.08092507322246982,0.0,1.0
2022-09-16,0.0,-0.0,0.0,0.0,0.0,0.0,0.08088824401454167,0.0,1.0
2022-09-19,0.0,-0.0,0.0,0.0,0.0,0.0,0.0,0.0,1.0
2022-09-20,0.0,-0.0,0.0,0.0,0.0,0.0,0.0,0.0,1.0
2022-09-21,0.0,-0.0,0.0,0.0,0.0,0.0,0.0,0.0,1.0
2022-09-22,0.0,-0.0,0.0,0.0,0.0,0.0,0.0,0.0,1.0
2022-09-23,0.0,-0.0,0.0,0.0,0.0,0.0,0.0,0.0,1.0
2022-09-26,0.0,-0.0,0.0,0.0,0.0,0.0,0.0,0.0,1.0
2022-09-27,0.0,-0.0,0.0,0.0,0.0,0.0,0.0,0.0,1.0
2022-09-28,0.0,-0.0,0.0,0.0,0.0,0.0,0.0,0.0,1.0
2022-09-29,0.02023630306446872,0.02846957680262393,0.02023630306446872,0.02846957680262393,0.04870587986709265,-0.00823327373815521,0.04870587986709265,0.0,1.0
2022-09-30,0.019836607300147965,0.026949320655761933,0.019836607300147965,0.026949320655761933,0.0467859279559099,-0.0071127133556139685,0.0019199519111827504,0.0,1.0
2022-10-03,0.019642040014481044,0.026389654426820838,0.019642040014481044,0.026389654426820838,0.04603169444130188,-0.006747614412339793,0.0007542335146080159,0.0,1.0
2022-10-04,0.019713600626837798,0.026425181612045965,0.019713600626837798,0.026425181612045965,0.04613878223888376,-0.006711580985208167,0.00010708779758188125,0.0,1.0
2022-10-05,0.019789125555419985,0.02638600109902014,0.019789125555419985,0.02638600109902014,0.046175126654440124,-0.006596875543600153,0.00011470544160801371,0.0,1.0
2022-10-06,0.019868954976138293,0.02650996873084774,0.019868954976138293,0.02650996873084774,0.04637892370698603,-0.006641013754709445,0.00020379705254590721,0.0,1.0
2022-10-07,0.01972975067409774,0.026172907655577084,0.01972975067409774,0.026172907655577084,0.04590265832967483,-0.006443156981479344,0.0004762653773112066,0.0,1.0
2022-10-10,0.0,-0.0,0.0,0.0,0.0,0.0,0.04590265832967483,0.0,1.0
2022-10-11,0.0,-0.0,0.0,0.0,0.0,0.0,0.0,0.0,1.0
2022-10-12,0.0,-0.0,0.0,0.0,0.0,0.0,0.0,0.0,1.0
2022-10-13,0.0,-0.0,0.0,0.0,0.0,0.0,0.0,0.0,1.0
2022-10-14,0.0,-0.0,0.0,0.0,0.0,0.0,0.0,0.0,1.0
2022-10-17,0.12834522917938715,0.13599658823740332,0.12834522917938715,0.13599658823740332,0.26434181741679047,-0.007651359058016172,0.26434181741679047,0.0,1.0
2022-10-18,0.11488740265971097,0.11898797013300429,0.11488740265971097,0.11898797013300429,0.23387537279271525,-0.004100567473293321,0.030466444624075217,0.0,1.0
2022-10-19,0.1167996343819861,0.12065779344273168,0.1167996343819861,0.12065779344273168,0.2374574278247178,-0.003858159060745589,0.0035820550320025263,0.0,1.0
2022-10-20,0.10643046506028292,0.11000164179346389,0.10643046506028292,0.11000164179346389,0.2164321068537468,-0.0035711767331809696,0.02102532097097097,0.0,1.0
2022-10-21,0.10538703257856355,0.10424775862951352,0.10538703257856355,0.10424775862951352,0.20963479120807707,0.0011392739490500292,0.006797315645669738,0.0,1.0
2022-10-24,0.09762454149144206,0.09802281534754691,0.1618972301559382,0.033750126683050774,0.19564735683898898,-0.00039827385610484434,0.14253281169808035,0.0,1.0
2022-10-25,0.09788889346016481,0.09228994474530638,0.16405046246272523,0.02612837574274597,0.1901788382054712,0.005598948714858429,0.009774983247091834,0.0,1.0
2022-10-26,0.09078278744266588,0.0888101627647531,0.09078278744266588,0.0888101627647531,0.179592950207419,0.0019726246779127737,0.13594946204206648,0.0,1.0
2022-10-27,0.14421248121602478,0.1454224663169394,0.14421248121602478,0.1454224663169394,0.28963494753296415,-0.0012099851009146068,0.1100419973255452,0.0,1.0
2022-10-28,0.054876159613738,0.05789752169158085,0.054876159613738,0.05789752169158085,0.11277368130531884,-0.00302136207784285,0.18036426147397963,0.0,1.0
2022-10-31,0.05501034224803757,0.057512387093948625,0.05501034224803757,0.057512387093948625,0.1125227293419862,-0.0025020448459110514,0.0005193172319317985,0.0,1.0
2022-11-01,0.05532117638398351,0.057871545341774557,0.05532117638398351,0.057871545341774557,0.11319272172575806,-0.002550368957791045,0.0006699923837718696,0.0,1.0
2022-11-02,0.05540550097484638,0.05808285851556331,0.05540550097484638,0.05808285851556331,0.1134883594904097,-0.002677357540716928,0.00029563776465162117,0.0,1.0
2022-11-03,0.05515258512222561,0.05799859138157605,0.05515258512222561,0.05799859138157605,0.11315117650380166,-0.002846006259350442,0.00033718298660802976,0.0,1.0
2022-11-04,0.05444865610528843,0.05712651127872911,0.05444865610528843,0.05712651127872911,0.11157516738401754,-0.0026778551734406783,0.0015760091197841233,0.0,1.0
2022-11-07,0.052392437957017805,0.05567537018059253,0.052392437957017805,0.05567537018059253,0.10806780813761033,-0.0032829322235747235,0.0035073592464072018,0.0,1.0
2022-11-08,0.051065803745023536,0.05495163611052181,0.051065803745023536,0.05495163611052181,0.10601743985554535,-0.0038858323654982763,0.0020503682820649863,0.0,1.0
2022-11-09,0.05100496702777564,0.054755321882882756,0.05100496702777564,0.054755321882882756,0.10576028891065839,-0.0037503548551071145,0.00025715094488695106,0.0,1.0
2022-11-10,0.05045018932846901,0.0537006584322705,0.05045018932846901,0.0537006584322705,0.10415084776073952,-0.003250469103801494,0.001609441149918886,0.0,1.0
2022-11-11,0.050697841111865,0.053384195784139755,0.050697841111865,0.053384195784139755,0.10408203689600476,-0.0026863546722747586,0.0005641144315267355,0.0,1.0
2022-11-14,0.05104085991140365,0.0538381382323231,0.05104085991140365,0.0538381382323231,0.10487899814372675,-0.002797278320919451,0.0007969612477219945,0.0,1.0
2022-11-15,0.05094966328256271,0.054046483396282395,0.05094966328256271,0.054046483396282395,0.1049961466788451,-0.0030968201137196866,0.0002995417928002356,0.0,1.0
2022-11-16,0.05071401323001504,0.053613464212860056,0.05071401323001504,0.053613464212860056,0.1043274774428751,-0.0028994509828450185,0.0006686692359700111,0.0,1.0
2022-11-17,0.04890163068293651,0.05140682902036803,0.04890163068293651,0.05140682902036803,0.10030845970330454,-0.0025051983374315204,0.004019017739570557,0.0,1.0
2022-11-18,0.0488805993011872,0.051388598835230226,0.0488805993011872,0.051388598835230226,0.10026919813641742,-0.002507999534043029,3.926156688711241e-05,0.0,1.0
2022-11-21,0.0,-0.0,0.0,0.0,0.0,0.0,0.10026919813641742,0.0,1.0
2022-11-22,0.0,-0.0,0.0,0.0,0.0,0.0,0.0,0.0,1.0
2022-11-23,0.0,-0.0,0.0,0.0,0.0,0.0,0.0,0.0,1.0
2022-11-25,0.0,-0.0,0.0,0.0,0.0,0.0,0.0,0.0,1.0
2022-11-28,0.0,-0.0,0.0,0.0,0.0,0.0,0.0,0.0,1.0
2022-11-29,0.0,-0.0,0.0,0.0,0.0,0.0,0.0,0.0,1.0
2022-11-30,0.0,-0.0,0.0,0.0,0.0,0.0,0.0,0.0,1.0
2022-12-01,0.08908150916686075,0.09005050589023801,0.09005050589023801,0.08908150916686075,0.17913201505709875,-0.0009689967233772606,0.17913201505709875,0.0,1.0
2022-12-02,0.08843886989532873,0.09042104973670922,0.11625604793575006,0.0626038716962879,0.17885991963203796,-0.0019821798413804936,0.05268317951608491,0.0,1.0
2022-12-05,0.08066318000752205,0.0824293684302232,0.10837404841996819,0.05471850001777706,0.16309254843774523,-0.0017661884227011398,0.015986734775701027,0.0,1.0
2022-12-06,0.1083342665993847,0.11067140150428699,0.13718012080075123,0.08182554730292044,0.21900566810367167,-0.0023371349049022966,0.05591311966592643,0.0,1.0
2022-12-07,0.10186375891395681,0.10431126238426741,0.13077857911413607,0.07539644218408817,0.20617502129822424,-0.0024475034703105997,0.012830646805447453,0.0,1.0
2022-12-08,0.09682907042040526,0.09908358301478587,0.12573275196184858,0.07017990147334255,0.19591265343519113,-0.0022545125943806144,0.01062607229742122,0.0,1.0
2022-12-09,0.09728482117343802,0.09728980471779458,0.09728980471779458,0.09728482117343802,0.1945746258912326,-4.983544356559899e-06,0.05554786694414947,0.0,1.0
2022-12-12,0.07450984381625846,0.07493920062976117,0.07493920062976117,0.07450984381625846,0.14944904444601964,-0.0004293568135027154,0.045125581445212976,0.0,1.0
2022-12-13,0.0,-0.0,0.0,0.0,0.0,0.0,0.14944904444601964,0.0,1.0
2022-12-14,0.0,-0.0,0.0,0.0,0.0,0.0,0.0,0.0,1.0
2022-12-15,0.0,-0.0,0.0,0.0,0.0,0.0,0.0,0.0,1.0
2022-12-16,0.0,-0.0,0.0,0.0,0.0,0.0,0.0,0.0,1.0
2022-12-19,0.060410702751717775,0.06121919900794647,0.06121919900794647,0.060410702751717775,0.12162990175966425,-0.0008084962562286968,0.12162990175966425,0.0,1.0
2022-12-20,0.06340607258255847,0.06364566912553492,0.06364566912553492,0.06340607258255847,0.12705174170809339,-0.00023959654297645017,0.0054218399484291385,0.0,1.0
2022-12-21,0.06218255688938801,0.06270214470614434,0.06270214470614434,0.06218255688938801,0.12488470159553235,-0.0005195878167563311,0.002167040112561039,0.0,1.0
2022-12-22,0.0,-0.0,0.0,0.0,0.0,0.0,0.12488470159553235,0.0,1.0
2022-12-23,0.0,-0.0,0.0,0.0,0.0,0.0,0.0,0.0,1.0
2022-12-27,0.0,-0.0,0.0,0.0,0.0,0.0,0.0,0.0,1.0
2022-12-28,0.0,-0.0,0.0,0.0,0.0,0.0,0.0,0.0,1.0
2022-12-29,0.0,-0.0,0.0,0.0,0.0,0.0,0.0,0.0,1.0
2022-12-30,0.0,-0.0,0.0,0.0,0.0,0.0,0.0,0.0,1.0
2023-01-03,0.0,-0.0,0.0,0.0,0.0,0.0,0.0,0.0,1.0
2023-01-04,0.0,-0.0,0.0,0.0,0.0,0.0,0.0,0.0,1.0
2023-01-05,0.0,-0.0,0.0,0.0,0.0,0.0,0.0,0.0,1.0
2023-01-06,0.0,-0.0,0.0,0.0,0.0,0.0,0.0,0.0,1.0
2023-01-09,0.06547835224596293,0.06988852604912428,0.06988852604912428,0.06547835224596293,0.1353668782950872,-0.004410173803161346,0.1353668782950872,0.0,1.0
2023-01-10,0.04922148795769192,0.05328533233812454,0.05328533233812454,0.04922148795769192,0.10250682029581645,-0.00406384438043262,0.032860057999270754,0.0,1.0
2023-01-11,0.05399985165810645,0.05758851617787513,0.05758851617787513,0.05399985165810645,0.11158836783598158,-0.003588664519768678,0.009081547540165123,0.0,1.0
2023-01-12,0.05151612519840094,0.05557956162529534,0.05557956162529534,0.05151612519840094,0.10709568682369627,-0.004063436426894405,0.004492681012285303,0.0,1.0
2023-01-13,0.053225171552577395,0.05664024979007779,0.05664024979007779,0.053225171552577395,0.10986542134265519,-0.0034150782375003963,0.0027697345189589065,0.0,1.0
2023-01-17,0.053871019897975124,0.05715018158416427,0.05715018158416427,0.053871019897975124,0.1110212014821394,-0.003279161686189143,0.001155780139484204,0.0,1.0
2023-01-18,0.0,-0.0,0.0,0.0,0.0,0.0,0.1110212014821394,0.0,1.0
2023-01-19,0.0,-0.0,0.0,0.0,0.0,0.0,0.0,0.0,1.0
2023-01-20,0.0,-0.0,0.0,0.0,0.0,0.0,0.0,0.0,1.0
2023-01-23,0.0,-0.0,0.0,0.0,0.0,0.0,0.0,0.0,1.0
2023-01-24,0.0,-0.0,0.0,0.0,0.0,0.0,0.0,0.0,1.0
2023-01-25,0.0,-0.0,0.0,0.0,0.0,0.0,0.0,0.0,1.0
2023-01-26,0.0,-0.0,0.0,0.0,0.0,0.0,0.0,0.0,1.0
2023-01-27,0.0,-0.0,0.0,0.0,0.0,0.0,0.0,0.0,1.0
2023-01-30,0.0,-0.0,0.0,0.0,0.0,0.0,0.0,0.0,1.0
2023-01-31,0.0,-0.0,0.0,0.0,0.0,0.0,0.0,0.0,1.0
2023-02-01,0.0,-0.0,0.0,0.0,0.0,0.0,0.0,0.0,1.0
2023-02-02,0.0,-0.0,0.0,0.0,0.0,0.0,0.0,0.0,1.0
2023-02-03,0.0,-0.0,0.0,0.0,0.0,0.0,0.0,0.0,1.0
2023-02-06,0.0,-0.0,0.0,0.0,0.0,0.0,0.0,0.0,1.0
2023-02-07,0.0,-0.0,0.0,0.0,0.0,0.0,0.0,0.0,1.0
2023-02-08,0.0,-0.0,0.0,0.0,0.0,0.0,0.0,0.0,1.0
2023-02-09,0.0,-0.0,0.0,0.0,0.0,0.0,0.0,0.0,1.0
2023-02-10,0.0,-0.0,0.0,0.0,0.0,0.0,0.0,0.0,1.0
2023-02-13,0.08142034899240251,0.07184403594596786,0.08142034899240251,0.07184403594596786,0.15326438493837036,0.00957631304643465,0.15326438493837036,0.0,1.0
2023-02-14,0.08233048467258672,0.07183525665162975,0.08233048467258672,0.07183525665162975,0.15416574132421645,0.010495228020956968,0.0009189149745223169,0.0,1.0
2023-02-15,0.08242476849325708,0.07078855558188486,0.08242476849325708,0.07078855558188486,0.15321332407514193,0.01163621291137222,0.001140984890415253,0.0,1.0
2023-02-16,0.08135059996158345,0.06991954358125704,0.08135059996158345,0.06991954358125704,0.1512701435428405,0.011431056380326404,0.0019431805323014556,0.0,1.0
2023-02-17,0.08209081140621978,0.07040393567164667,0.08209081140621978,0.07040393567164667,0.15249474707786645,0.01168687573457311,0.0012246035350259588,0.0,1.0
2023-02-21,0.08506588413153375,0.07364163836802402,0.08506588413153375,0.07364163836802402,0.15870752249955777,0.011424245763509727,0.0062127754216913245,0.0,1.0
2023-02-22,0.0,-0.0,0.0,0.0,0.0,0.0,0.0,0.0,1.0
2023-02-23,0.0,-0.0,0.0,0.0,0.0,0.0,0.0,0.0,1.0
2023-02-24,0.0,-0.0,0.0,0.0,0.0,0.0,0.0,0.0,1.0
2023-02-27,0.0,-0.0,0.0,0.0,0.0,0.0,0.0,0.0,1.0
2023-02-28,0.0,-0.0,0.0,0.0,0.0,0.0,0.0,0.0,1.0
2023-03-01,0.0,-0.0,0.0,0.0,0.0,0.0,0.0,0.0,1.0
2023-03-02,0.0,-0.0,0.0,0.0,0.0,0.0,0.0,0.0,1.0
2023-03-03,0.02838884050888073,0.02904732329360217,0.02904732329360217,0.02838884050888073,0.0574361638024829,-0.000658482784721439,0.0574361638024829,0.0,1.0
2023-03-06,0.024457863993099835,0.028338922558839727,0.028338922558839727,0.024457863993099835,0.05279678655193956,-0.003881058565739892,0.00463937725054334,0.0,1.0
2023-03-07,0.024317372520465175,0.02788553955146581,0.02788553955146581,0.024317372520465175,0.052202912071930986,-0.0035681670310006366,0.0005938744800085757,0.0,1.0
2023-03-08,0.023951247504592266,0.027888820304778617,0.027888820304778617,0.023951247504592266,0.05184006780937088,-0.0039375728001863515,0.00036940576918571486,0.0,1.0
2023-03-09,0.024379212886444263,0.027864970625058688,0.027864970625058688,0.024379212886444263,0.05224418351150295,-0.0034857577386144256,0.0004518150615719259,0.0,1.0
2023-03-10,0.02467037961550462,0.027538361184148253,0.027538361184148253,0.02467037961550462,0.052208740799652875,-0.0028679815686436343,0.0006177761699707914,0.0,1.0
2023-03-13,0.026046472969256707,0.027870620299467803,0.027870620299467803,0.026046472969256707,0.053917093268724514,-0.0018241473302110962,0.001708352469071639,0.0,1.0
2023-03-14,0.027306254118954886,0.029262206271234766,0.029262206271234766,0.027306254118954886,0.05656846039018965,-0.00195595215227988,0.0026513671214651417,0.0,1.0
2023-03-15,0.02778850314757165,0.029074696535480584,0.029074696535480584,0.02778850314757165,0.05686319968305223,-0.0012861933879089356,0.0006697587643709445,0.0,1.0
2023-03-16,0.027873422147086564,0.02920481738148315,0.02920481738148315,0.027873422147086564,0.05707823952856972,-0.001331395234396588,0.00021503984551748262,0.0,1.0
2023-03-17,0.027096269654889562,0.02910620295680821,0.02910620295680821,0.027096269654889562,0.05620247261169777,-0.0020099333019186483,0.000875766916871943,0.0,1.0
2023-03-20,0.027582737179323875,0.028757757679661967,0.028757757679661967,0.027582737179323875,0.056340494858985846,-0.0011750205003380927,0.0008349128015805556,0.0,1.0
2023-03-21,0.02763289348513135,0.028817269962549796,0.028817269962549796,0.02763289348513135,0.05645016344768115,-0.001184376477418446,0.00010966858869530458,0.0,1.0
2023-03-22,0.02787408733284837,0.028792383524978905,0.028792383524978905,0.02787408733284837,0.05666647085782728,-0.0009182961921305362,0.00026608028528790975,0.0,1.0
2023-03-23,0.0,-0.0,0.0,0.0,0.0,0.0,0.05666647085782728,0.0,1.0
2023-03-24,0.0,-0.0,0.0,0.0,0.0,0.0,0.0,0.0,1.0
2023-03-27,0.0,-0.0,0.0,0.0,0.0,0.0,0.0,0.0,1.0
2023-03-28,0.0,-0.0,0.0,0.0,0.0,0.0,0.0,0.0,1.0
2023-03-29,0.0,-0.0,0.0,0.0,0.0,0.0,0.0,0.0,1.0
2023-03-30,0.0,-0.0,0.0,0.0,0.0,0.0,0.0,0.0,1.0
2023-03-31,0.0,-0.0,0.0,0.0,0.0,0.0,0.0,0.0,1.0
2023-04-03,0.0,-0.0,0.0,0.0,0.0,0.0,0.0,0.0,1.0
2023-04-04,0.0,-0.0,0.0,0.0,0.0,0.0,0.0,0.0,1.0
2023-04-05,0.0,-0.0,0.0,0.0,0.0,0.0,0.0,0.0,1.0
2023-04-06,0.0,-0.0,0.0,0.0,0.0,0.0,0.0,0.0,1.0
2023-04-10,0.0,-0.0,0.0,0.0,0.0,0.0,0.0,0.0,1.0
2023-04-11,0.0,-0.0,0.0,0.0,0.0,0.0,0.0,0.0,1.0
2023-04-12,0.0,-0.0,0.0,0.0,0.0,0.0,0.0,0.0,1.0
2023-04-13,0.0,-0.0,0.0,0.0,0.0,0.0,0.0,0.0,1.0
2023-04-14,0.0,-0.0,0.0,0.0,0.0,0.0,0.0,0.0,1.0
2023-04-17,0.0,-0.0,0.0,0.0,0.0,0.0,0.0,0.0,1.0
2023-04-18,0.0,-0.0,0.0,0.0,0.0,0.0,0.0,0.0,1.0
2023-04-19,0.0,-0.0,0.0,0.0,0.0,0.0,0.0,0.0,1.0
2023-04-20,0.0,-0.0,0.0,0.0,0.0,0.0,0.0,0.0,1.0
2023-04-21,0.0,-0.0,0.0,0.0,0.0,0.0,0.0,0.0,1.0
2023-04-24,0.0,-0.0,0.0,0.0,0.0,0.0,0.0,0.0,1.0
2023-04-25,0.0,-0.0,0.0,0.0,0.0,0.0,0.0,0.0,1.0
2023-04-26,0.0,-0.0,0.0,0.0,0.0,0.0,0.0,0.0,1.0
2023-04-27,0.08068181928370681,0.05556803388543723,0.11631804139960944,0.01993181176953461,0.13624985316914406,0.025113785398269577,0.13624985316914406,0.0,1.0
2023-04-28,0.08363410238724767,0.05592648238168192,0.11668993681747282,0.02287064795145677,0.13956058476892957,0.027707620005565745,0.003310731599785545,0.0,1.0
2023-05-01,0.08515032083516194,0.05521754622581829,0.11671826439264624,0.023649602668333998,0.14036786706098023,0.02993277460934366,0.0022251546037779166,0.0,1.0
2023-05-02,0.06147071249707528,0.047283799309441196,0.06147071249707528,0.047283799309441196,0.10875451180651648,0.014186913187634084,0.12618095387334616,0.0,1.0
2023-05-03,0.06150803479324676,0.047520439817187586,0.06150803479324676,0.047520439817187586,0.10902847461043436,0.013987594976059177,0.00027396280391787237,0.0,1.0
2023-05-04,0.06203964642355017,0.04802292328201955,0.06203964642355017,0.04802292328201955,0.11006256970556971,0.014016723141530622,0.0010340950951353706,0.0,1.0
2023-05-05,0.0,-0.0,0.0,0.0,0.0,0.0,0.11006256970556971,0.0,1.0
2023-05-08,0.0,-0.0,0.0,0.0,0.0,0.0,0.0,0.0,1.0
2023-05-09,0.0,-0.0,0.0,0.0,0.0,0.0,0.0,0.0,1.0
2023-05-10,0.0,-0.0,0.0,0.0,0.0,0.0,0.0,0.0,1.0
2023-05-11,0.0,-0.0,0.0,0.0,0.0,0.0,0.0,0.0,1.0
2023-05-12,0.0,-0.0,0.0,0.0,0.0,0.0,0.0,0.0,1.0
2023-05-15,0.0,-0.0,0.0,0.0,0.0,0.0,0.0,0.0,1.0
2023-05-16,0.0,-0.0,0.0,0.0,0.0,0.0,0.0,0.0,1.0
2023-05-17,0.0,-0.0,0.0,0.0,0.0,0.0,0.0,0.0,1.0
2023-05-18,0.0,-0.0,0.0,0.0,0.0,0.0,0.0,0.0,1.0
2023-05-19,0.0,-0.0,0.0,0.0,0.0,0.0,0.0,0.0,1.0
2023-05-22,0.0,-0.0,0.0,0.0,0.0,0.0,0.0,0.0,1.0
2023-05-23,0.0,-0.0,0.0,0.0,0.0,0.0,0.0,0.0,1.0
2023-05-24,0.0,-0.0,0.0,0.0,0.0,0.0,0.0,0.0,1.0
2023-05-25,0.0,-0.0,0.0,0.0,0.0,0.0,0.0,0.0,1.0
2023-05-26,0.0411083449158793,0.01974944515640333,0.01974944515640333,0.0411083449158793,0.06085779007228263,0.021358899759475972,0.06085779007228263,0.0,1.0
2023-05-30,0.0,-0.0,0.0,0.0,0.0,0.0,0.06085779007228263,0.0,1.0
2023-05-31,0.03972844499432566,0.033251876807287965,0.033251876807287965,0.03972844499432566,0.07298032180161362,0.006476568187037693,0.07298032180161362,0.0,1.0
2023-06-01,0.04313730822091967,0.03660732783593591,0.03660732783593591,0.04313730822091967,0.07974463605685558,0.006529980384983758,0.00676431425524196,0.0,1.0
2023-06-02,0.037887760067963024,0.03287186853377941,0.03287186853377941,0.037887760067963024,0.07075962860174242,0.0050158915341836155,0.008985007455113152,0.0,1.0
2023-06-05,0.0,-0.0,0.0,0.0,0.0,0.0,0.07075962860174242,0.0,1.0
2023-06-06,0.0,-0.0,0.0,0.0,0.0,0.0,0.0,0.0,1.0
2023-06-07,0.0,-0.0,0.0,0.0,0.0,0.0,0.0,0.0,1.0
2023-06-08,0.0,-0.0,0.0,0.0,0.0,0.0,0.0,0.0,1.0
2023-06-09,0.0,-0.0,0.0,0.0,0.0,0.0,0.0,0.0,1.0
2023-06-12,0.0,-0.0,0.0,0.0,0.0,0.0,0.0,0.0,1.0
2023-06-13,0.03417242304698157,0.04487196766053318,0.04487196766053318,0.03417242304698157,0.07904439070751476,-0.01069954461355161,0.07904439070751476,0.0,1.0
2023-06-14,0.034681793208990536,0.04557542894660224,0.04557542894660224,0.034681793208990536,0.08025722215559278,-0.010893635737611707,0.0012128314480780236,0.0,1.0
2023-06-15,0.033345537942370204,0.04179145523270577,0.04179145523270577,0.033345537942370204,0.07513699317507597,-0.008445917290335565,0.005120228980516804,0.0,1.0
2023-06-16,0.03379141286338071,0.041006445731399145,0.041006445731399145,0.03379141286338071,0.07479785859477986,-0.007215032868018438,0.0012308844223171272,0.0,1.0
2023-06-20,0.03445557455762422,0.040776070480499145,0.040776070480499145,0.03445557455762422,0.07523164503812337,-0.006320495922874925,0.0008945369451435134,0.0,1.0
2023-06-21,0.0,-0.0,0.0,0.0,0.0,0.0,0.07523164503812337,0.0,1.0
2023-06-22,0.0,-0.0,0.0,0.0,0.0,0.0,0.0,0.0,1.0
2023-06-23,0.0,-0.0,0.0,0.0,0.0,0.0,0.0,0.0,1.0
2023-06-26,0.0,-0.0,0.0,0.0,0.0,0.0,0.0,0.0,1.0
2023-06-27,0.0,-0.0,0.0,0.0,0.0,0.0,0.0,0.0,1.0
2023-06-28,0.0,-0.0,0.0,0.0,0.0,0.0,0.0,0.0,1.0
2023-06-29,0.0,-0.0,0.0,0.0,0.0,0.0,0.0,0.0,1.0
2023-06-30,0.0,-0.0,0.0,0.0,0.0,0.0,0.0,0.0,1.0
2023-07-03,0.0,-0.0,0.0,0.0,0.0,0.0,0.0,0.0,1.0
2023-07-05,0.0,-0.0,0.0,0.0,0.0,0.0,0.0,0.0,1.0
2023-07-06,0.0,-0.0,0.0,0.0,0.0,0.0,0.0,0.0,1.0
2023-07-07,0.0,-0.0,0.0,0.0,0.0,0.0,0.0,0.0,1.0
2023-07-10,0.0,-0.0,0.0,0.0,0.0,0.0,0.0,0.0,1.0
2023-07-11,0.0,-0.0,0.0,0.0,0.0,0.0,0.0,0.0,1.0
2023-07-12,0.0,-0.0,0.0,0.0,0.0,0.0,0.0,0.0,1.0
2023-07-13,0.0,-0.0,0.0,0.0,0.0,0.0,0.0,0.0,1.0
2023-07-14,0.0,-0.0,0.0,0.0,0.0,0.0,0.0,0.0,1.0
2023-07-17,0.0,-0.0,0.0,0.0,0.0,0.0,0.0,0.0,1.0
2023-07-18,0.0,-0.0,0.0,0.0,0.0,0.0,0.0,0.0,1.0
2023-07-19,0.0,-0.0,0.0,0.0,0.0,0.0,0.0,0.0,1.0
2023-07-20,0.0,-0.0,0.0,0.0,0.0,0.0,0.0,0.0,1.0
2023-07-21,0.0,-0.0,0.0,0.0,0.0,0.0,0.0,0.0,1.0
2023-07-24,0.0,-0.0,0.0,0.0,0.0,0.0,0.0,0.0,1.0
2023-07-25,0.0,-0.0,0.0,0.0,0.0,0.0,0.0,0.0,1.0
2023-07-26,0.0,-0.0,0.0,0.0,0.0,0.0,0.0,0.0,1.0
2023-07-27,0.0,-0.0,0.0,0.0,0.0,0.0,0.0,0.0,1.0
2023-07-28,0.0,-0.0,0.0,0.0,0.0,0.0,0.0,0.0,1.0
2023-07-31,0.0,-0.0,0.0,0.0,0.0,0.0,0.0,0.0,1.0
2023-08-01,0.0,-0.0,0.0,0.0,0.0,0.0,0.0,0.0,1.0
2023-08-02,0.0,-0.0,0.0,0.0,0.0,0.0,0.0,0.0,1.0
2023-08-03,0.0,-0.0,0.0,0.0,0.0,0.0,0.0,0.0,1.0
2023-08-04,0.0,-0.0,0.0,0.0,0.0,0.0,0.0,0.0,1.0
2023-08-07,0.0,-0.0,0.0,0.0,0.0,0.0,0.0,0.0,1.0
2023-08-08,0.0,-0.0,0.0,0.0,0.0,0.0,0.0,0.0,1.0
2023-08-09,0.0,-0.0,0.0,0.0,0.0,0.0,0.0,0.0,1.0
2023-08-10,0.0,-0.0,0.0,0.0,0.0,0.0,0.0,0.0,1.0
2023-08-11,0.0,-0.0,0.0,0.0,0.0,0.0,0.0,0.0,1.0
2023-08-14,0.0,-0.0,0.0,0.0,0.0,0.0,0.0,0.0,1.0
2023-08-15,0.0,-0.0,0.0,0.0,0.0,0.0,0.0,0.0,1.0
2023-08-16,0.0,-0.0,0.0,0.0,0.0,0.0,0.0,0.0,1.0
2023-08-17,0.0,-0.0,0.0,0.0,0.0,0.0,0.0,0.0,1.0
2023-08-18,0.0,-0.0,0.0,0.0,0.0,0.0,0.0,0.0,1.0
2023-08-21,0.0,-0.0,0.0,0.0,0.0,0.0,0.0,0.0,1.0
2023-08-22,0.0,-0.0,0.0,0.0,0.0,0.0,0.0,0.0,1.0
2023-08-23,0.0,-0.0,0.0,0.0,0.0,0.0,0.0,0.0,1.0
2023-08-24,0.0,-0.0,0.0,0.0,0.0,0.0,0.0,0.0,1.0
2023-08-25,0.06440441002110692,0.03608009942552109,0.03608009942552109,0.06440441002110692,0.10048450944662801,0.02832431059558583,0.10048450944662801,0.0,1.0
2023-08-28,0.05380372445553371,0.03228335565899775,0.03228335565899775,0.05380372445553371,0.08608708011453146,0.02152036879653596,0.014397429332096541,0.0,1.0
2023-08-29,0.0528065521825771,0.03246889324880343,0.03246889324880343,0.0528065521825771,0.08527544543138052,0.02033765893377367,0.0011827098627622892,0.0,1.0
2023-08-30,0.05438494020813934,0.03279371440593857,0.03279371440593857,0.05438494020813934,0.08717865461407791,0.02159122580220077,0.001903209182697381,0.0,1.0
2023-08-31,0.05411515894234068,0.032668804710033604,0.032668804710033604,0.05411515894234068,0.08678396365237429,0.021446354232307077,0.0003946909617036226,0.0,1.0
2023-09-01,0.0,-0.0,0.0,0.0,0.0,0.0,0.08678396365237429,0.0,1.0
2023-09-05,0.0,-0.0,0.0,0.0,0.0,0.0,0.0,0.0,1.0
2023-09-06,0.0,-0.0,0.0,0.0,0.0,0.0,0.0,0.0,1.0
2023-09-07,0.0,-0.0,0.0,0.0,0.0,0.0,0.0,0.0,1.0
2023-09-08,0.0,-0.0,0.0,0.0,0.0,0.0,0.0,0.0,1.0
2023-09-11,0.0,-0.0,0.0,0.0,0.0,0.0,0.0,0.0,1.0
2023-09-12,0.0,-0.0,0.0,0.0,0.0,0.0,0.0,0.0,1.0
2023-09-13,0.0,-0.0,0.0,0.0,0.0,0.0,0.0,0.0,1.0
2023-09-14,0.0,-0.0,0.0,0.0,0.0,0.0,0.0,0.0,1.0
2023-09-15,0.0,-0.0,0.0,0.0,0.0,0.0,0.0,0.0,1.0
2023-09-18,0.0,-0.0,0.0,0.0,0.0,0.0,0.0,0.0,1.0
2023-09-19,0.0,-0.0,0.0,0.0,0.0,0.0,0.0,0.0,1.0
2023-09-20,0.0,-0.0,0.0,0.0,0.0,0.0,0.0,0.0,1.0
2023-09-21,0.0,-0.0,0.0,0.0,0.0,0.0,0.0,0.0,1.0
2023-09-22,0.0,-0.0,0.0,0.0,0.0,0.0,0.0,0.0,1.0
2023-09-25,0.0,-0.0,0.0,0.0,0.0,0.0,0.0,0.0,1.0
2023-09-26,0.0,-0.0,0.0,0.0,0.0,0.0,0.0,0.0,1.0
2023-09-27,0.0,-0.0,0.0,0.0,0.0,0.0,0.0,0.0,1.0
2023-09-28,0.0,-0.0,0.0,0.0,0.0,0.0,0.0,0.0,1.0
2023-09-29,0.0,-0.0,0.0,0.0,0.0,0.0,0.0,0.0,1.0
2023-10-02,0.0,-0.0,0.0,0.0,0.0,0.0,0.0,0.0,1.0
2023-10-03,0.0,-0.0,0.0,0.0,0.0,0.0,0.0,0.0,1.0
2023-10-04,0.0,-0.0,0.0,0.0,0.0,0.0,0.0,0.0,1.0
2023-10-05,0.0,-0.0,0.0,0.0,0.0,0.0,0.0,0.0,1.0
2023-10-06,0.0,-0.0,0.0,0.0,0.0,0.0,0.0,0.0,1.0
2023-10-09,0.0,-0.0,0.0,0.0,0.0,0.0,0.0,0.0,1.0
2023-10-10,0.0,-0.0,0.0,0.0,0.0,0.0,0.0,0.0,1.0
2023-10-11,0.0,-0.0,0.0,0.0,0.0,0.0,0.0,0.0,1.0
2023-10-12,0.0,-0.0,0.0,0.0,0.0,0.0,0.0,0.0,1.0
2023-10-13,0.0,-0.0,0.0,0.0,0.0,0.0,0.0,0.0,1.0
2023-10-16,0.0,-0.0,0.0,0.0,0.0,0.0,0.0,0.0,1.0
2023-10-17,0.0,-0.0,0.0,0.0,0.0,0.0,0.0,0.0,1.0
2023-10-18,0.0,-0.0,0.0,0.0,0.0,0.0,0.0,0.0,1.0
2023-10-19,0.0,-0.0,0.0,0.0,0.0,0.0,0.0,0.0,1.0
2023-10-20,0.0,-0.0,0.0,0.0,0.0,0.0,0.0,0.0,1.0
2023-10-23,0.0,-0.0,0.0,0.0,0.0,0.0,0.0,0.0,1.0
2023-10-24,0.0,-0.0,0.0,0.0,0.0,0.0,0.0,0.0,1.0
2023-10-25,0.0,-0.0,0.0,0.0,0.0,0.0,0.0,0.0,1.0
2023-10-26,0.09867084805150939,0.08952595409525106,0.09867084805150939,0.08952595409525106,0.18819680214676043,0.009144893956258324,0.18819680214676043,0.0,1.0
2023-10-27,0.06421678757854787,0.05074383082715408,0.06421678757854787,0.05074383082715408,0.11496061840570196,0.013472956751393796,0.0732361837410585,0.0,1.0
2023-10-30,0.0,-0.0,0.0,0.0,0.0,0.0,0.11496061840570196,0.0,1.0
2023-10-31,0.0,-0.0,0.0,0.0,0.0,0.0,0.0,0.0,1.0
2023-11-01,0.0,-0.0,0.0,0.0,0.0,0.0,0.0,0.0,1.0
2023-11-02,0.06834357101300015,0.03534167654307687,0.03534167654307687,0.06834357101300015,0.10368524755607703,0.03300189446992328,0.10368524755607703,0.0,1.0
2023-11-03,0.0,-0.0,0.0,0.0,0.0,0.0,0.10368524755607703,0.0,1.0
2023-11-06,0.0,-0.0,0.0,0.0,0.0,0.0,0.0,0.0,1.0
2023-11-07,0.0,-0.0,0.0,0.0,0.0,0.0,0.0,0.0,1.0
2023-11-08,0.0,-0.0,0.0,0.0,0.0,0.0,0.0,0.0,1.0
2023-11-09,0.0,-0.0,0.0,0.0,0.0,0.0,0.0,0.0,1.0
2023-11-10,0.0,-0.0,0.0,0.0,0.0,0.0,0.0,0.0,1.0
2023-11-13,0.0,-0.0,0.0,0.0,0.0,0.0,0.0,0.0,1.0
2023-11-14,0.0,-0.0,0.0,0.0,0.0,0.0,0.0,0.0,1.0
2023-11-15,0.0,-0.0,0.0,0.0,0.0,0.0,0.0,0.0,1.0
2023-11-16,0.10130302031125023,0.06097145731735692,0.10130302031125023,0.06097145731735692,0.16227447762860714,0.04033156299389331,0.16227447762860714,0.0,1.0
2023-11-17,0.03114822168948409,0.0171326430273347,0.03114822168948409,0.0171326430273347,0.04828086471681879,0.014015578662149392,0.11399361291178835,0.0,1.0
2023-11-20,0.0,-0.0,0.0,0.0,0.0,0.0,0.04828086471681879,0.0,1.0
2023-11-21,0.0,-0.0,0.0,0.0,0.0,0.0,0.0,0.0,1.0
2023-11-22,0.0,-0.0,0.0,0.0,0.0,0.0,0.0,0.0,1.0
2023-11-24,0.05974078632514373,0.09017185292157331,0.05974078632514373,0.09017185292157331,0.14991263924671705,-0.030431066596429586,0.14991263924671705,0.0,1.0
2023-11-27,0.05824395349396227,0.0882658809343373,0.05824395349396227,0.0882658809343373,0.14650983442829957,-0.03002192744037504,0.003402804818417468,0.0,1.0
2023-11-28,0.05667015906478095,0.08591902275562108,0.05667015906478095,0.08591902275562108,0.14258918182040203,-0.029248863690840128,0.0039206526078975484,0.0,1.0
2023-11-29,0.056129751298183456,0.08538537553552605,0.056129751298183456,0.08538537553552605,0.1415151268337095,-0.029255624237342598,0.0010740549866925173,0.0,1.0
2023-11-30,0.05912500899967717,0.09001961597546798,0.05912500899967717,0.09001961597546798,0.14914462497514513,-0.030894606975790814,0.007629498141435639,0.0,1.0
2023-12-01,0.05299968171616157,0.07934008843313607,0.05299968171616157,0.07934008843313607,0.13233977014929765,-0.026340406716974504,0.01680485482584751,0.0,1.0
2023-12-04,0.053018803714373036,0.08008685169753593,0.053018803714373036,0.08008685169753593,0.13310565541190897,-0.027068047983162896,0.0007658852626113294,0.0,1.0
2023-12-05,0.05591369882707025,0.0853809613489256,0.05591369882707025,0.0853809613489256,0.14129466017599585,-0.02946726252185535,0.008189004764086884,0.0,1.0
2023-12-06,0.12980299787136432,0.15000000000000002,0.15000000000000002,0.12980299787136432,0.2798029978713643,-0.020197002128635705,0.4210976580473602,0.0,1.0
2023-12-07,0.12872232666088726,0.15000000000000002,0.15000000000000002,0.12872232666088726,0.27872232666088725,-0.021277673339112763,0.0010806712104770577,0.0,1.0
2023-12-08,0.1289433530020008,0.15000000000000002,0.15000000000000002,0.1289433530020008,0.2789433530020008,-0.021056646997999223,0.00022102634111353936,0.0,1.0
2023-12-11,0.12859653948890087,0.15000000000000002,0.15000000000000002,0.12859653948890087,0.2785965394889009,-0.02140346051109915,0.00034681351309992503,0.0,1.0
2023-12-12,0.0,-0.0,0.0,0.0,0.0,0.0,0.2785965394889009,0.0,1.0
2023-12-13,0.06856290079415278,0.0357388484353258,0.0357388484353258,0.06856290079415278,0.10430174922947857,0.03282405235882698,0.10430174922947857,0.0,1.0
2023-12-14,0.06735686344457231,0.03544700103234179,0.03544700103234179,0.06735686344457231,0.1028038644769141,0.031909862412230525,0.001497884752564481,0.0,1.0
2023-12-15,0.10790157884889795,0.08861184230750346,0.08861184230750346,0.10790157884889795,0.1965134211564014,0.019289736541394487,0.0937095566794873,0.0,1.0
2023-12-18,0.11458981407574778,0.1816141892759436,0.1816141892759436,0.11458981407574778,0.2962040033516914,-0.06702437520019583,0.17279815816895056,0.0,1.0
2023-12-19,0.03804419029845289,0.053191573131318726,0.053191573131318726,0.03804419029845289,0.09123576342977162,-0.015147382832865833,0.20723527754321086,0.0,1.0
2023-12-20,0.0,-0.0,0.0,0.0,0.0,0.0,0.09123576342977162,0.0,1.0
2023-12-21,0.0,-0.0,0.0,0.0,0.0,0.0,0.0,0.0,1.0
2023-12-22,0.0,-0.0,0.0,0.0,0.0,0.0,0.0,0.0,1.0
2023-12-26,0.0,-0.0,0.0,0.0,0.0,0.0,0.0,0.0,1.0
2023-12-27,0.0,-0.0,0.0,0.0,0.0,0.0,0.0,0.0,1.0
2023-12-28,0.0,-0.0,0.0,0.0,0.0,0.0,0.0,0.0,1.0
2023-12-29,0.0,-0.0,0.0,0.0,0.0,0.0,0.0,0.0,1.0
2024-01-02,0.0,-0.0,0.0,0.0,0.0,0.0,0.0,0.0,1.0
2024-01-03,0.0,-0.0,0.0,0.0,0.0,0.0,0.0,0.0,1.0
2024-01-04,0.0,-0.0,0.0,0.0,0.0,0.0,0.0,0.0,1.0
2024-01-05,0.0,-0.0,0.0,0.0,0.0,0.0,0.0,0.0,1.0
2024-01-08,0.0,-0.0,0.0,0.0,0.0,0.0,0.0,0.0,1.0
2024-01-09,0.12937566774520678,0.06310475652554516,0.06310475652554516,0.12937566774520678,0.19248042427075196,0.06627091121966162,0.19248042427075196,0.0,1.0
2024-01-10,0.13334684010227119,0.0650445392516742,0.0650445392516742,0.13334684010227119,0.19839137935394538,0.06830230085059699,0.005910955083193434,0.0,1.0
2024-01-11,0.12168083672924265,0.06065471229305487,0.06065471229305487,0.12168083672924265,0.18233554902229754,0.06102612443618778,0.016055830331647855,0.0,1.0
2024-01-12,0.11681798774155779,0.05817209675993913,0.05817209675993913,0.11681798774155779,0.17499008450149692,0.058645890981618654,0.007345464520800607,0.0,1.0
2024-01-16,0.0,-0.0,0.0,0.0,0.0,0.0,0.17499008450149692,0.0,1.0
2024-01-17,0.07135418882003511,0.03600827626238597,0.03600827626238597,0.07135418882003511,0.10736246508242109,0.035345912557649135,0.10736246508242109,0.0,1.0
2024-01-18,0.07095989759373043,0.03589812567961435,0.03589812567961435,0.07095989759373043,0.10685802327334479,0.03506177191411609,0.0005044418090763003,0.0,1.0
2024-01-19,0.0674326739368495,0.03400003921814036,0.03400003921814036,0.0674326739368495,0.10143271315498986,0.03343263471870914,0.005425310118354919,0.0,1.0
2024-01-22,0.06860178121828268,0.03356740194284604,0.03356740194284604,0.06860178121828268,0.10216918316112872,0.03503437927543664,0.0016017445567275065,0.0,1.0
2024-01-23,0.060668919768745194,0.029809917649655772,0.029809917649655772,0.060668919768745194,0.09047883741840096,0.030859002119089422,0.011690345742727759,0.0,1.0
2024-01-24,0.0,-0.0,0.0,0.0,0.0,0.0,0.09047883741840096,0.0,1.0
2024-01-25,0.0,-0.0,0.0,0.0,0.0,0.0,0.0,0.0,1.0
2024-01-26,0.0,-0.0,0.0,0.0,0.0,0.0,0.0,0.0,1.0
2024-01-29,0.0,-0.0,0.0,0.0,0.0,0.0,0.0,0.0,1.0
2024-01-30,0.0,-0.0,0.0,0.0,0.0,0.0,0.0,0.0,1.0
2024-01-31,0.0,-0.0,0.0,0.0,0.0,0.0,0.0,0.0,1.0
2024-02-01,0.0,-0.0,0.0,0.0,0.0,0.0,0.0,0.0,1.0
2024-02-02,0.0,-0.0,0.0,0.0,0.0,0.0,0.0,0.0,1.0
2024-02-05,0.0,-0.0,0.0,0.0,0.0,0.0,0.0,0.0,1.0
2024-02-06,0.0,-0.0,0.0,0.0,0.0,0.0,0.0,0.0,1.0
2024-02-07,0.0,-0.0,0.0,0.0,0.0,0.0,0.0,0.0,1.0
2024-02-08,0.0,-0.0,0.0,0.0,0.0,0.0,0.0,0.0,1.0
2024-02-09,0.0,-0.0,0.0,0.0,0.0,0.0,0.0,0.0,1.0
2024-02-12,0.0,-0.0,0.0,0.0,0.0,0.0,0.0,0.0,1.0
2024-02-13,0.0,-0.0,0.0,0.0,0.0,0.0,0.0,0.0,1.0
2024-02-14,0.0,-0.0,0.0,0.0,0.0,0.0,0.0,0.0,1.0
2024-02-15,0.0,-0.0,0.0,0.0,0.0,0.0,0.0,0.0,1.0
2024-02-16,0.0,-0.0,0.0,0.0,0.0,0.0,0.0,0.0,1.0
2024-02-20,0.0,-0.0,0.0,0.0,0.0,0.0,0.0,0.0,1.0
2024-02-21,0.0,-0.0,0.0,0.0,0.0,0.0,0.0,0.0,1.0
2024-02-22,0.0,-0.0,0.0,0.0,0.0,0.0,0.0,0.0,1.0
2024-02-23,0.0,-0.0,0.0,0.0,0.0,0.0,0.0,0.0,1.0
2024-02-26,0.0,-0.0,0.0,0.0,0.0,0.0,0.0,0.0,1.0
2024-02-27,0.0,-0.0,0.0,0.0,0.0,0.0,0.0,0.0,1.0
2024-02-28,0.0,-0.0,0.0,0.0,0.0,0.0,0.0,0.0,1.0
2024-02-29,0.0,-0.0,0.0,0.0,0.0,0.0,0.0,0.0,1.0
2024-03-01,0.0,-0.0,0.0,0.0,0.0,0.0,0.0,0.0,1.0
2024-03-04,0.0,-0.0,0.0,0.0,0.0,0.0,0.0,0.0,1.0
2024-03-05,0.0,-0.0,0.0,0.0,0.0,0.0,0.0,0.0,1.0
2024-03-06,0.0,-0.0,0.0,0.0,0.0,0.0,0.0,0.0,1.0
2024-03-07,0.0,-0.0,0.0,0.0,0.0,0.0,0.0,0.0,1.0
2024-03-08,0.0,-0.0,0.0,0.0,0.0,0.0,0.0,0.0,1.0
2024-03-11,0.0,-0.0,0.0,0.0,0.0,0.0,0.0,0.0,1.0
2024-03-12,0.0,-0.0,0.0,0.0,0.0,0.0,0.0,0.0,1.0
2024-03-13,0.03832492993179791,0.03412311440071019,0.03412311440071019,0.03832492993179791,0.0724480443325081,0.00420181553108772,0.0724480443325081,0.0,1.0
2024-03-14,0.03813548780084743,0.03407473225108037,0.03407473225108037,0.03813548780084743,0.0722102200519278,0.004060755549767064,0.00023782428058029964,0.0,1.0
2024-03-15,0.03779911060542864,0.03405625530234065,0.03405625530234065,0.03779911060542864,0.0718553659077693,0.0037428553030879885,0.00035485414415850625,0.0,1.0
2024-03-18,0.03716336405683163,0.0343785156883366,0.0343785156883366,0.03716336405683163,0.07154187974516824,0.0027848483684950257,0.0009580069345929629,0.0,1.0
2024-03-19,0.03740508271348251,0.0345620485150345,0.0345620485150345,0.03740508271348251,0.071967131228517,0.0028430341984480093,0.00042525148334877916,0.0,1.0
2024-03-20,0.0,-0.0,0.0,0.0,0.0,0.0,0.071967131228517,0.0,1.0
2024-03-21,0.0,-0.0,0.0,0.0,0.0,0.0,0.0,0.0,1.0
2024-03-22,0.0,-0.0,0.0,0.0,0.0,0.0,0.0,0.0,1.0
2024-03-25,0.0,-0.0,0.0,0.0,0.0,0.0,0.0,0.0,1.0
2024-03-26,0.0,-0.0,0.0,0.0,0.0,0.0,0.0,0.0,1.0
2024-03-27,0.0,-0.0,0.0,0.0,0.0,0.0,0.0,0.0,1.0
2024-03-28,0.0,-0.0,0.0,0.0,0.0,0.0,0.0,0.0,1.0
2024-04-01,0.0,-0.0,0.0,0.0,0.0,0.0,0.0,0.0,1.0
2024-04-02,0.0,-0.0,0.0,0.0,0.0,0.0,0.0,0.0,1.0
2024-04-03,0.0,-0.0,0.0,0.0,0.0,0.0,0.0,0.0,1.0
2024-04-04,0.0,-0.0,0.0,0.0,0.0,0.0,0.0,0.0,1.0
2024-04-05,0.0,-0.0,0.0,0.0,0.0,0.0,0.0,0.0,1.0
2024-04-08,0.0,-0.0,0.0,0.0,0.0,0.0,0.0,0.0,1.0
2024-04-09,0.0,-0.0,0.0,0.0,0.0,0.0,0.0,0.0,1.0
2024-04-10,0.0,-0.0,0.0,0.0,0.0,0.0,0.0,0.0,1.0
2024-04-11,0.0,-0.0,0.0,0.0,0.0,0.0,0.0,0.0,1.0
2024-04-12,0.0,-0.0,0.0,0.0,0.0,0.0,0.0,0.0,1.0
2024-04-15,0.02975263386312306,0.05169241049090143,0.05169241049090143,0.02975263386312306,0.0814450443540245,-0.021939776627778372,0.0814450443540245,0.0,1.0
2024-04-16,0.027805038719983494,0.05084775082960972,0.05084775082960972,0.027805038719983494,0.0786527895495932,-0.023042712109626225,0.0027922548044312795,0.0,1.0
2024-04-17,0.025721766689757147,0.04851120787277854,0.04851120787277854,0.025721766689757147,0.07423297456253569,-0.02278944118302139,0.004419814987057527,0.0,1.0
2024-04-18,0.025615837021602136,0.0492439090096657,0.0492439090096657,0.025615837021602136,0.07485974603126784,-0.023628071988063565,0.0008386308050421752,0.0,1.0
2024-04-19,0.0,-0.0,0.0,0.0,0.0,0.0,0.07485974603126784,0.0,1.0
2024-04-22,0.0,-0.0,0.0,0.0,0.0,0.0,0.0,0.0,1.0
2024-04-23,0.0,-0.0,0.0,0.0,0.0,0.0,0.0,0.0,1.0
2024-04-24,0.0,-0.0,0.0,0.0,0.0,0.0,0.0,0.0,1.0
2024-04-25,0.0,-0.0,0.0,0.0,0.0,0.0,0.0,0.0,1.0
2024-04-26,0.0,-0.0,0.0,0.0,0.0,0.0,0.0,0.0,1.0
2024-04-29,0.0,-0.0,0.0,0.0,0.0,0.0,0.0,0.0,1.0
2024-04-30,0.0,-0.0,0.0,0.0,0.0,0.0,0.0,0.0,1.0
2024-05-01,0.0,-0.0,0.0,0.0,0.0,0.0,0.0,0.0,1.0
2024-05-02,0.0,-0.0,0.0,0.0,0.0,0.0,0.0,0.0,1.0
2024-05-03,0.0877530812668543,0.10147114558563641,0.10147114558563641,0.0877530812668543,0.1892242268524907,-0.013718064318782114,0.1892242268524907,0.0,1.0
2024-05-06,0.07730812031824386,0.08474317810351929,0.08474317810351929,0.07730812031824386,0.16205129842176313,-0.007435057785275437,0.027172928430727557,0.0,1.0
2024-05-07,0.07475149932451186,0.08270382612703209,0.08270382612703209,0.07475149932451186,0.15745532545154395,-0.007952326802520227,0.00494574874862664,0.0,1.0
2024-05-08,0.0,-0.0,0.0,0.0,0.0,0.0,0.0,0.0,1.0
2024-05-09,0.0,-0.0,0.0,0.0,0.0,0.0,0.0,0.0,1.0
2024-05-10,0.0,-0.0,0.0,0.0,0.0,0.0,0.0,0.0,1.0
2024-05-13,0.0,-0.0,0.0,0.0,0.0,0.0,0.0,0.0,1.0
2024-05-14,0.0,-0.0,0.0,0.0,0.0,0.0,0.0,0.0,1.0
2024-05-15,0.0,-0.0,0.0,0.0,0.0,0.0,0.0,0.0,1.0
2024-05-16,0.0,-0.0,0.0,0.0,0.0,0.0,0.0,0.0,1.0
2024-05-17,0.0,-0.0,0.0,0.0,0.0,0.0,0.0,0.0,1.0
2024-05-20,0.0,-0.0,0.0,0.0,0.0,0.0,0.0,0.0,1.0
2024-05-21,0.0,-0.0,0.0,0.0,0.0,0.0,0.0,0.0,1.0
2024-05-22,0.0,-0.0,0.0,0.0,0.0,0.0,0.0,0.0,1.0
2024-05-23,0.0,-0.0,0.0,0.0,0.0,0.0,0.0,0.0,1.0
2024-05-24,0.0,-0.0,0.0,0.0,0.0,0.0,0.0,0.0,1.0
2024-05-28,0.0,-0.0,0.0,0.0,0.0,0.0,0.0,0.0,1.0
2024-05-29,0.0,-0.0,0.0,0.0,0.0,0.0,0.0,0.0,1.0
2024-05-30,0.0,-0.0,0.0,0.0,0.0,0.0,0.0,0.0,1.0
2024-05-31,0.01685942649519633,0.024180565910796606,0.01685942649519633,0.024180565910796606,0.04103999240599293,-0.007321139415600277,0.04103999240599293,0.0,1.0
2024-06-03,0.0,-0.0,0.0,0.0,0.0,0.0,0.04103999240599293,0.0,1.0
2024-06-04,0.0,-0.0,0.0,0.0,0.0,0.0,0.0,0.0,1.0
2024-06-05,0.0,-0.0,0.0,0.0,0.0,0.0,0.0,0.0,1.0
2024-06-06,0.0,-0.0,0.0,0.0,0.0,0.0,0.0,0.0,1.0
2024-06-07,0.0,-0.0,0.0,0.0,0.0,0.0,0.0,0.0,1.0
2024-06-10,0.0,-0.0,0.0,0.0,0.0,0.0,0.0,0.0,1.0
2024-06-11,0.0,-0.0,0.0,0.0,0.0,0.0,0.0,0.0,1.0
2024-06-12,0.0,-0.0,0.0,0.0,0.0,0.0,0.0,0.0,1.0
2024-06-13,0.0,-0.0,0.0,0.0,0.0,0.0,0.0,0.0,1.0
2024-06-14,0.0,-0.0,0.0,0.0,0.0,0.0,0.0,0.0,1.0
2024-06-17,0.0,-0.0,0.0,0.0,0.0,0.0,0.0,0.0,1.0
2024-06-18,0.0,-0.0,0.0,0.0,0.0,0.0,0.0,0.0,1.0
2024-06-20,0.0,-0.0,0.0,0.0,0.0,0.0,0.0,0.0,1.0
2024-06-21,0.0,-0.0,0.0,0.0,0.0,0.0,0.0,0.0,1.0
2024-06-24,0.0,-0.0,0.0,0.0,0.0,0.0,0.0,0.0,1.0
2024-06-25,0.0,-0.0,0.0,0.0,0.0,0.0,0.0,0.0,1.0
2024-06-26,0.0,-0.0,0.0,0.0,0.0,0.0,0.0,0.0,1.0
2024-06-27,0.0,-0.0,0.0,0.0,0.0,0.0,0.0,0.0,1.0
2024-06-28,0.0,-0.0,0.0,0.0,0.0,0.0,0.0,0.0,1.0
2024-07-01,0.0,-0.0,0.0,0.0,0.0,0.0,0.0,0.0,1.0
2024-07-02,0.0,-0.0,0.0,0.0,0.0,0.0,0.0,0.0,1.0
2024-07-03,0.0,-0.0,0.0,0.0,0.0,0.0,0.0,0.0,1.0
2024-07-05,0.0,-0.0,0.0,0.0,0.0,0.0,0.0,0.0,1.0
2024-07-08,0.0,-0.0,0.0,0.0,0.0,0.0,0.0,0.0,1.0
2024-07-09,0.0,-0.0,0.0,0.0,0.0,0.0,0.0,0.0,1.0
2024-07-10,0.0,-0.0,0.0,0.0,0.0,0.0,0.0,0.0,1.0
2024-07-11,0.0,-0.0,0.0,0.0,0.0,0.0,0.0,0.0,1.0
2024-07-12,0.0,-0.0,0.0,0.0,0.0,0.0,0.0,0.0,1.0
2024-07-15,0.0,-0.0,0.0,0.0,0.0,0.0,0.0,0.0,1.0
2024-07-16,0.0,-0.0,0.0,0.0,0.0,0.0,0.0,0.0,1.0
2024-07-17,0.0,-0.0,0.0,0.0,0.0,0.0,0.0,0.0,1.0
2024-07-18,0.0,-0.0,0.0,0.0,0.0,0.0,0.0,0.0,1.0
2024-07-19,0.0,-0.0,0.0,0.0,0.0,0.0,0.0,0.0,1.0
2024-07-22,0.0,-0.0,0.0,0.0,0.0,0.0,0.0,0.0,1.0
2024-07-23,0.0,-0.0,0.0,0.0,0.0,0.0,0.0,0.0,1.0
2024-07-24,0.0,-0.0,0.0,0.0,0.0,0.0,0.0,0.0,1.0
2024-07-25,0.0,-0.0,0.0,0.0,0.0,0.0,0.0,0.0,1.0
2024-07-26,0.0,-0.0,0.0,0.0,0.0,0.0,0.0,0.0,1.0
2024-07-29,0.0,-0.0,0.0,0.0,0.0,0.0,0.0,0.0,1.0
2024-07-30,0.0,-0.0,0.0,0.0,0.0,0.0,0.0,0.0,1.0
2024-07-31,0.0,-0.0,0.0,0.0,0.0,0.0,0.0,0.0,1.0
2024-08-01,0.0,-0.0,0.0,0.0,0.0,0.0,0.0,0.0,1.0
2024-08-02,0.0,-0.0,0.0,0.0,0.0,0.0,0.0,0.0,1.0
2024-08-05,0.011310959705339116,0.014975025345811653,0.011310959705339116,0.014975025345811653,0.02628598505115077,-0.003664065640472537,0.02628598505115077,0.0,1.0
2024-08-06,0.011725047269820819,0.015946714665628043,0.011725047269820819,0.015946714665628043,0.02767176193544886,-0.004221667395807224,0.001385776884298093,0.0,1.0
2024-08-07,0.011843198155344377,0.015835237374622745,0.011843198155344377,0.015835237374622745,0.02767843552996712,-0.003992039219278367,0.0002296281765288566,0.0,1.0
2024-08-08,0.011883533866317256,0.016081492200495366,0.011883533866317256,0.016081492200495366,0.027965026066812622,-0.00419795833417811,0.0002865905368455001,0.0,1.0
2024-08-09,0.011674510159554374,0.01653521610465387,0.011674510159554374,0.01653521610465387,0.028209726264208243,-0.004860705945099497,0.0006627476109213864,0.0,1.0
2024-08-12,0.0,-0.0,0.0,0.0,0.0,0.0,0.028209726264208243,0.0,1.0
2024-08-13,0.0,-0.0,0.0,0.0,0.0,0.0,0.0,0.0,1.0
2024-08-14,0.0,-0.0,0.0,0.0,0.0,0.0,0.0,0.0,1.0
2024-08-15,0.0,-0.0,0.0,0.0,0.0,0.0,0.0,0.0,1.0
2024-08-16,0.006511325346334659,0.035104381672858495,0.035104381672858495,0.006511325346334659,0.041615707019193156,-0.028593056326523834,0.041615707019193156,0.0,1.0
2024-08-19,0.006567031895331838,0.03513630963327121,0.03513630963327121,0.006567031895331838,0.04170334152860305,-0.028569277737939373,8.763450940989497e-05,0.0,1.0
2024-08-20,0.006771118553699025,0.03533079128040616,0.03533079128040616,0.006771118553699025,0.04210190983410518,-0.028559672726707133,0.00039856830550213246,0.0,1.0
2024-08-21,0.006506745996572904,0.0356656241581055,0.0356656241581055,0.006506745996572904,0.0421723701546784,-0.0291588781615326,0.0005992054348254649,0.0,1.0
2024-08-22,0.0066250933243875865,0.03569360284214829,0.03569360284214829,0.0066250933243875865,0.04231869616653588,-0.02906850951776071,0.0001463260118574755,0.0,1.0
2024-08-23,0.006726553159016055,0.03569580686571104,0.03569580686571104,0.006726553159016055,0.042422360024727095,-0.028969253706694988,0.00010366385819121637,0.0,1.0
2024-08-26,0.006898404524326628,0.036016713283103755,0.036016713283103755,0.006898404524326628,0.04291511780743038,-0.029118308758777127,0.0004927577827032858,0.0,1.0
2024-08-27,0.007021732907175524,0.036019252323453224,0.036019252323453224,0.007021732907175524,0.04304098523062875,-0.0289975194162777,0.0001258674231983661,0.0,1.0
2024-08-28,0.006963118906623191,0.03596216631235007,0.03596216631235007,0.006963118906623191,0.042925285218973264,-0.028999047405726883,0.0001157000116554837,0.0,1.0
2024-08-29,0.0073055214013550045,0.035593250052756084,0.035593250052756084,0.0073055214013550045,0.04289877145411109,-0.02828772865140108,0.0007113187543258022,0.0,1.0
2024-08-30,0.0,-0.0,0.0,0.0,0.0,0.0,0.04289877145411109,0.0,1.0
2024-09-03,0.0,-0.0,0.0,0.0,0.0,0.0,0.0,0.0,1.0
2024-09-04,0.04734189858153795,0.0937742179546412,0.04734189858153795,0.0937742179546412,0.14111611653617917,-0.046432319373103256,0.14111611653617917,0.0,1.0
2024-09-05,0.048030597625092986,0.0952153356722565,0.048030597625092986,0.0952153356722565,0.14324593329734947,-0.04718473804716351,0.002129816761170328,0.0,1.0
2024-09-06,0.0,-0.0,0.0,0.0,0.0,0.0,0.14324593329734947,0.0,1.0
2024-09-09,0.0,-0.0,0.0,0.0,0.0,0.0,0.0,0.0,1.0
2024-09-10,0.0,-0.0,0.0,0.0,0.0,0.0,0.0,0.0,1.0
2024-09-11,0.018264225217927154,0.030095515688303928,0.030095515688303928,0.018264225217927154,0.04835974090623108,-0.011831290470376774,0.04835974090623108,0.0,1.0
2024-09-12,0.01768145997192227,0.030063976943882492,0.030063976943882492,0.01768145997192227,0.04774543691580476,-0.012382516971960224,0.0006143039904263209,0.0,1.0
2024-09-13,0.017548389679185938,0.02985481343228438,0.02985481343228438,0.017548389679185938,0.04740320311147032,-0.012306423753098442,0.0003422338043344436,0.0,1.0
2024-09-16,0.017758117805326316,0.030326683038865494,0.030326683038865494,0.017758117805326316,0.04808480084419181,-0.012568565233539178,0.0006815977327214937,0.0,1.0
2024-09-17,0.016289242344594432,0.028330691468932814,0.028330691468932814,0.016289242344594432,0.044619933813527246,-0.012041449124338383,0.0034648670306645646,0.0,1.0
2024-09-18,0.016062248154072457,0.027911462228362233,0.027911462228362233,0.016062248154072457,0.043973710382434694,-0.011849214074289776,0.0006462234310925553,0.0,1.0
2024-09-19,0.015933396669501144,0.02735372158624251,0.02735372158624251,0.015933396669501144,0.043287118255743655,-0.011420324916741366,0.0006865921266910359,0.0,1.0
2024-09-20,0.01626915310506531,0.02730882417713142,0.02730882417713142,0.01626915310506531,0.04357797728219673,-0.011039671072066111,0.000380653844675255,0.0,1.0
2024-09-23,0.016252692472039185,0.027317809368783082,0.027317809368783082,0.016252692472039185,0.04357050184082227,-0.011065116896743898,2.5445824677786805e-05,0.0,1.0
2024-09-24,0.016104018418347663,0.027035869060819586,0.027035869060819586,0.016104018418347663,0.04313988747916725,-0.010931850642471923,0.00043061436165501774,0.0,1.0
2024-09-25,0.0,-0.0,0.0,0.0,0.0,0.0,0.04313988747916725,0.0,1.0
2024-09-26,0.0,-0.0,0.0,0.0,0.0,0.0,0.0,0.0,1.0
2024-09-27,0.0,-0.0,0.0,0.0,0.0,0.0,0.0,0.0,1.0
2024-09-30,0.03215285029792162,0.01562527621406348,0.03215285029792162,0.01562527621406348,0.0477781265119851,0.016527574083858142,0.0477781265119851,0.0,1.0
2024-10-01,0.03197862759675525,0.01549040408199512,0.03197862759675525,0.01549040408199512,0.04746903167875037,0.016488223514760134,0.0003090948332347288,0.0,1.0
2024-10-02,0.0326955711368068,0.016443499705346296,0.0326955711368068,0.016443499705346296,0.0491390708421531,0.016252071431460506,0.0016700391634027253,0.0,1.0
2024-10-03,0.03272780595409543,0.01650833641831362,0.03272780595409543,0.01650833641831362,0.04923614237240905,0.016219469535781815,9.707153025595439e-05,0.0,1.0
2024-10-04,0.03279424481308238,0.01669448362262943,0.03279424481308238,0.01669448362262943,0.04948872843571181,0.01609976119045295,0.00025258606330275796,0.0,1.0
2024-10-07,0.11378070547072602,0.06869334832622724,0.10144113684605091,0.08103291695090235,0.18247405379695325,0.04508735714449879,0.16646720519301772,0.0,1.0
2024-10-08,0.11300687526018666,0.06855364867564077,0.10033197360439655,0.08122855033143087,0.18156052393582742,0.044453226584545875,0.0013047966221828716,0.0,1.0
2024-10-09,0.10554046502545375,0.06419974415481272,0.0954455360948363,0.07429467308543017,0.16974020918026647,0.04134072087064103,0.011820314755560953,0.0,1.0
2024-10-10,0.0,-0.0,0.0,0.0,0.0,0.0,0.16974020918026647,0.0,1.0
2024-10-11,0.0,-0.0,0.0,0.0,0.0,0.0,0.0,0.0,1.0
2024-10-14,0.0,-0.0,0.0,0.0,0.0,0.0,0.0,0.0,1.0
2024-10-15,0.0,-0.0,0.0,0.0,0.0,0.0,0.0,0.0,1.0
2024-10-16,0.0,-0.0,0.0,0.0,0.0,0.0,0.0,0.0,1.0
2024-10-17,0.0,-0.0,0.0,0.0,0.0,0.0,0.0,0.0,1.0
2024-10-18,0.0,-0.0,0.0,0.0,0.0,0.0,0.0,0.0,1.0
2024-10-21,0.0,-0.0,0.0,0.0,0.0,0.0,0.0,0.0,1.0
2024-10-22,0.0,-0.0,0.0,0.0,0.0,0.0,0.0,0.0,1.0
2024-10-23,0.0,-0.0,0.0,0.0,0.0,0.0,0.0,0.0,1.0
2024-10-24,0.0,-0.0,0.0,0.0,0.0,0.0,0.0,0.0,1.0
2024-10-25,0.0,-0.0,0.0,0.0,0.0,0.0,0.0,0.0,1.0
2024-10-28,0.0,-0.0,0.0,0.0,0.0,0.0,0.0,0.0,1.0
2024-10-29,0.0,-0.0,0.0,0.0,0.0,0.0,0.0,0.0,1.0
2024-10-30,0.0,-0.0,0.0,0.0,0.0,0.0,0.0,0.0,1.0
2024-10-31,0.026705864787064965,0.04427531946305727,0.026705864787064965,0.04427531946305727,0.07098118425012223,-0.017569454675992302,0.07098118425012223,0.0,1.0
2024-11-01,0.026234606742892935,0.04250575638124431,0.026234606742892935,0.04250575638124431,0.06874036312413725,-0.016271149638351377,0.0022408211259849833,0.0,1.0
2024-11-04,0.027368571579291956,0.04404126989605029,0.027368571579291956,0.04404126989605029,0.07140984147534224,-0.016672698316758335,0.0026694783512049985,0.0,1.0
2024-11-05,0.03404234531973917,0.03677873497178936,0.06450294015774849,0.0063181401337800425,0.07082108029152853,-0.002736389652050187,0.08749377860828686,0.0,1.0
2024-11-06,0.05239952827350065,0.036953594604803595,0.036953594604803595,0.05239952827350065,0.08935312287830424,0.015445933668697058,0.07398045295869397,0.0,1.0
2024-11-07,0.05225361226853388,0.03593515807802338,0.03593515807802338,0.05225361226853388,0.08818877034655725,0.0163184541905105,0.0011643525317469872,0.0,1.0
2024-11-08,0.05344373822940355,0.03593502542907184,0.03593502542907184,0.05344373822940355,0.08937876365847539,0.017508712800331706,0.001190258609821207,0.0,1.0
2024-11-11,0.054033385684430855,0.03599566642039216,0.03599566642039216,0.054033385684430855,0.09002905210482301,0.018037719264038694,0.0006502884463476244,0.0,1.0
2024-11-12,0.050688117335067076,0.03332729467151795,0.03332729467151795,0.050688117335067076,0.08401541200658502,0.017360822663549123,0.006013640098237988,0.0,1.0
2024-11-13,0.04595366068383606,0.03035190537865184,0.03035190537865184,0.04595366068383606,0.0763055660624879,0.015601755305184217,0.00770984594409713,0.0,1.0
2024-11-14,0.04434046496261272,0.029661469028666232,0.029661469028666232,0.04434046496261272,0.07400193399127895,0.01467899593394649,0.002303632071208945,0.0,1.0
2024-11-15,0.044148637756059435,0.02966105818505828,0.02966105818505828,0.044148637756059435,0.07380969594111772,0.014487579571001157,0.00019223805016124057,0.0,1.0
2024-11-18,0.04211309353161394,0.029770745197515564,0.029770745197515564,0.04211309353161394,0.0718838387291295,0.012342348334098373,0.002145231236902783,0.0,1.0
2024-11-19,0.04228118368397674,0.02973659204783498,0.02973659204783498,0.04228118368397674,0.07201777573181173,0.012544591636141762,0.00020224330204338808,0.0,1.0
2024-11-20,0.03852397392372378,0.02767003903423262,0.02767003903423262,0.03852397392372378,0.0661940129579564,0.01085393488949116,0.005823762773855323,0.0,1.0
2024-11-21,0.038605484972964184,0.027589945545092365,0.027589945545092365,0.038605484972964184,0.06619543051805654,0.011015539427871819,0.00016160453838065872,0.0,1.0
2024-11-22,0.03875161637076881,0.02781532449437392,0.02781532449437392,0.03875161637076881,0.06656694086514273,0.010936291876394888,0.00037151034708617775,0.0,1.0
2024-11-25,0.03972540185319206,0.027887914878939463,0.027887914878939463,0.03972540185319206,0.06761331673213153,0.011837486974252596,0.0010463758669887954,0.0,1.0
2024-11-26,0.03784812515497185,0.028018395976041312,0.028018395976041312,0.03784812515497185,0.06586652113101316,0.00982972917893054,0.002007757795322057,0.0,1.0
2024-11-27,0.03167056668584803,0.02668502843001673,0.02668502843001673,0.03167056668584803,0.05835559511586476,0.004985538255831298,0.0075109260151484045,0.0,1.0
2024-11-29,0.031364105524133656,0.026686661432075237,0.026686661432075237,0.031364105524133656,0.058050766956208893,0.004677444092058419,0.000308094163772879,0.0,1.0
2024-12-02,0.03160095478973855,0.026817543924233685,0.026817543924233685,0.03160095478973855,0.05841849871397224,0.0047834108655048675,0.00036773175776334474,0.0,1.0
2024-12-03,0.0,-0.0,0.0,0.0,0.0,0.0,0.05841849871397224,0.0,1.0
2024-12-04,0.0,-0.0,0.0,0.0,0.0,0.0,0.0,0.0,1.0
2024-12-05,0.025035872311070878,0.026276062445253143,0.026276062445253143,0.025035872311070878,0.05131193475632402,-0.0012401901341822646,0.05131193475632402,0.0,1.0
2024-12-06,0.027436052962112885,0.02592079825947965,0.02592079825947965,0.027436052962112885,0.05335685122159253,0.0015152547026332334,0.002755444836815498,0.0,1.0
2024-12-09,0.027614337660940787,0.03195176568483886,0.05346498391149236,0.006101119434287285,0.05956610334577965,-0.004337428023898072,0.06122166206626903,0.0,1.0
2024-12-10,0.027482668417903755,0.03082960860204998,0.05350559965071913,0.0048066773692346035,0.058312277019953736,-0.0033469401841462257,0.0015983962903535175,0.0,1.0
2024-12-11,0.028181302883351345,0.03326200753365002,0.058018385683227314,0.0034249247337740513,0.061443310417001365,-0.005080704650298678,0.005894538667968737,0.0,1.0
2024-12-12,0.09521667274716265,0.11954306725176236,0.1485507160641814,0.06620902393474362,0.21475973999892503,-0.02432639450459971,0.16016627904947173,0.0,1.0
2024-12-13,0.0960425617800652,0.11980416998974225,0.1480837835961095,0.06776294817369796,0.21584673176980745,-0.023761608209677043,0.0029521345544473825,0.0,1.0
2024-12-16,0.09204008647046005,0.11761063038055644,0.14607932382398284,0.06357139302703366,0.2096507168510165,-0.02557054391009639,0.008108667868448147,0.0,1.0
2024-12-17,0.06558103603221227,0.09344206955030575,0.12165593823320617,0.03736716734931184,0.159023105582518,-0.027861033518093485,0.06312627129039677,0.0,1.0
2024-12-18,0.08694035223387551,0.10509522653838667,0.13398930127061517,0.058046277501646995,0.19203557877226218,-0.018154874304511154,0.0376452890251414,0.0,1.0
2024-12-19,0.09616019090764356,0.09782033893448396,0.09782033893448396,0.09616019090764356,0.19398052984212752,-0.0016601480268403912,0.0742828757421278,0.0,1.0
2024-12-20,0.09659222670554138,0.09867094079289318,0.09867094079289318,0.09659222670554138,0.19526316749843456,-0.0020787140873518017,0.0016003550814232513,0.0,1.0
2024-12-23,0.11589231857463828,0.175020607042366,0.175020607042366,0.11589231857463828,0.29091292561700427,-0.05912828846772772,0.1232921234918355,0.0,1.0
2024-12-24,0.025607180073330505,0.013738895520697009,0.013738895520697009,0.025607180073330505,0.039346075594027516,0.011868284552633496,0.27904464106437077,0.0,1.0
2024-12-26,0.025776324196992436,0.013747117197383902,0.013747117197383902,0.025776324196992436,0.03952344139437634,0.012029206999608534,0.00017736580034882418,0.0,1.0
2024-12-27,0.026464617242341337,0.013816282100662365,0.013816282100662365,0.026464617242341337,0.040280899343003704,0.012648335141678973,0.0007574579486273637,0.0,1.0
2024-12-30,0.026376555436149928,0.013869035544100567,0.013869035544100567,0.026376555436149928,0.0402455909802505,0.012507519892049361,0.00014081524962961112,0.0,1.0
2024-12-31,0.026456823998267952,0.01383858365462106,0.01383858365462106,0.026456823998267952,0.04029540765288901,0.012618240343646892,0.00011072045159753012,0.0,1.0
2025-01-02,0.02637085716685248,0.013788073193608464,0.013788073193608464,0.02637085716685248,0.04015893036046095,0.012582783973244017,0.0001364772924280673,0.0,1.0
2025-01-03,0.026353428542129437,0.013777856459080194,0.013777856459080194,0.026353428542129437,0.04013128500120963,0.012575572083049243,2.7645359251314214e-05,0.0,1.0
2025-01-06,0.025421842989974776,0.013606906339773302,0.013606906339773302,0.025421842989974776,0.03902874932974808,0.011814936650201474,0.001102535671461553,0.0,1.0
2025-01-07,0.02501252975973998,0.013536850395789328,0.013536850395789328,0.02501252975973998,0.038549380155529306,0.011475679363950653,0.0004793691742187682,0.0,1.0
2025-01-08,0.02518922639749493,0.013653346287762939,0.013653346287762939,0.02518922639749493,0.03884257268525787,0.011535880109731993,0.0002931925297285608,0.0,1.0
2025-01-10,0.025233853435958183,0.013640715544876692,0.013640715544876692,0.025233853435958183,0.03887456898083488,0.011593137891081491,5.7257781349498785e-05,0.0,1.0
2025-01-13,0.025436432194837714,0.013771191458484683,0.013771191458484683,0.025436432194837714,0.03920762365332239,0.011665240736353031,0.00033305467248752156,0.0,1.0
2025-01-14,0.025568456445830882,0.013893175657713678,0.013893175657713678,0.025568456445830882,0.03946163210354456,0.011675280788117205,0.0002540084502221634,0.0,1.0
2025-01-15,0.025481800742501278,0.013859622419221694,0.013859622419221694,0.025481800742501278,0.03934142316172297,0.011622178323279584,0.00012020894182158785,0.0,1.0
2025-01-16,0.11106720936117281,0.11982464729474084,0.11982464729474084,0.11106720936117281,0.23089185665591366,-0.008757437933568021,0.19155043349419068,0.0,1.0
2025-01-17,0.0,-0.0,0.0,0.0,0.0,0.0,0.23089185665591366,0.0,1.0
2025-01-21,0.0,-0.0,0.0,0.0,0.0,0.0,0.0,0.0,1.0
2025-01-22,0.0,-0.0,0.0,0.0,0.0,0.0,0.0,0.0,1.0
2025-01-23,0.0,-0.0,0.0,0.0,0.0,0.0,0.0,0.0,1.0
2025-01-24,0.0,-0.0,0.0,0.0,0.0,0.0,0.0,0.0,1.0
2025-01-27,0.0,-0.0,0.0,0.0,0.0,0.0,0.0,0.0,1.0
2025-01-28,0.025757740125643372,0.0504676736997959,0.025757740125643372,0.0504676736997959,0.07622541382543926,-0.024709933574152528,0.07622541382543926,0.0,1.0
2025-01-29,0.0,-0.0,0.0,0.0,0.0,0.0,0.07622541382543926,0.0,1.0
2025-01-30,0.0,-0.0,0.0,0.0,0.0,0.0,0.0,0.0,1.0
2025-01-31,0.0,-0.0,0.0,0.0,0.0,0.0,0.0,0.0,1.0
2025-02-03,0.0,-0.0,0.0,0.0,0.0,0.0,0.0,0.0,1.0
2025-02-04,0.0,-0.0,0.0,0.0,0.0,0.0,0.0,0.0,1.0
2025-02-05,0.0,-0.0,0.0,0.0,0.0,0.0,0.0,0.0,1.0
2025-02-06,0.0,-0.0,0.0,0.0,0.0,0.0,0.0,0.0,1.0
2025-02-07,0.0,-0.0,0.0,0.0,0.0,0.0,0.0,0.0,1.0
2025-02-10,0.0,-0.0,0.0,0.0,0.0,0.0,0.0,0.0,1.0
2025-02-11,0.0,-0.0,0.0,0.0,0.0,0.0,0.0,0.0,1.0
2025-02-12,0.0,-0.0,0.0,0.0,0.0,0.0,0.0,0.0,1.0
2025-02-13,0.0,-0.0,0.0,0.0,0.0,0.0,0.0,0.0,1.0
2025-02-14,0.0,-0.0,0.0,0.0,0.0,0.0,0.0,0.0,1.0
2025-02-18,0.0,-0.0,0.0,0.0,0.0,0.0,0.0,0.0,1.0
2025-02-19,0.0,-0.0,0.0,0.0,0.0,0.0,0.0,0.0,1.0
2025-02-20,0.015049445960595341,0.015609943735581989,0.015609943735581989,0.015049445960595341,0.03065938969617733,-0.0005604977749866479,0.03065938969617733,0.0,1.0
2025-02-21,0.015152385110852621,0.015838070069132792,0.015838070069132792,0.015152385110852621,0.030990455179985416,-0.0006856849582801711,0.00033106548380808405,0.0,1.0
2025-02-24,0.015821190342660364,0.01574904198856221,0.01574904198856221,0.015821190342660364,0.031570232331222574,7.214835409815462e-05,0.0007578333123783258,0.0,1.0
2025-02-25,0.016116332885710023,0.01584622090287081,0.01584622090287081,0.016116332885710023,0.03196255378858083,0.00027011198283921276,0.00039232145735825993,0.0,1.0
2025-02-26,0.03025485507296678,0.05099614375838701,0.05099614375838701,0.03025485507296678,0.08125099883135378,-0.020741288685420228,0.0499010914667531,0.0,1.0
2025-02-27,0.03437540841772034,0.05993987026782517,0.05993987026782517,0.03437540841772034,0.09431527868554551,-0.02556446185010483,0.013064279854191724,0.0,1.0
2025-02-28,0.03463118448202024,0.0572667550790015,0.0572667550790015,0.03463118448202024,0.09189793956102174,-0.022635570596981264,0.002928891253123563,0.0,1.0
2025-03-03,0.035995347784606876,0.05853214575748847,0.05853214575748847,0.035995347784606876,0.09452749354209534,-0.022536797972881592,0.00262979339584812,0.0,1.0
2025-03-04,0.03619134278854278,0.05869370343725624,0.05869370343725624,0.03619134278854278,0.09488504622579902,-0.022502360648713457,0.00035755268370367063,0.0,1.0
2025-03-05,0.03622726703106789,0.05862837239478481,0.05862837239478481,0.03622726703106789,0.0948556394258527,-0.022401105363716915,0.002027648630100083,0.0,1.0
2025-03-06,0.03690587576558161,0.05873162360467968,0.05873162360467968,0.03690587576558161,0.09563749937026128,-0.02182574783909807,0.0013724882717452806,0.0,1.0
2025-03-07,0.03623312275889105,0.05644553882484506,0.05644553882484506,0.03623312275889105,0.09267866158373611,-0.02021241606595401,0.0029588377865251893,0.0,1.0
2025-03-10,0.08369793451007186,0.06328041013544494,0.1400693159351811,0.0069090287103357115,0.14697834464551682,0.02041752437462692,0.12692784766714546,0.0,1.0
2025-03-11,0.08384650088158274,0.06571295120376529,0.14107186059804325,0.008487591487304793,0.14955945208534804,0.01813354967781745,0.002581107439831235,0.0,1.0
2025-03-12,0.07132129016699698,0.05564070682018511,0.12132601757751131,0.005635979409670783,0.12696199698718208,0.01568058334681187,0.022684370069302937,0.0,1.0
2025-03-13,0.0637009064578562,0.03387950184364191,0.07911538704152365,0.018465021259974453,0.09758040830149811,0.02982140461421429,0.05593854263818558,0.0,1.0
2025-03-14,0.0556145642075087,0.03363008030229433,0.06874166602782585,0.020502978481977185,0.08924464450980303,0.021984483905214375,0.012411678235700545,0.0,1.0
2025-03-17,0.05362642019459497,0.034293551400105704,0.06702020868245462,0.020899762912246066,0.08791997159470069,0.01933286879448927,0.0026516151107251074,0.0,1.0
2025-03-18,0.011758379107840004,0.013244470919247048,0.013244470919247048,0.011758379107840004,0.02500285002708705,-0.0014860918114070441,0.08643387978329364,0.0,1.0
2025-03-19,0.04840740739169237,0.02381971129115983,0.06427988409996498,0.007947234582887229,0.0722271186828522,0.02458769610053254,0.07074102687144516,0.0,1.0
2025-03-20,0.04771051130502835,0.025435437770215896,0.06288944391094185,0.010256505164302395,0.07314594907524424,0.02227507353481245,0.0036997107704382914,0.0,1.0
2025-03-21,0.04801308737453956,0.025453396335344554,0.06322536901275842,0.010241114697125697,0.07346648370988412,0.022559691039195005,0.00035131556899327225,0.0,1.0
2025-03-24,0.04585275196784452,0.024218592062564062,0.06115383329705979,0.008917510733348788,0.07007134403040857,0.021634159905280455,0.003572739061468367,0.0,1.0
2025-03-25,0.04635496850783055,0.025217145125819282,0.061609010768518505,0.009963102865131326,0.07157211363364983,0.02113782338201127,0.0015948477402958888,0.0,1.0
2025-03-26,0.010765626185563837,0.015558364915108478,0.015558364915108478,0.010765626185563837,0.026323991100672316,-0.004792738729544641,0.06738802021294624,0.0,1.0
2025-03-27,0.011109981570337548,0.015479229503645556,0.015479229503645556,0.011109981570337548,0.026589211073983106,-0.004369247933308009,0.0004234907962366325,0.0,1.0
2025-03-28,0.011064153696287363,0.015536477756651132,0.015536477756651132,0.011064153696287363,0.026600631452938495,-0.004472324060363769,0.00010307612705576057,0.0,1.0
2025-03-31,0.011339758909473871,0.015453810552537387,0.015453810552537387,0.011339758909473871,0.02679356946201126,-0.004114051643063516,0.00035827241730025314,0.0,1.0
2025-04-01,0.011420924474179748,0.015469939999416253,0.015469939999416253,0.011420924474179748,0.026890864473596003,-0.004049015525236505,9.729501158474256e-05,0.0,1.0
2025-04-02,0.0,-0.0,0.0,0.0,0.0,0.0,0.026890864473596003,0.0,1.0
2025-04-03,0.0,-0.0,0.0,0.0,0.0,0.0,0.0,0.0,1.0
2025-04-04,0.0,-0.0,0.0,0.0,0.0,0.0,0.0,0.0,1.0
2025-04-07,0.0,-0.0,0.0,0.0,0.0,0.0,0.0,0.0,1.0
2025-04-08,0.0,-0.0,0.0,0.0,0.0,0.0,0.0,0.0,1.0
2025-04-09,0.0,-0.0,0.0,0.0,0.0,0.0,0.0,0.0,1.0
2025-04-10,0.03837554585264339,0.023457286583494927,0.023457286583494927,0.03837554585264339,0.06183283243613832,0.014918259269148464,0.06183283243613832,0.0,1.0
2025-04-11,0.03918645220263608,0.024175758242063996,0.024175758242063996,0.03918645220263608,0.06336221044470007,0.015010693960572082,0.0015293780085617568,0.0,1.0
2025-04-14,0.04123422498432071,0.024377293430641975,0.04983073375255635,0.015780784662406334,0.06561151841496268,0.016856931553678733,0.049060643050722094,0.0,1.0
2025-04-15,0.04232935565276781,0.0251233144035006,0.05059771051177344,0.016854959544494973,0.06745267005626841,0.017206041249267216,0.00184115164130573,0.0,1.0
2025-04-16,0.042537706983142146,0.0251749828954059,0.050727646361132535,0.016985043517415515,0.06771268987854805,0.01736272408773625,0.00026001982227963696,0.0,1.0
2025-04-17,0.04276424756964299,0.025109617011655195,0.0507157027485247,0.01715816183277348,0.06787386458129818,0.017654630557987792,0.00029190647025154406,0.0,1.0
2025-04-21,0.04039067114989968,0.024967056163649064,0.024967056163649064,0.04039067114989968,0.06535772731354875,0.015423614986250615,0.04898115590200183,0.0,1.0
2025-04-22,0.04075617261017215,0.025160950882275764,0.025160950882275764,0.04075617261017215,0.06591712349244791,0.015595221727896385,0.00055939617889917,0.0,1.0
2025-04-23,0.04003124554969088,0.024922039431861207,0.024922039431861207,0.04003124554969088,0.06495328498155209,0.015109206117829677,0.0009638385108958238,0.0,1.0
2025-04-24,0.037257668130982295,0.025054172381088424,0.025054172381088424,0.037257668130982295,0.06231184051207072,0.012203495749893871,0.0029057103679358057,0.0,1.0
2025-04-25,0.0,-0.0,0.0,0.0,0.0,0.0,0.0,0.0,1.0
2025-04-28,0.0,-0.0,0.0,0.0,0.0,0.0,0.0,0.0,1.0
2025-04-29,0.0,-0.0,0.0,0.0,0.0,0.0,0.0,0.0,1.0
2025-04-30,0.0,-0.0,0.0,0.0,0.0,0.0,0.0,0.0,1.0
2025-05-01,0.0,-0.0,0.0,0.0,0.0,0.0,0.0,0.0,1.0
2025-05-02,0.0,-0.0,0.0,0.0,0.0,0.0,0.0,0.0,1.0
2025-05-05,0.0,-0.0,0.0,0.0,0.0,0.0,0.0,0.0,1.0
2025-05-06,0.0,-0.0,0.0,0.0,0.0,0.0,0.0,0.0,1.0
2025-05-07,0.0,-0.0,0.0,0.0,0.0,0.0,0.0,0.0,1.0
2025-05-08,0.0,-0.0,0.0,0.0,0.0,0.0,0.0,0.0,1.0
2025-05-09,0.0,-0.0,0.0,0.0,0.0,0.0,0.0,0.0,1.0
2025-05-12,0.0,-0.0,0.0,0.0,0.0,0.0,0.0,0.0,1.0
2025-05-13,0.0,-0.0,0.0,0.0,0.0,0.0,0.0,0.0,1.0
2025-05-14,0.0,-0.0,0.0,0.0,0.0,0.0,0.0,0.0,1.0
2025-05-15,0.0,-0.0,0.0,0.0,0.0,0.0,0.0,0.0,1.0
2025-05-16,0.0,-0.0,0.0,0.0,0.0,0.0,0.0,0.0,1.0
2025-05-19,0.0,-0.0,0.0,0.0,0.0,0.0,0.0,0.0,1.0
2025-05-20,0.0,-0.0,0.0,0.0,0.0,0.0,0.0,0.0,1.0
2025-05-21,0.0,-0.0,0.0,0.0,0.0,0.0,0.0,0.0,1.0
2025-05-22,0.0,-0.0,0.0,0.0,0.0,0.0,0.0,0.0,1.0
2025-05-23,0.0,-0.0,0.0,0.0,0.0,0.0,0.0,0.0,1.0
2025-05-27,0.0,-0.0,0.0,0.0,0.0,0.0,0.0,0.0,1.0
2025-05-28,0.0,-0.0,0.0,0.0,0.0,0.0,0.0,0.0,1.0
2025-05-29,0.0,-0.0,0.0,0.0,0.0,0.0,0.0,0.0,1.0
2025-05-30,0.08343671722482131,0.06209883803260711,0.06209883803260711,0.08343671722482131,0.14553555525742842,0.0213378791922142,0.14553555525742842,0.0,1.0
2025-06-02,0.07196216927800157,0.05335769463108944,0.05335769463108944,0.07196216927800157,0.125319863909091,0.01860447464691213,0.0202156913483374,0.0,1.0
2025-06-03,0.0,-0.0,0.0,0.0,0.0,0.0,0.125319863909091,0.0,1.0
2025-06-04,0.0,-0.0,0.0,0.0,0.0,0.0,0.0,0.0,1.0
2025-06-05,0.0,-0.0,0.0,0.0,0.0,0.0,0.0,0.0,1.0
2025-06-06,0.0,-0.0,0.0,0.0,0.0,0.0,0.0,0.0,1.0
2025-06-09,0.0,-0.0,0.0,0.0,0.0,0.0,0.0,0.0,1.0
2025-06-10,0.0,-0.0,0.0,0.0,0.0,0.0,0.0,0.0,1.0
2025-06-11,0.0,-0.0,0.0,0.0,0.0,0.0,0.0,0.0,1.0
2025-06-12,0.0,-0.0,0.0,0.0,0.0,0.0,0.0,0.0,1.0
2025-06-13,0.0,-0.0,0.0,0.0,0.0,0.0,0.0,0.0,1.0
2025-06-16,0.0,-0.0,0.0,0.0,0.0,0.0,0.0,0.0,1.0
2025-06-17,0.0,-0.0,0.0,0.0,0.0,0.0,0.0,0.0,1.0
2025-06-18,0.0,-0.0,0.0,0.0,0.0,0.0,0.0,0.0,1.0
2025-06-20,0.0,-0.0,0.0,0.0,0.0,0.0,0.0,0.0,1.0
2025-06-23,0.0,-0.0,0.0,0.0,0.0,0.0,0.0,0.0,1.0
2025-06-24,0.0,-0.0,0.0,0.0,0.0,0.0,0.0,0.0,1.0
2025-06-25,0.0,-0.0,0.0,0.0,0.0,0.0,0.0,0.0,1.0
2025-06-26,0.0,-0.0,0.0,0.0,0.0,0.0,0.0,0.0,1.0
2025-06-27,0.0,-0.0,0.0,0.0,0.0,0.0,0.0,0.0,1.0
2025-06-30,0.0,-0.0,0.0,0.0,0.0,0.0,0.0,0.0,1.0
2025-07-01,0.0,-0.0,0.0,0.0,0.0,0.0,0.0,0.0,1.0
2025-07-02,0.0,-0.0,0.0,0.0,0.0,0.0,0.0,0.0,1.0
2025-07-03,0.0,-0.0,0.0,0.0,0.0,0.0,0.0,0.0,1.0
2025-07-07,0.0,-0.0,0.0,0.0,0.0,0.0,0.0,0.0,1.0
2025-07-08,0.0,-0.0,0.0,0.0,0.0,0.0,0.0,0.0,1.0
2025-07-09,0.0,-0.0,0.0,0.0,0.0,0.0,0.0,0.0,1.0
2025-07-10,0.0,-0.0,0.0,0.0,0.0,0.0,0.0,0.0,1.0
2025-07-11,0.0,-0.0,0.0,0.0,0.0,0.0,0.0,0.0,1.0
2025-07-14,0.0,-0.0,0.0,0.0,0.0,0.0,0.0,0.0,1.0
2025-07-15,0.0,-0.0,0.0,0.0,0.0,0.0,0.0,0.0,1.0
2025-07-16,0.0,-0.0,0.0,0.0,0.0,0.0,0.0,0.0,1.0
2025-07-17,0.0,-0.0,0.0,0.0,0.0,0.0,0.0,0.0,1.0
2025-07-18,0.0,-0.0,0.0,0.0,0.0,0.0,0.0,0.0,1.0
2025-07-21,0.0,-0.0,0.0,0.0,0.0,0.0,0.0,0.0,1.0
2025-07-22,0.0,-0.0,0.0,0.0,0.0,0.0,0.0,0.0,1.0
2025-07-23,0.0,-0.0,0.0,0.0,0.0,0.0,0.0,0.0,1.0
2025-07-24,0.0,-0.0,0.0,0.0,0.0,0.0,0.0,0.0,1.0
2025-07-25,0.0,-0.0,0.0,0.0,0.0,0.0,0.0,0.0,1.0
2025-07-28,0.0,-0.0,0.0,0.0,0.0,0.0,0.0,0.0,1.0
2025-07-29,0.0,-0.0,0.0,0.0,0.0,0.0,0.0,0.0,1.0
2025-07-30,0.05391302136988366,0.035001745803519516,0.035001745803519516,0.05391302136988366,0.08891476717340317,0.01891127556636414,0.08891476717340317,0.0,1.0
2025-07-31,0.0,-0.0,0.0,0.0,0.0,0.0,0.08891476717340317,0.0,1.0
2025-08-01,0.0,-0.0,0.0,0.0,0.0,0.0,0.0,0.0,1.0
2025-08-04,0.0,-0.0,0.0,0.0,0.0,0.0,0.0,0.0,1.0
2025-08-05,0.0,-0.0,0.0,0.0,0.0,0.0,0.0,0.0,1.0
2025-08-06,0.0,-0.0,0.0,0.0,0.0,0.0,0.0,0.0,1.0
2025-08-07,0.0,-0.0,0.0,0.0,0.0,0.0,0.0,0.0,1.0
2025-08-08,0.0,-0.0,0.0,0.0,0.0,0.0,0.0,0.0,1.0
2025-08-11,0.0,-0.0,0.0,0.0,0.0,0.0,0.0,0.0,1.0
2025-08-12,0.0,-0.0,0.0,0.0,0.0,0.0,0.0,0.0,1.0
2025-08-13,0.0,-0.0,0.0,0.0,0.0,0.0,0.0,0.0,1.0
2025-08-14,0.0,-0.0,0.0,0.0,0.0,0.0,0.0,0.0,1.0
2025-08-15,0.0,-0.0,0.0,0.0,0.0,0.0,0.0,0.0,1.0
2025-08-18,0.0,-0.0,0.0,0.0,0.0,0.0,0.0,0.0,1.0
2025-08-19,0.0,-0.0,0.0,0.0,0.0,0.0,0.0,0.0,1.0
2025-08-20,0.0,-0.0,0.0,0.0,0.0,0.0,0.0,0.0,1.0
2025-08-21,0.0,-0.0,0.0,0.0,0.0,0.0,0.0,0.0,1.0
2025-08-22,0.0,-0.0,0.0,0.0,0.0,0.0,0.0,0.0,1.0
2025-08-25,0.0,-0.0,0.0,0.0,0.0,0.0,0.0,0.0,1.0
2025-08-26,0.0,-0.0,0.0,0.0,0.0,0.0,0.0,0.0,1.0
2025-08-27,0.0,-0.0,0.0,0.0,0.0,0.0,0.0,0.0,1.0
2025-08-28,0.0,-0.0,0.0,0.0,0.0,0.0,0.0,0.0,1.0
2025-08-29,0.0,-0.0,0.0,0.0,0.0,0.0,0.0,0.0,1.0
2025-09-02,0.0,-0.0,0.0,0.0,0.0,0.0,0.0,0.0,1.0
2025-09-03,0.0,-0.0,0.0,0.0,0.0,0.0,0.0,0.0,1.0
2025-09-04,0.0,-0.0,0.0,0.0,0.0,0.0,0.0,0.0,1.0
2025-09-05,0.0,-0.0,0.0,0.0,0.0,0.0,0.0,0.0,1.0
2025-09-08,0.0,-0.0,0.0,0.0,0.0,0.0,0.0,0.0,1.0
2025-09-09,0.0,-0.0,0.0,0.0,0.0,0.0,0.0,0.0,1.0
2025-09-10,0.0,-0.0,0.0,0.0,0.0,0.0,0.0,0.0,1.0
2025-09-11,0.027770313299638683,0.011015432155060366,0.011015432155060366,0.027770313299638683,0.03878574545469905,0.016754881144578317,0.03878574545469905,0.0,1.0
2025-09-12,0.038030437181614696,0.04003428467054606,0.048798843990948595,0.02926587786121216,0.07806472185216076,-0.0020038474889313637,0.095313653688192,0.0,1.0
2025-09-15,0.03605010141731337,0.056003052201033736,0.03605010141731337,0.056003052201033736,0.09205315361834711,-0.019952950783720363,0.0394859169134568,0.0,1.0
2025-09-16,0.035766131754221824,0.055615478684077756,0.035766131754221824,0.055615478684077756,0.09138161043829958,-0.019849346929855932,0.0006715431800475291,0.0,1.0
2025-09-17,0.0,-0.0,0.0,0.0,0.0,0.0,0.09138161043829958,0.0,1.0
2025-09-18,0.0,-0.0,0.0,0.0,0.0,0.0,0.0,0.0,1.0
2025-09-19,0.035367332533109995,0.04712866304944335,0.035367332533109995,0.04712866304944335,0.08249599558255336,-0.011761330516333358,0.08249599558255336,0.0,1.0
2025-09-22,0.03529911962581852,0.044647538794779486,0.03529911962581852,0.044647538794779486,0.079946658420598,-0.009348419168960967,0.0025493371619553437,0.0,1.0
2025-09-23,0.09010215057771906,0.05227220753598297,0.09010215057771906,0.05227220753598297,0.14237435811370203,0.03782994304173609,0.06250862981390948,0.0,1.0
2025-09-24,0.08563131735229274,0.0474340295242686,0.08563131735229274,0.0474340295242686,0.13306534687656135,0.03819728782802413,0.009309011237140681,0.0,1.0
2025-09-25,0.04859654747579103,0.003303370748321825,0.04859654747579103,0.003303370748321825,0.051899918224112856,0.0452931767274692,0.08116542865244848,0.0,1.0
2025-09-26,0.0,-0.0,0.0,0.0,0.0,0.0,0.051899918224112856,0.0,1.0
2025-09-29,0.0,-0.0,0.0,0.0,0.0,0.0,0.0,0.0,1.0
2025-09-30,0.011808490142829574,0.0138635774267721,0.0138635774267721,0.011808490142829574,0.025672067569601675,-0.0020550872839425263,0.025672067569601675,0.0,1.0
2025-10-01,0.010452085422100861,0.013582636278049398,0.013582636278049398,0.010452085422100861,0.02403472170015026,-0.003130550855948537,0.0016373458694514155,0.0,1.0
2025-10-02,0.011073338048360588,0.01345504392720049,0.01345504392720049,0.011073338048360588,0.024528381975561078,-0.0023817058788399015,0.0007488449771086356,0.0,1.0
2025-10-03,0.011600114855310595,0.013439230100063815,0.013439230100063815,0.011600114855310595,0.02503934495537441,-0.00183911524475322,0.0005425906340866815,0.0,1.0
2025-10-06,0.012071805556484051,0.013398218115576208,0.013398218115576208,0.012071805556484051,0.02547002367206026,-0.001326412559092157,0.0005127026856610629,0.0,1.0
2025-10-07,0.01109686561389983,0.013307426576128906,0.013307426576128906,0.01109686561389983,0.024404292190028737,-0.0022105609622290762,0.0010657314820315244,0.0,1.0
2025-10-08,0.010636731510140765,0.013345137421857134,0.013345137421857134,0.010636731510140765,0.0239818689319979,-0.0027084059117163696,0.0004978449494872934,0.0,1.0
2025-10-09,0.010593178616141355,0.013287092540556579,0.013287092540556579,0.010593178616141355,0.023880271156697934,-0.002693913924415224,0.000101597775299965,0.0,1.0
2025-10-10,0.010657387426297649,0.013345400740495991,0.013345400740495991,0.010657387426297649,0.02400278816679364,-0.002688013314198342,0.00012251701009570633,0.0,1.0
2025-10-13,0.011988085719023824,0.01342507348095763,0.01342507348095763,0.011988085719023824,0.025413159199981453,-0.0014369877619338067,0.0014103710331878141,0.0,1.0
2025-10-14,0.01175454755533435,0.013387913175394523,0.013387913175394523,0.01175454755533435,0.02514246073072887,-0.0016333656200601728,0.000270698469252581,0.0,1.0
2025-10-15,0.01253201235633156,0.013111400864599885,0.013111400864599885,0.01253201235633156,0.025643413220931444,-0.0005793885082683251,0.0010539771117918477,0.0,1.0
2025-10-16,0.03792726524900871,0.02725481376294378,0.02725481376294378,0.03792726524900871,0.0651820790119525,0.01067245148606493,0.03953866579102104,0.0,1.0
2025-10-17,0.04463832131416891,0.0339199798047546,0.0339199798047546,0.04463832131416891,0.07855830111892351,0.010718341509414309,0.01337622210697102,0.0,1.0
2025-10-20,0.0,-0.0,0.0,0.0,0.0,0.0,0.0,0.0,1.0
2025-10-21,0.0,-0.0,0.0,0.0,0.0,0.0,0.0,0.0,1.0
2025-10-22,0.0,-0.0,0.0,0.0,0.0,0.0,0.0,0.0,1.0
2025-10-23,0.0,-0.0,0.0,0.0,0.0,0.0,0.0,0.0,1.0
2025-10-24,0.0,-0.0,0.0,0.0,0.0,0.0,0.0,0.0,1.0
2025-10-27,0.0,-0.0,0.0,0.0,0.0,0.0,0.0,0.0,1.0
2025-10-28,0.0,-0.0,0.0,0.0,0.0,0.0,0.0,0.0,1.0
2025-10-29,0.0,-0.0,0.0,0.0,0.0,0.0,0.0,0.0,1.0
2025-10-30,0.0,-0.0,0.0,0.0,0.0,0.0,0.0,0.0,1.0
2025-10-31,0.0,-0.0,0.0,0.0,0.0,0.0,0.0,0.0,1.0
2025-11-03,0.0,-0.0,0.0,0.0,0.0,0.0,0.0,0.0,1.0
2025-11-04,0.0,-0.0,0.0,0.0,0.0,0.0,0.0,0.0,1.0
2025-11-05,0.0,-0.0,0.0,0.0,0.0,0.0,0.0,0.0,1.0
2025-11-06,0.0,-0.0,0.0,0.0,0.0,0.0,0.0,0.0,1.0
2025-11-07,0.0,-0.0,0.0,0.0,0.0,0.0,0.0,0.0,1.0
2025-11-10,0.0,-0.0,0.0,0.0,0.0,0.0,0.0,0.0,1.0
2025-11-11,0.0,-0.0,0.0,0.0,0.0,0.0,0.0,0.0,1.0
2025-11-12,0.0,-0.0,0.0,0.0,0.0,0.0,0.0,0.0,1.0
2025-11-13,0.02751947110996318,0.05692504107318537,0.05692504107318537,0.02751947110996318,0.08444451218314855,-0.02940556996322219,0.08444451218314855,0.0,1.0
2025-11-14,0.013389598537863453,0.04222007560260729,0.04222007560260729,0.013389598537863453,0.055609674140470744,-0.028830477064743842,0.028834838042677807,0.0,1.0
2025-11-17,0.01351637937955095,0.042543573422905025,0.042543573422905025,0.01351637937955095,0.05605995280245597,-0.029027194043354076,0.0004502786619852289,0.0,1.0
2025-11-18,0.013594897222748106,0.04252419483890707,0.04252419483890707,0.013594897222748106,0.056119092061655176,-0.028929297616158964,9.789642719511098e-05,0.0,1.0
2025-11-19,0.013660340338223454,0.04240475807531897,0.04240475807531897,0.013660340338223454,0.05606509841354242,-0.02874441773709551,0.00018487987906345114,0.0,1.0
2025-11-20,0.013640571624142742,0.042348804913996986,0.042348804913996986,0.013640571624142742,0.05598937653813973,-0.028708233289854244,7.572187540269386e-05,0.0,1.0
2025-11-21,0.01653883750775358,0.0395636650898338,0.0395636650898338,0.01653883750775358,0.05610250259758738,-0.02302482758208022,0.005683405707774026,0.0,1.0
2025-11-24,0.016413883040424074,0.039752238407941225,0.039752238407941225,0.016413883040424074,0.0561661214483653,-0.02333835536751715,0.0003135277854369317,0.0,1.0
2025-11-25,0.01544758020512249,0.039279768502912565,0.039279768502912565,0.01544758020512249,0.054727348708035056,-0.023832188297790075,0.001438772740330243,0.0,1.0
2025-11-26,0.014786143604285236,0.03938985385465213,0.03938985385465213,0.014786143604285236,0.054175997458937364,-0.024603710250366895,0.0007715219525768185,0.0,1.0
2025-11-28,0.015060423780202671,0.04084648432575971,0.04084648432575971,0.015060423780202671,0.05590690810596238,-0.025786060545557044,0.001730910647025019,0.0,1.0
2025-12-01,0.0,-0.0,0.0,0.0,0.0,0.0,0.05590690810596238,0.0,1.0
2025-12-02,0.0,-0.0,0.0,0.0,0.0,0.0,0.0,0.0,1.0
2025-12-03,0.0,-0.0,0.0,0.0,0.0,0.0,0.0,0.0,1.0
2025-12-04,0.0,-0.0,0.0,0.0,0.0,0.0,0.0,0.0,1.0
2025-12-05,0.0,-0.0,0.0,0.0,0.0,0.0,0.0,0.0,1.0
2025-12-08,0.0,-0.0,0.0,0.0,0.0,0.0,0.0,0.0,1.0
2025-12-09,0.0,-0.0,0.0,0.0,0.0,0.0,0.0,0.0,1.0
2025-12-10,0.0,-0.0,0.0,0.0,0.0,0.0,0.0,0.0,1.0
2025-12-11,0.0,-0.0,0.0,0.0,0.0,0.0,0.0,0.0,1.0
2025-12-12,0.0,-0.0,0.0,0.0,0.0,0.0,0.0,0.0,1.0
2025-12-15,0.0,-0.0,0.0,0.0,0.0,0.0,0.0,0.0,1.0
2025-12-16,0.0,-0.0,0.0,0.0,0.0,0.0,0.0,0.0,1.0
2025-12-17,0.0,-0.0,0.0,0.0,0.0,0.0,0.0,0.0,1.0
2025-12-18,0.0,-0.0,0.0,0.0,0.0,0.0,0.0,0.0,1.0
2025-12-19,0.0,-0.0,0.0,0.0,0.0,0.0,0.0,0.0,1.0
2025-12-22,0.0,-0.0,0.0,0.0,0.0,0.0,0.0,0.0,1.0
2025-12-23,0.0,-0.0,0.0,0.0,0.0,0.0,0.0,0.0,1.0
2025-12-24,0.0,-0.0,0.0,0.0,0.0,0.0,0.0,0.0,1.0
2025-12-26,0.0,-0.0,0.0,0.0,0.0,0.0,0.0,0.0,1.0
2025-12-29,0.0,-0.0,0.0,0.0,0.0,0.0,0.0,0.0,1.0
2025-12-30,0.0,-0.0,0.0,0.0,0.0,0.0,0.0,0.0,1.0
2025-12-31,0.0,-0.0,0.0,0.0,0.0,0.0,0.0,0.0,1.0
