fold_id,train_start,train_end,inner_train_start,inner_train_end,validation_start,validation_end,test_start,test_end,active_selected_stocks,cum_return,mean_bar_return,bar_vol,sharpe,max_drawdown,hit_rate,turnover,avg_gross_exposure,active_rate,position_change_count,trend_cells,mean_reversion_cells,flat_cells
0,2020-01-02,2021-12-07,2020-01-02,2021-06-14,2021-06-15,2021-12-07,2021-12-08,2022-03-04,3,0.00579038142883781,9.64059140245129e-05,0.0005939801759660372,2.5765109720360715,-0.0023128265461597186,0.2833333333333333,0.0183760105996519,0.059248403483876076,0.4666666666666667,1.102560635979114,0,28,692
1,2020-03-31,2022-03-04,2020-03-31,2021-09-09,2021-09-10,2022-03-04,2022-03-07,2022-06-01,9,4.542610347457732e-05,8.758787535186969e-07,0.0005165430726716089,0.026917685858839885,-0.0032966882647970097,0.32786885245901637,0.031498385857844285,0.08823183101671112,0.7049180327868853,1.9214015373285014,0,54,678
2,2020-06-26,2022-06-01,2020-06-26,2021-12-07,2021-12-08,2022-06-01,2022-06-02,2022-08-29,9,0.0071520549585055715,0.00011727241275198297,0.00094229647278257,1.9756434333710648,-0.00590372638645853,0.29508196721311475,0.03211804218992258,0.08597014260463329,0.5737704918032787,1.959200573585277,0,57,675
3,2020-09-23,2022-08-29,2020-09-23,2022-03-04,2022-03-07,2022-08-29,2022-08-30,2022-11-24,8,0.004731750616619346,7.760983374981557e-05,0.0006691278869848519,1.8412293678597913,-0.0042936335002425885,0.4426229508196721,0.04706082393356332,0.14939724452368255,0.819672131147541,2.8707102599473626,0,80,652
4,2020-12-21,2022-11-24,2020-12-21,2022-05-31,2022-06-01,2022-11-23,2022-11-25,2023-02-21,8,-0.0008572157589221696,-1.4341694822861033e-05,0.0006274253373477292,-0.3628596642992441,-0.005064908055994466,0.1694915254237288,0.0275057251228042,0.0494148208788802,0.423728813559322,1.6228377822454478,0,28,680
5,2021-03-18,2023-02-21,2021-03-18,2022-08-29,2022-08-30,2023-02-21,2023-02-22,2023-05-19,7,0.002773718896887045,4.513347942471001e-05,0.0009638612961789122,0.7433349352291119,-0.009407552223758775,0.41935483870967744,0.04442582095905145,0.16949353861951727,0.8064516129032258,2.75440089946119,0,100,644
6,2021-06-15,2023-05-19,2021-06-15,2022-11-23,2022-11-25,2023-05-19,2023-05-22,2023-08-16,6,0.0021202325353750773,3.569440280693461e-05,0.000895192407537037,0.6329712734088908,-0.008302704581200748,0.23333333333333334,0.050406647480849005,0.12474531418529887,0.4166666666666667,3.0243988488509403,0,42,678
7,2021-09-10,2023-08-16,2021-09-10,2023-02-21,2023-02-22,2023-08-16,2023-08-17,2023-11-13,7,0.00036293297410994185,5.972929843841109e-06,0.0004944543802399475,0.19176151649303605,-0.003689029116150322,0.1935483870967742,0.02276488414365606,0.07093063283494265,0.45161290322580644,1.4114228169066756,0,36,708
8,2021-12-08,2023-11-13,2021-12-08,2023-05-19,2023-05-22,2023-11-13,2023-11-14,2024-02-08,3,0.000739489262485904,1.2532382760130709e-05,8.095077151491081e-05,2.457609791571037,-9.656600759522238e-05,0.03389830508474576,0.002136147324336085,0.005685321624911637,0.05084745762711865,0.12603269213582902,0,3,705
9,2022-03-07,2024-02-08,2022-03-07,2023-08-16,2023-08-17,2024-02-08,2024-02-09,2024-05-07,5,0.002188097250239718,3.599838489142646e-05,0.0005819885167640455,0.9819036418683849,-0.002593329699529856,0.29508196721311475,0.05268677605175258,0.1238883867064033,0.5737704918032787,3.213893339156907,0,40,692
10,2022-06-02,2024-05-07,2022-06-02,2023-11-13,2023-11-14,2024-05-07,2024-05-08,2024-08-02,7,0.003172695592880137,5.32209276551297e-05,0.0009300163617111759,0.9084313669098392,-0.003961273847360225,0.36666666666666664,0.07032901640979479,0.1900802582393863,0.8833333333333333,4.219740984587688,0,117,603
11,2022-08-30,2024-08-02,2022-08-30,2024-02-08,2024-02-09,2024-08-02,2024-08-05,2024-10-30,7,-0.008318369435160289,-0.00013432597465186545,0.0008940043356846401,-2.3851771810907647,-0.011036162641864578,0.3709677419354839,0.04790532764364298,0.15651057022881967,0.8870967741935484,2.9701303139058646,0,83,661
12,2022-11-25,2024-10-30,2022-11-25,2024-05-07,2024-05-08,2024-10-30,2024-10-31,2025-01-27,7,0.003509036329363724,6.08668068593859e-05,0.0009783018689113086,0.9876610021878737,-0.005333959453336812,0.3448275862068966,0.04539145672678391,0.16243205302261446,0.7241379310344828,2.6327044901534666,0,74,622
13,2023-02-22,2025-01-27,2023-02-22,2024-08-02,2024-08-05,2025-01-27,2025-01-28,2025-04-24,5,-0.005885672805001185,-9.626377714789802e-05,0.0010115928645263927,-1.5106275866209564,-0.00809021543671784,0.21311475409836064,0.038009558003125575,0.056033420458514185,0.4426229508196721,2.3185830381906603,0,30,702
14,2023-05-22,2025-04-24,2023-05-22,2024-10-30,2024-10-31,2025-04-24,2025-04-25,2025-07-22,6,-0.0005849660831818149,-9.678782021714718e-06,0.0003865504429038624,-0.39747956356364433,-0.0028001140904427846,0.16666666666666666,0.020857306460330127,0.05132418782156461,0.31666666666666665,1.2514383876198076,0,23,697
15,2023-08-17,2025-07-22,2023-08-17,2025-01-27,2025-01-28,2025-07-22,2025-07-23,2025-10-17,7,0.01858595454270917,0.00029816870371524414,0.0014979568696693812,3.1598249111691166,-0.004915532768343889,0.46774193548387094,0.08650003243250934,0.2593982612476769,0.8709677419354839,5.363002010815579,0,87,657
16,2023-11-14,2025-10-17,2023-11-14,2025-04-24,2025-04-25,2025-10-17,2025-10-20,2025-12-31,8,-0.009431069260994907,-0.00018493383404363965,0.0013155788678993051,-2.2315147156283364,-0.014254920830881757,0.49019607843137253,0.03147847464814464,0.12224482712709403,0.9019607843137255,1.6054022070553768,0,52,560
