date,AAPL,MSFT,NVDA,AVGO,AMD,ADBE,CRM,CSCO,INTC,ORCL,QCOM,TXN,XLK,SPY,QQQ
2021-12-08,0.0,0.0,0.0,0.0,0.0,0.0,0.0,0.0,0.0,0.0,0.0,0.0,-0.0,-0.0,-0.0
2021-12-09,0.0,0.0,0.0,0.0,0.0,0.0,0.0,0.0,0.0,0.0,0.0,0.0,-0.0,-0.0,-0.0
2021-12-10,0.0,0.0,0.0,0.0,0.0,0.0,0.0,0.0,0.0,0.0,0.0,0.0,-0.0,-0.0,-0.0
2021-12-13,0.0,0.0,0.0,0.0,0.0,0.0,0.0,0.0,0.0,0.0,0.0,0.0,-0.0,-0.0,-0.0
2021-12-14,0.0,0.0,0.0,0.0,0.0,0.0,0.0,0.0,0.0,0.0,0.0,0.0,-0.0,-0.0,-0.0
2021-12-15,0.0,0.0,0.0,0.0,0.0,0.0,0.0,0.0,0.0,0.0,0.0,0.0,-0.0,-0.0,-0.0
2021-12-16,0.0,0.0,0.0,0.0,0.0,0.0,0.0,0.0,0.0,0.0,0.0,0.0,-0.0,-0.0,-0.0
2021-12-17,0.0,0.0,0.0,0.0,0.0,0.0,0.0,0.0,0.0,0.0,0.0,0.0,-0.0,-0.0,-0.0
2021-12-20,0.0,0.0,0.0,0.0,0.0,0.0,0.0,0.0,0.0,0.0,0.0,0.0,-0.0,-0.0,-0.0
2021-12-21,0.0,0.0,0.0,0.0,0.0,0.0,0.0,0.0,0.0,0.0,0.0,0.0,-0.0,-0.0,-0.0
2021-12-22,0.0,0.0,0.0,0.0,0.0,0.0,0.0,0.0,0.0,0.0,0.0,0.0,-0.0,-0.0,-0.0
2021-12-23,0.0,0.0,0.0,0.0,0.0,0.0,0.0,0.0,0.0,0.0,0.0,0.0,-0.0,-0.0,-0.0
2021-12-27,0.0,0.0,0.0,0.0,0.0,0.0,0.0,0.0,0.0,0.0,0.0,0.0,-0.0,-0.0,-0.0
2021-12-28,0.0,0.0,0.0,0.0,0.0,0.0,0.0,0.0,0.0,0.0,0.0,0.0,-0.0,-0.0,-0.0
2021-12-29,0.0,0.0,0.0,0.0,0.0,0.0,0.0,0.0,0.0,0.0,0.0,0.0,-0.0,-0.0,-0.0
2021-12-30,0.0,0.0,0.05,0.0,0.0,0.0,0.0,0.0,0.0,0.0,0.0,0.0,-0.10825330686782342,-0.0,-0.0
2021-12-31,0.0,0.0,0.05,0.0,0.0,0.0,0.0,0.0,0.0,0.0,0.0,0.0,-0.1079989735334036,-0.0,-0.0
2022-01-03,0.0,0.0,0.05,0.0,0.0,0.0,0.0,0.0,0.0,0.0,0.0,0.0,-0.10790817902275512,-0.0,-0.0
2022-01-04,0.0,0.0,0.05,0.0,0.0,0.0,0.0,0.0,0.0,0.0,0.0,0.0,-0.108097550087609,-0.0,-0.0
2022-01-05,0.0,0.0,0.05,0.0,0.0,0.0,0.0,0.0,0.0,0.0,0.0,0.0,-0.1083529774575368,-0.0,-0.0
2022-01-06,0.0,0.0,0.0,0.0,0.0,0.0,0.0,0.0,-0.05,0.0,0.0,0.0,-0.01890114523466981,-0.0,0.05872734278166469
2022-01-07,0.0,0.0,0.0,0.0,0.0,0.0,0.0,0.0,-0.05,0.0,0.0,0.0,-0.022947743497819362,-0.0,0.062422614008164484
2022-01-10,0.0,0.0,0.0,0.0,0.0,0.0,0.0,0.0,-0.05,0.0,0.0,0.0,-0.02431603833205959,-0.0,0.0641578441353541
2022-01-11,0.0,0.0,0.0,0.0,0.0,0.0,0.0,0.0,-0.05,0.0,0.0,0.0,-0.030560581531913635,-0.0,0.06887488076820829
2022-01-12,0.0,0.0,0.0,0.0,0.0,0.0,0.0,0.0,-0.05,0.0,0.0,0.0,-0.03071839671775727,-0.0,0.06876695085205427
2022-01-13,0.0,0.0,0.0,0.0,0.0,0.0,0.0,0.0,-0.05,0.0,0.0,0.0,-0.03243098610134613,-0.0,0.07091372065911626
2022-01-14,0.0,0.0,0.0,0.0,0.0,0.0,0.0,0.0,-0.05,0.0,0.0,0.0,-0.033515825335477,-0.0,0.07111890077732458
2022-01-18,0.0,0.0,0.0,0.0,0.0,0.0,0.0,0.0,-0.05,0.0,0.0,0.0,-0.031993626495155074,-0.0,0.06987573723608537
2022-01-19,0.0,0.0,0.0,0.0,0.0,0.0,0.0,0.0,-0.05,0.0,0.0,0.0,-0.030490821406217006,-0.0,0.06784481175688659
2022-01-20,0.0,0.0,0.0,0.0,0.0,0.0,0.0,0.0,-0.05,0.0,0.0,0.0,0.018629789772726564,-0.0,0.012205978096649618
2022-01-21,0.0,0.0,0.0,0.0,0.0,0.0,0.0,0.0,-0.05,0.0,0.0,0.0,0.013607533371498613,-0.0,0.019299816874399238
2022-01-24,0.0,0.0,0.0,0.0,0.0,0.0,0.0,0.0,-0.05,0.0,0.0,0.0,0.021119644247797234,-0.0,0.010137785457706189
2022-01-25,0.0,0.0,0.0,0.0,0.0,0.0,0.0,0.0,-0.05,0.0,0.0,0.0,0.018032812111134177,-0.0,0.013333252852407338
2022-01-26,0.0,0.0,0.0,0.0,0.0,0.0,0.0,0.0,-0.05,0.0,0.0,0.0,0.017083202077996098,-0.0,0.015105030582350729
2022-01-27,0.0,0.0,0.0,0.0,0.0,0.0,0.0,0.0,-0.05,0.0,0.0,0.0,0.02409007875024274,-0.0,0.007365137268978101
2022-01-28,0.0,0.0,0.0,0.0,0.0,0.0,0.0,0.0,-0.05,0.0,0.0,0.0,0.014853906289156974,-0.0,0.019295076599105516
2022-01-31,0.0,0.0,0.05,0.0,0.0,0.0,0.0,0.0,0.0,0.0,0.0,0.0,-0.09857497965312555,-0.0,-0.0
2022-02-01,0.0,0.0,0.05,0.0,0.0,0.0,0.0,0.0,0.0,0.0,0.0,0.0,-0.10044576113705064,-0.0,-0.0
2022-02-02,0.0,0.0,0.05,0.0,0.0,0.0,0.0,0.0,0.0,0.0,0.0,0.0,-0.09601770305149396,-0.0,-0.0
2022-02-03,0.0,0.0,0.05,0.0,0.0,0.0,0.0,0.0,0.0,0.0,0.0,0.0,-0.09649765887425682,-0.0,-0.0
2022-02-04,0.0,0.0,0.0,0.0,0.0,0.0,0.0,0.0,0.0,0.0,0.0,0.0,-0.0,-0.0,-0.0
2022-02-07,0.0,0.0,0.0,0.0,0.0,0.0,0.0,0.0,0.0,0.0,0.0,0.0,-0.0,-0.0,-0.0
2022-02-08,0.0,0.0,0.0,0.0,0.0,0.0,0.0,0.0,0.0,0.0,0.0,0.0,-0.0,-0.0,-0.0
2022-02-09,0.0,0.0,0.0,0.0,0.0,0.0,0.0,0.0,0.0,0.0,0.0,0.0,-0.0,-0.0,-0.0
2022-02-10,0.0,0.0,0.0,0.0,0.0,0.0,0.0,0.0,0.0,0.0,0.0,0.0,-0.0,-0.0,-0.0
2022-02-11,0.0,0.0,0.0,0.0,0.0,0.0,0.0,0.0,0.0,0.0,0.0,0.0,-0.0,-0.0,-0.0
2022-02-14,0.0,0.0,0.0,0.0,0.0,0.0,0.0,0.0,0.0,0.0,0.0,0.0,-0.0,-0.0,-0.0
2022-02-15,0.0,0.0,0.0,0.0,0.0,0.0,0.0,0.0,0.0,0.0,0.0,0.0,-0.0,-0.0,-0.0
2022-02-16,0.0,0.0,0.0,0.0,0.0,0.0,0.0,0.0,0.0,0.0,0.0,0.0,-0.0,-0.0,-0.0
2022-02-17,0.0,0.0,0.0,0.0,0.0,0.0,0.0,0.0,0.0,0.0,0.0,0.0,-0.0,-0.0,-0.0
2022-02-18,0.0,0.0,0.0,0.0,0.0,0.0,0.0,0.0,0.0,0.0,0.0,0.0,-0.0,-0.0,-0.0
2022-02-22,0.0,0.0,0.0,0.0,0.0,0.0,0.0,0.0,0.0,0.0,0.0,0.0,-0.0,-0.0,-0.0
2022-02-23,0.0,0.0,0.0,0.0,0.0,0.0,0.0,0.0,0.0,0.0,0.0,0.0,-0.0,-0.0,-0.0
2022-02-24,0.0,0.0,0.0,0.0,0.0,0.0,0.0,0.0,0.0,0.0,0.0,0.0,-0.0,-0.0,-0.0
2022-02-25,0.0,0.0,0.0,0.0,0.0,0.0,0.0,0.0,0.0,0.0,0.0,0.0,-0.0,-0.0,-0.0
2022-02-28,0.0,0.0,0.0,0.0,0.0,0.0,0.0,0.0,0.0,0.0,0.0,0.0,-0.0,-0.0,-0.0
2022-03-01,0.0,0.0,0.0,0.0,0.0,0.0,0.0,0.0,0.0,0.0,0.0,0.0,-0.0,-0.0,-0.0
2022-03-02,0.05,0.0,0.0,0.0,0.0,0.0,0.0,0.0,0.0,0.0,0.0,0.0,-0.0468261543290151,-0.0,-0.0
2022-03-03,0.05,0.0,0.0,0.0,0.0,0.0,0.0,0.0,0.0,0.0,0.0,0.0,-0.04684810726573017,-0.0,-0.0
2022-03-04,0.05,0.0,0.0,0.0,0.0,0.0,0.0,0.0,0.0,0.0,0.0,0.0,-0.04634584577334208,-0.0,-0.0
2022-03-07,0.0,0.0,0.0,0.0,0.0,0.0,0.0,0.0,0.0,0.0,0.0,0.0,-0.0,-0.0,-0.0
2022-03-08,0.0,0.0,0.0,0.0,0.0,0.0,0.0,0.0,0.0,0.0,0.0,0.0,-0.0,-0.0,-0.0
2022-03-09,0.0,0.0,0.0,0.0,0.0,0.0,0.0,0.0,0.0,0.0,0.0,0.0,-0.0,-0.0,-0.0
2022-03-10,0.0,0.0,0.0,0.0,0.0,0.0,0.0,0.0,0.0,0.0,0.0,-0.05,0.036668301117932206,0.0008235000218957064,0.003635382323528308
2022-03-11,0.0,0.0,0.0,0.0,0.0,0.0,0.0,0.0,0.0,0.0,0.0,-0.05,0.029628856234476638,0.005234231860955059,0.007352835498552108
2022-03-14,0.0,0.0,0.0,0.0,0.0,0.0,0.0,0.0,0.0,0.0,0.0,-0.05,0.028234876373644476,0.005607634044047168,0.008393802483490071
2022-03-15,0.0,0.0,0.0,0.0,0.0,0.0,0.0,0.0,0.0,0.0,0.0,-0.05,0.029727469612952903,0.0031197203602893915,0.009122171369337406
2022-03-16,0.0,0.0,0.0,0.0,0.0,0.0,0.0,0.0,0.0,0.0,0.0,-0.05,0.02838427474372438,0.00640950817424393,0.008428463170904616
2022-03-17,0.0,0.0,0.0,0.0,0.0,0.0,0.0,0.0,0.0,0.0,0.0,-0.05,0.029985799111408695,0.003208603247333788,0.008560155798357194
2022-03-18,0.0,0.0,0.0,0.0,0.0,0.0,0.0,0.0,0.0,0.0,0.0,-0.05,0.028155899396801833,0.004774582472049345,0.009422701597090506
2022-03-21,0.0,0.0,0.0,0.0,0.0,0.0,0.0,0.0,0.0,0.0,0.0,-0.05,0.028517126290501623,0.009243171791937827,0.00623343460418257
2022-03-22,0.0,0.0,0.0,0.0,0.0,0.0,0.0,0.0,0.0,0.0,0.0,-0.05,0.02868791609189876,0.010563393253515085,0.005444340094289671
2022-03-23,0.0,0.0,0.0,0.0,0.0,0.0,0.0,0.0,0.0,0.0,0.0,-0.05,0.029051307463820227,0.01098835888395875,0.004737080071935682
2022-03-24,0.0,0.0,0.0,0.0,0.0,0.0,0.0,0.0,0.0,-0.05,0.0,-0.05,0.060519249086070794,0.011742130980233379,0.005613487445171997
2022-03-25,0.0,0.0,0.0,0.0,0.0,0.0,0.0,0.0,0.0,-0.05,0.0,-0.05,0.06271216888917133,0.01141017326200066,0.004399856852889622
2022-03-28,0.0,0.0,0.0,0.0,0.0,0.0,0.0,0.0,0.0,-0.05,0.0,-0.05,0.06267068391100963,0.01237120198270227,0.0038405919444175016
2022-03-29,0.0,0.0,0.0,0.0,0.0,0.0,0.0,0.0,0.0,-0.05,0.0,-0.05,0.0632705312330055,0.01344324938197848,0.0027536346554844025
2022-03-30,0.0,0.0,0.0,0.0,0.0,0.0,0.0,0.0,0.0,-0.05,0.0,-0.05,0.06572752483653266,0.013312146371059104,0.0005164575190221593
2022-03-31,0.0,0.0,0.0,0.0,0.0,0.0,0.0,0.0,0.0,-0.05,0.0,-0.05,0.06736765911028793,0.012483154301976624,-0.00038095572778258646
2022-04-01,0.0,0.0,0.0,0.0,0.0,0.0,0.0,0.0,0.0,-0.05,0.0,-0.05,0.06808150246716467,0.012310667657879413,-0.00031068237072352236
2022-04-04,0.0,0.0,0.0,0.0,0.0,0.0,0.0,0.0,0.0,-0.05,0.0,0.0,0.033364681757159696,-0.0,-0.0
2022-04-05,0.0,0.0,0.0,0.0,0.0,0.0,0.0,0.0,0.0,-0.05,0.0,0.0,0.03391824269584984,-0.0,-0.0
2022-04-06,0.0,0.0,0.0,0.0,0.0,0.0,0.0,0.0,0.0,-0.05,0.0,0.0,0.0342372865891173,-0.0,-0.0
2022-04-07,0.0,0.0,0.0,0.0,0.0,0.0,0.0,0.0,0.0,-0.05,0.0,0.0,0.03385046333046628,-0.0,-0.0
2022-04-08,0.0,0.0,0.0,0.0,0.0,0.0,0.0,0.0,0.0,-0.05,0.0,0.0,0.03427087632911422,-0.0,-0.0
2022-04-11,0.0,0.0,0.0,0.0,0.0,0.0,0.0,0.0,0.0,-0.05,0.0,0.0,0.03426475788272163,-0.0,-0.0
2022-04-12,0.0,0.0,0.0,0.0,0.0,0.0,0.0,0.0,0.0,-0.05,0.0,0.0,0.03475318231692171,-0.0,-0.0
2022-04-13,0.0,0.0,0.0,0.0,0.0,0.0,0.0,0.0,0.0,-0.05,0.0,0.0,0.03490792995075299,-0.0,-0.0
2022-04-14,0.0,0.0,0.0,0.0,0.0,0.0,0.0,0.0,0.0,-0.05,0.0,0.0,0.03433647716238578,-0.0,-0.0
2022-04-18,0.0,0.0,0.0,0.0,0.0,0.0,0.0,0.0,0.0,-0.05,0.0,0.0,0.03325543105560313,-0.0,-0.0
2022-04-19,0.0,0.0,0.0,0.0,0.0,0.0,0.0,0.0,0.0,-0.05,0.0,0.0,0.03310215738320904,-0.0,-0.0
2022-04-20,0.0,0.0,0.0,0.0,0.0,0.0,0.0,0.0,0.0,0.0,0.0,0.0,-0.0,-0.0,-0.0
2022-04-21,0.0,0.0,0.0,0.0,0.0,0.0,0.0,0.0,0.0,0.0,0.0,0.0,-0.0,-0.0,-0.0
2022-04-22,0.0,0.0,0.0,0.0,0.0,0.0,0.0,0.0,0.0,0.0,0.0,0.0,-0.0,-0.0,-0.0
2022-04-25,0.0,0.0,0.0,0.0,0.0,0.0,0.0,0.0,0.0,0.0,0.0,0.0,-0.0,-0.0,-0.0
2022-04-26,0.0,0.0,0.0,0.0,0.0,0.0,0.0,0.0,0.0,0.0,0.0,0.0,-0.0,-0.0,-0.0
2022-04-27,0.0,0.0,0.0,0.0,0.0,0.0,0.0,0.0,0.0,0.0,0.0,0.0,-0.0,-0.0,-0.0
2022-04-28,0.0,-0.05,0.0,0.0,0.0,0.0,0.0,0.0,0.0,0.0,0.0,0.0,0.0654357030699189,-0.0,-0.012912359329172285
2022-04-29,0.0,0.0,0.0,0.0,0.0,0.0,0.0,0.0,0.0,0.0,0.0,0.0,-0.0,-0.0,-0.0
2022-05-02,0.0,0.0,0.0,0.0,0.0,-0.05,0.0,0.0,0.0,0.0,0.0,0.0,0.01972705709442929,-0.03559182344528279,0.06363316029920667
2022-05-03,0.0,0.0,0.0,0.0,0.0,0.0,0.0,0.0,0.0,0.0,0.0,0.0,-0.0,-0.0,-0.0
2022-05-04,0.0,0.0,0.0,0.0,0.0,0.0,0.0,0.0,0.0,0.0,0.0,0.0,-0.0,-0.0,-0.0
2022-05-05,0.0,0.0,0.0,0.0,0.0,0.0,0.0,0.0,0.0,0.0,0.0,0.0,-0.0,-0.0,-0.0
2022-05-06,0.0,0.0,0.0,0.0,0.0,-0.05,0.0,0.0,0.0,0.0,0.0,0.0,0.012649447956658897,-0.036137294472025815,0.07181568930921405
2022-05-09,0.0,0.0,0.0,0.0,0.0,-0.05,0.0,0.0,0.0,0.0,0.0,0.0,0.011394568549216302,-0.03656812899615291,0.0736362335967946
2022-05-10,0.0,0.0,0.0,0.0,0.0,-0.05,0.0,0.0,0.0,0.0,0.0,0.0,0.006211401672630946,-0.03959245098207512,0.07948940808684646
2022-05-11,0.0,0.0,0.0,0.0,0.0,0.0,0.0,0.0,0.0,0.0,0.0,0.0,-0.0,-0.0,-0.0
2022-05-12,0.0,0.0,0.0,0.0,0.0,0.0,0.0,0.0,0.0,0.0,0.0,0.0,-0.0,-0.0,-0.0
2022-05-13,0.0,0.0,0.0,0.0,0.0,0.0,0.0,0.0,0.0,0.0,0.0,0.0,-0.0,-0.0,-0.0
2022-05-16,0.0,0.0,0.0,0.0,0.0,0.0,0.0,0.0,0.0,0.0,0.0,0.0,-0.0,-0.0,-0.0
2022-05-17,0.0,0.0,0.0,0.0,0.0,0.0,0.0,0.0,0.0,0.0,0.0,0.0,-0.0,-0.0,-0.0
2022-05-18,0.0,0.0,0.0,0.0,-0.05,0.0,0.0,0.0,0.0,0.0,0.0,0.0,0.07558078950305186,0.0049766675006133005,0.004141220891295694
2022-05-19,0.0,0.05,0.0,0.0,-0.05,0.0,0.0,0.0,0.0,0.0,0.0,0.0,0.0014537256695246054,0.005744228746233845,0.027642151192161332
2022-05-20,0.0,0.05,0.0,0.0,-0.05,0.0,0.0,0.0,0.0,0.0,0.0,0.0,-0.0015604367898140598,0.004948949402674782,0.030756248403325626
2022-05-23,0.0,0.05,0.0,0.0,-0.05,0.0,0.0,0.0,0.0,0.0,0.0,0.0,-0.008826850857727227,0.005869792820602482,0.03791502725729113
2022-05-24,0.0,0.05,0.0,0.0,-0.05,0.0,0.0,0.0,0.0,0.0,0.0,0.0,-0.010727704165537831,-0.006142169712535536,0.04701707669334412
2022-05-25,0.0,0.0,0.0,0.0,-0.05,0.0,0.0,0.0,0.0,0.0,0.0,0.0,0.061992545055527204,-0.006570859693194613,0.023329396296664907
2022-05-26,0.0,0.0,0.0,0.0,-0.05,0.0,0.0,0.0,0.0,0.0,0.0,0.0,0.05173093911910901,-0.01453373767178702,0.037914841098048026
2022-05-27,0.0,0.0,0.0,0.0,-0.05,0.0,0.0,0.0,0.0,0.0,0.0,0.0,0.045992578555914786,-0.015008222242531994,0.04472039209020565
2022-05-31,0.0,0.0,0.0,0.0,-0.05,0.0,0.0,0.0,0.0,0.0,0.0,0.0,0.04542264080806329,-0.00844377806535245,0.039105747227583636
2022-06-01,0.0,0.0,0.0,0.0,-0.05,0.0,0.0,0.0,0.0,0.0,0.0,0.0,0.04317004853658052,-0.0076578235479356094,0.04060628154659799
2022-06-02,0.0,0.0,0.0,0.0,0.0,0.0,0.0,0.0,0.0,0.0,0.0,0.0,-0.0,-0.0,-0.0
2022-06-03,0.0,0.0,0.0,0.0,0.0,0.0,0.0,0.0,0.0,0.0,0.0,0.0,-0.0,-0.0,-0.0
2022-06-06,0.0,0.0,0.0,0.0,0.0,0.0,0.0,0.0,0.0,0.05,0.0,0.0,-0.03473349173886021,-0.0,-0.0
2022-06-07,0.0,0.0,0.0,0.0,0.0,0.0,0.0,0.0,0.0,0.05,0.0,0.0,-0.03531023904466541,-0.0,-0.0
2022-06-08,0.0,0.0,0.0,0.0,0.0,0.0,0.0,0.0,0.0,0.05,0.0,0.0,-0.035885588521234864,-0.0,-0.0
2022-06-09,0.0,0.0,0.0,0.0,0.0,0.0,0.0,0.0,0.05,0.05,0.0,0.05,-0.1097147746704855,-0.025030872174601006,0.005958406587393653
2022-06-10,0.0,0.0,0.0,0.0,0.0,-0.05,0.0,0.0,0.05,0.05,0.0,0.0,-0.015679768548219057,-0.020231745230936057,-0.0
2022-06-13,0.0,0.0,0.0,0.0,0.0,0.0,0.0,0.0,0.05,0.05,0.0,0.0,-0.07019930993886928,-0.019844905278819342,-0.0
2022-06-14,0.0,0.0,0.0,0.0,0.0,0.0,0.0,0.0,0.05,0.05,0.0,0.0,-0.07262701655144685,-0.016654225786517974,-0.0
2022-06-15,0.0,0.0,0.0,0.0,0.0,0.0,0.0,0.0,0.05,0.05,0.0,0.0,-0.07721689594279826,-0.013018711104519062,-0.0
2022-06-16,0.0,0.0,0.0,0.0,0.0,0.0,0.0,0.0,0.05,0.0,0.0,0.0,-0.03799606570754659,-0.012741826162708723,-0.0
2022-06-17,0.0,0.0,0.0,0.0,0.0,0.0,0.0,0.0,0.05,0.0,0.0,0.0,-0.038483531172378356,-0.011307248619327422,-0.0
2022-06-21,0.0,0.0,0.0,0.0,0.0,0.0,0.0,0.0,0.05,0.0,0.0,0.0,-0.03354967050497842,-0.017972597613957343,-0.0
2022-06-22,0.0,0.0,0.0,0.0,0.0,0.0,0.0,0.0,0.05,0.0,0.0,0.0,-0.026864837833487178,-0.024078256568088884,-0.0
2022-06-23,0.0,0.0,0.0,0.0,0.0,0.0,0.0,0.0,0.05,0.0,0.0,0.0,-0.027832321288203777,-0.02274848241576738,-0.0
2022-06-24,0.0,0.0,0.0,0.0,0.0,0.0,0.0,0.0,0.05,0.0,0.0,0.0,-0.028180988763939086,-0.022344952509618626,-0.0
2022-06-27,0.0,0.0,0.0,0.0,0.0,0.0,0.0,0.0,0.05,0.0,0.0,0.0,-0.028393194257880717,-0.02208606463779267,-0.0
2022-06-28,0.0,0.0,0.0,0.0,0.0,0.0,0.0,0.0,0.05,0.0,0.0,0.0,-0.027389720674059245,-0.023298064894201408,-0.0
2022-06-29,0.0,0.0,0.0,0.0,0.0,0.0,0.0,0.0,0.05,0.0,0.0,0.0,-0.029187490914729153,-0.020128680529592075,-0.0
2022-06-30,0.0,0.0,0.0,0.0,0.0,0.0,0.0,0.0,0.05,0.0,0.0,0.0,-0.023135096035127475,-0.028146527238506983,-0.0
2022-07-01,0.0,-0.05,0.0,0.0,0.0,0.0,0.0,0.0,0.05,0.0,0.0,0.0,0.06978565894161474,-0.03210769005743652,-0.041755036714298394
2022-07-05,0.0,-0.05,0.0,0.0,0.0,0.0,0.0,0.0,0.05,-0.05,0.0,0.0,0.09414747906010797,-0.018737433374697268,-0.038599637189421665
2022-07-06,0.0,-0.05,0.0,0.0,0.0,0.0,0.0,0.0,0.05,-0.05,0.0,0.0,0.08877448334847561,-0.015153061611174093,-0.03613191482688434
2022-07-07,0.0,-0.05,0.0,0.0,0.0,0.0,0.0,0.0,0.05,-0.05,0.0,0.0,0.08891922899760818,-0.014876356267093563,-0.036667650581231975
2022-07-08,0.0,-0.05,0.0,0.0,0.0,0.0,0.0,0.0,0.05,-0.05,0.0,0.0,0.08828744648488182,-0.01488169491979393,-0.03730972698548579
2022-07-11,0.0,-0.05,0.0,0.0,0.0,0.0,0.0,0.0,0.05,-0.05,0.0,0.0,0.08476413497050306,-0.013158965325722175,-0.03595931860778392
2022-07-12,0.0,-0.05,0.0,0.0,0.0,0.0,0.0,0.0,0.05,-0.05,0.0,0.0,0.08275900121933605,-0.013205430857073012,-0.034123083684915345
2022-07-13,0.0,0.0,0.0,0.0,0.0,0.0,0.0,0.0,0.05,-0.05,0.0,0.0,0.0034412498114659296,-0.014640060814579574,-0.0
2022-07-14,0.0,0.0,0.0,0.0,0.0,0.0,0.0,0.0,0.05,-0.05,0.0,0.0,0.005679404423726643,-0.016577357593650643,-0.0
2022-07-15,0.0,0.0,0.0,0.0,0.0,0.0,0.0,0.0,0.05,0.0,0.0,0.0,-0.03389836639423734,-0.013872337456459008,-0.0
2022-07-18,0.0,0.0,0.0,0.0,0.0,0.0,0.0,0.0,0.0,0.0,0.0,0.0,-0.0,-0.0,-0.0
2022-07-19,0.0,0.0,0.0,0.0,0.0,0.0,0.0,0.0,0.0,0.0,0.0,0.0,-0.0,-0.0,-0.0
2022-07-20,0.0,0.0,0.0,0.0,0.0,0.0,0.0,0.0,0.0,0.0,0.0,0.0,-0.0,-0.0,-0.0
2022-07-21,0.0,0.0,0.0,0.0,0.0,0.0,0.0,0.0,0.0,0.0,0.0,0.0,-0.0,-0.0,-0.0
2022-07-22,0.0,0.0,0.0,0.0,0.0,0.0,0.0,0.0,0.0,0.0,0.0,0.0,-0.0,-0.0,-0.0
2022-07-25,0.0,0.0,0.0,0.0,0.0,0.0,0.0,0.0,0.0,-0.05,0.0,0.0,0.03664422972084935,-0.0,-0.0
2022-07-26,0.0,0.0,0.0,0.0,0.0,0.0,0.0,0.0,0.0,-0.05,0.0,0.0,0.036799227718790836,-0.0,-0.0
2022-07-27,0.0,0.0,0.0,0.0,0.0,0.0,0.0,0.0,0.0,-0.05,0.0,0.0,0.03754791008953612,-0.0,-0.0
2022-07-28,0.0,0.0,0.0,0.0,0.0,0.0,0.0,0.0,0.0,0.0,0.0,0.0,-0.0,-0.0,-0.0
2022-07-29,0.0,0.0,0.0,0.0,0.0,0.0,0.0,0.0,0.0,0.0,0.0,0.0,-0.0,-0.0,-0.0
2022-08-01,0.0,0.0,0.0,0.0,0.0,0.0,0.0,0.0,0.05,0.0,0.0,0.0,-0.042153273857213694,0.0038684895365492865,-0.0
2022-08-02,0.0,0.0,0.0,0.0,0.0,0.0,0.0,0.0,0.0,-0.05,0.0,0.0,0.03683232630029354,-0.0,-0.0
2022-08-03,0.0,0.0,0.0,0.0,0.0,0.0,0.0,0.0,0.0,-0.05,0.0,0.0,0.03722849711010285,-0.0,-0.0
2022-08-04,0.0,0.0,0.0,0.0,0.0,0.0,0.0,0.0,0.0,-0.05,0.0,0.0,0.036919964568378726,-0.0,-0.0
2022-08-05,0.0,0.0,0.0,0.0,0.0,0.0,0.0,0.0,0.0,0.0,0.0,0.0,-0.0,-0.0,-0.0
2022-08-08,0.0,0.0,0.0,0.0,0.0,0.0,0.0,0.0,0.0,0.0,0.0,0.0,-0.0,-0.0,-0.0
2022-08-09,0.0,0.0,0.0,0.0,0.0,0.0,0.0,0.0,0.0,0.0,0.0,0.0,-0.0,-0.0,-0.0
2022-08-10,0.0,0.0,0.0,0.0,0.0,0.0,0.0,0.0,0.0,0.0,0.0,0.0,-0.0,-0.0,-0.0
2022-08-11,0.0,0.0,0.0,0.0,0.0,0.0,0.0,0.0,0.0,0.0,0.0,0.0,-0.0,-0.0,-0.0
2022-08-12,0.0,0.0,0.0,0.0,0.0,0.0,0.0,0.0,0.0,0.0,0.0,0.0,-0.0,-0.0,-0.0
2022-08-15,0.0,0.0,0.0,0.0,0.0,0.0,0.0,0.0,0.0,0.0,0.0,0.0,-0.0,-0.0,-0.0
2022-08-16,0.0,0.0,0.0,0.0,0.0,0.0,0.0,0.0,0.0,0.0,0.0,0.0,-0.0,-0.0,-0.0
2022-08-17,0.0,0.0,0.0,0.0,0.0,0.0,0.0,0.0,0.0,0.0,0.0,0.0,-0.0,-0.0,-0.0
2022-08-18,0.0,0.0,0.0,0.0,0.0,0.0,0.0,0.0,0.0,0.0,0.0,0.0,-0.0,-0.0,-0.0
2022-08-19,0.0,0.0,0.0,0.0,0.0,0.0,0.0,0.0,0.0,0.0,0.0,0.0,-0.0,-0.0,-0.0
2022-08-22,0.0,0.0,0.0,0.0,0.0,0.0,0.0,0.0,0.0,0.0,0.0,0.0,-0.0,-0.0,-0.0
2022-08-23,0.0,0.0,0.0,0.0,0.0,0.0,0.0,0.0,0.0,0.0,0.0,0.0,-0.0,-0.0,-0.0
2022-08-24,0.0,0.0,0.0,0.0,0.0,0.0,0.0,0.0,0.0,0.0,0.0,0.0,-0.0,-0.0,-0.0
2022-08-25,0.0,0.0,0.0,0.0,0.0,0.0,0.0,0.0,0.0,0.0,0.0,0.0,-0.0,-0.0,-0.0
2022-08-26,0.0,0.0,0.0,0.0,0.0,0.0,0.0,0.0,0.0,0.0,0.0,0.0,-0.0,-0.0,-0.0
2022-08-29,0.0,0.0,0.0,0.0,0.0,0.0,0.0,0.0,0.0,0.0,0.0,0.0,-0.0,-0.0,-0.0
2022-08-30,0.0,0.0,0.0,0.0,0.0,0.0,0.0,0.0,0.0,0.0,0.0,0.0,-0.0,-0.0,-0.0
2022-08-31,0.0,0.0,0.0,0.0,0.0,0.0,0.0,0.0,0.0,0.0,0.0,0.0,-0.0,-0.0,-0.0
2022-09-01,0.0,0.0,0.0,0.0,0.0,0.0,0.0,0.0,0.0,0.0,0.05,0.0,-0.07118536606632143,0.030403740907057903,-0.0
2022-09-02,0.0,0.0,0.0,0.0,0.0,0.0,0.0,0.0,0.0,-0.05,0.05,0.0,0.02755846429640968,0.03369480785017903,-0.06611754495463161
2022-09-06,0.0,0.0,0.0,0.0,0.0,0.0,0.0,0.0,0.0,-0.05,0.05,0.0,0.02385603440294347,0.03511094800261166,-0.06325457794080626
2022-09-07,0.0,0.0,0.0,0.0,0.0,0.0,0.0,0.0,0.0,-0.05,0.05,0.0,0.02320788845441249,0.033926064582225086,-0.06302625498237552
2022-09-08,0.0,0.0,0.0,0.0,0.0,0.0,0.0,0.0,0.0,-0.05,0.05,0.0,0.02171001673374942,0.03256091296338707,-0.062048621924845664
2022-09-09,0.0,0.0,0.0,0.0,0.0,0.0,0.0,0.0,0.0,-0.05,0.05,0.0,0.025332245026918734,0.029584220585485252,-0.06739526512183878
2022-09-12,0.0,0.0,0.0,0.0,0.0,0.0,0.0,0.0,0.0,-0.05,0.05,0.0,-0.021617676548997627,0.028265112140765665,-0.020836741259722225
2022-09-13,0.0,0.0,0.0,0.0,0.0,0.0,0.0,0.0,0.0,-0.05,0.05,0.0,-0.029611872095689454,0.0290834636494762,-0.012308629533392285
2022-09-14,0.0,0.0,0.0,0.0,0.0,0.0,0.0,0.0,0.0,-0.05,0.0,0.0,0.047165140402083805,-0.0,-0.016699391716729513
2022-09-15,0.0,0.0,0.0,0.0,0.0,0.0,0.0,0.0,0.0,0.0,0.0,0.0,-0.0,-0.0,-0.0
2022-09-16,0.0,0.0,0.0,0.0,0.0,0.0,0.0,0.0,0.0,0.0,0.0,0.0,-0.0,-0.0,-0.0
2022-09-19,0.0,0.0,0.0,0.0,0.0,0.0,0.0,0.0,0.0,0.0,0.0,0.0,-0.0,-0.0,-0.0
2022-09-20,0.0,0.0,0.0,0.0,0.0,0.0,0.0,0.0,0.0,0.0,0.0,0.0,-0.0,-0.0,-0.0
2022-09-21,0.0,0.0,0.0,0.0,0.0,0.0,0.0,0.0,0.0,0.05,0.0,0.0,-0.05700112014736578,-0.0,0.027104016628273043
2022-09-22,0.0,0.0,0.0,0.0,0.0,0.0,0.0,0.0,0.0,0.05,0.0,0.0,-0.05462890411137597,-0.0,0.024233268377403715
2022-09-23,0.0,0.0,0.0,0.0,0.0,0.0,0.0,0.0,0.0,0.05,0.0,0.0,-0.05342093427073524,-0.0,0.0235653921506454
2022-09-26,0.0,0.0,0.0,0.0,0.0,0.0,0.0,0.0,0.0,0.05,0.0,-0.05,-0.006252746639990432,-0.0,0.025881247212818488
2022-09-27,0.0,0.0,0.0,0.0,0.0,0.0,0.0,0.0,0.0,0.05,0.0,-0.05,-0.009293891399727354,-0.0,0.028652812434010633
2022-09-28,0.0,0.0,0.0,0.0,0.0,0.0,0.0,0.0,0.0,0.05,0.0,-0.05,-0.028468907852843044,-0.0,0.048314750234116105
2022-09-29,0.0,0.0,0.0,0.0,0.0,0.0,0.0,0.0,0.0,0.05,0.05,-0.05,-0.11301647446338103,0.042282539210768355,0.046568350755165494
2022-09-30,0.0,0.0,0.0,0.0,0.0,0.0,0.0,0.0,0.0,0.05,0.05,-0.05,-0.11465874743322035,0.04234266491996508,0.04663093773904363
2022-10-03,0.0,0.0,0.0,0.0,0.0,0.0,0.0,0.0,0.0,0.05,0.05,-0.05,-0.10768815637003899,0.04082727574517714,0.0433932865215688
2022-10-04,0.0,0.0,0.0,0.0,0.0,0.0,0.0,0.0,0.0,0.05,0.05,-0.05,-0.11268539643466326,0.039086165453738685,0.04833849486071229
2022-10-05,0.0,0.0,0.0,0.0,0.0,0.0,0.0,0.0,0.0,0.05,0.05,-0.05,-0.1170525623418195,0.03660236917521719,0.05219532257449895
2022-10-06,0.0,0.0,0.0,0.0,0.0,0.0,0.0,0.0,0.0,0.05,0.0,-0.05,-0.027602104143608648,-0.0,0.04522333024167163
2022-10-07,0.0,0.0,0.0,0.0,0.0,0.0,0.0,0.0,0.0,0.05,0.0,-0.05,-0.02795440858435113,-0.0,0.045323364644308604
2022-10-10,0.0,0.0,0.0,0.0,0.0,0.0,0.0,0.0,0.0,0.05,0.0,-0.05,-0.04212595546461142,-0.0,0.059343931759349634
2022-10-11,0.0,0.0,0.0,0.0,0.0,0.0,0.0,0.0,0.0,0.05,0.0,-0.05,-0.03750575737488033,-0.0,0.05543174281943049
2022-10-12,0.0,0.0,0.0,0.0,0.0,0.0,0.0,0.0,0.0,0.05,0.0,0.0,-0.06938247535064875,-0.0,0.03510243415248913
2022-10-13,0.0,0.0,0.0,0.0,0.0,0.0,0.0,0.0,0.0,0.0,0.0,0.0,-0.0,-0.0,-0.0
2022-10-14,0.0,0.0,0.0,0.0,0.0,0.0,0.0,0.0,0.0,0.0,0.0,0.0,-0.0,-0.0,-0.0
2022-10-17,0.0,0.0,0.0,0.0,0.0,0.0,0.0,0.0,0.0,0.0,0.0,0.0,-0.0,-0.0,-0.0
2022-10-18,0.0,-0.05,0.0,0.0,0.0,0.0,0.0,0.0,0.0,0.0,0.0,0.0,0.05769165026854515,-0.005701082269830327,-0.0
2022-10-19,0.0,-0.05,0.0,0.0,0.0,0.0,0.0,0.0,0.0,0.0,0.0,0.0,0.05882151380595618,-0.007295041099392884,-0.0
2022-10-20,0.0,-0.05,0.0,0.0,0.0,0.0,0.0,0.0,0.0,0.0,0.0,0.0,0.056713653382006325,-0.0050259461154697205,-0.0
2022-10-21,0.0,0.0,0.0,0.0,0.0,0.0,0.0,0.0,0.0,0.0,0.0,0.0,-0.0,-0.0,-0.0
2022-10-24,0.0,0.0,0.0,0.0,0.0,0.0,0.0,0.0,0.0,0.0,0.0,0.0,-0.0,-0.0,-0.0
2022-10-25,0.0,0.0,0.0,0.0,0.05,0.0,0.0,0.0,0.0,0.0,0.0,0.0,-0.024656400631037398,0.08316656778621884,-0.12073187575019505
2022-10-26,0.0,0.0,0.0,0.0,0.05,0.0,0.0,0.0,0.0,0.0,0.0,0.0,-0.024759088730285355,0.07976228837416126,-0.11875371448797507
2022-10-27,0.0,0.05,0.0,0.0,0.05,0.0,0.0,0.0,0.0,0.0,0.0,0.0,-0.10005385954375572,0.07777408164036193,-0.09269029507309165
2022-10-28,0.0,0.05,0.0,0.0,0.0,0.0,0.0,0.0,0.0,0.0,0.0,0.0,-0.07275105045904404,0.025069169604523128,-0.0
2022-10-31,0.0,0.05,0.0,0.0,0.0,0.0,0.0,0.0,0.0,0.0,0.0,0.0,-0.06841871625764843,0.02078630824177831,-0.0
2022-11-01,0.0,0.05,0.0,0.0,0.0,0.0,0.0,0.0,0.0,0.0,0.0,0.0,-0.06843671020880368,0.02080184161710299,-0.0
2022-11-02,0.0,0.05,0.0,0.0,0.0,0.0,0.0,0.0,0.0,0.0,0.0,0.0,-0.06940301229137821,0.021878262657034006,-0.0
2022-11-03,0.0,0.05,0.0,0.0,0.0,0.0,0.0,0.0,0.0,0.0,0.0,0.0,-0.07180096405770862,0.024779239659912335,-0.0
2022-11-04,0.0,0.05,0.0,0.0,0.0,0.0,0.0,-0.05,0.0,0.0,0.0,0.0,-0.02937504715690853,0.019173337175447152,-0.0
2022-11-07,0.0,0.05,0.0,0.0,0.0,0.0,0.0,-0.05,0.0,0.0,0.0,0.0,-0.03007356435265386,0.019179876665954217,-0.0
2022-11-08,0.0,0.05,0.0,0.0,0.0,0.0,0.0,-0.05,0.0,0.0,0.0,0.0,-0.03226806590979444,0.020620878390894888,-0.0
2022-11-09,0.0,0.05,0.0,0.0,0.0,0.0,0.0,-0.05,0.0,0.0,0.0,0.0,-0.03175928530866565,0.02005518974142781,-0.0
2022-11-10,0.0,0.05,0.0,0.0,0.0,0.0,0.0,-0.05,0.0,0.0,0.0,0.0,-0.032057859260845235,0.020880902296863603,-0.0
2022-11-11,0.0,0.05,0.0,0.0,0.0,0.0,0.0,0.0,0.0,0.0,0.0,0.0,-0.06676446785238808,0.01907276707955763,-0.0
2022-11-14,0.0,0.05,0.0,0.0,0.0,0.0,0.0,0.0,0.0,0.0,0.0,0.0,-0.06701414412408782,0.01933232823794971,-0.0
2022-11-15,0.0,0.05,0.0,0.0,0.0,0.0,0.0,0.0,0.0,0.0,0.0,0.0,-0.06622637461835494,0.01785174194893248,-0.0
2022-11-16,0.0,0.05,0.0,0.0,0.0,0.0,0.0,0.0,0.0,0.0,0.0,0.0,-0.06580295628089738,0.017540243923353002,-0.0
2022-11-17,0.0,0.05,0.0,0.0,0.0,0.0,0.0,0.0,0.0,0.0,0.0,0.0,-0.06455792399087136,0.016276274102910427,-0.0
2022-11-18,0.0,0.05,0.0,0.0,0.0,0.0,0.0,0.0,0.0,0.0,0.0,0.0,-0.06416738536112081,0.015752746373291538,-0.0
2022-11-21,0.0,0.05,0.0,0.0,0.0,0.0,0.0,0.0,0.0,0.0,0.0,0.0,-0.0642377752212115,0.015630510151713035,-0.0
2022-11-22,0.0,0.05,0.0,0.0,0.0,0.0,0.0,0.0,0.0,0.0,0.0,0.0,-0.06207217616010822,0.012390888531230219,-0.0
2022-11-23,0.0,0.05,0.0,0.0,0.0,0.0,0.0,0.0,0.0,0.0,0.0,0.0,-0.06204559724042374,0.012586032336871743,-0.0
2022-11-25,0.0,0.0,0.0,0.0,0.0,0.0,0.0,0.0,0.0,0.0,0.0,0.0,-0.0,-0.0,-0.0
2022-11-28,0.0,0.0,0.0,0.0,0.0,0.0,0.0,0.0,0.0,0.0,0.0,0.0,-0.0,-0.0,-0.0
2022-11-29,0.0,0.0,0.0,0.0,0.0,0.0,0.0,0.0,0.0,0.0,0.0,0.0,-0.0,-0.0,-0.0
2022-11-30,0.0,0.0,0.0,0.0,0.0,0.0,0.0,0.0,0.0,0.0,0.0,0.0,-0.0,-0.0,-0.0
2022-12-01,0.0,0.0,0.0,0.0,0.0,0.0,0.0,0.0,0.0,0.0,0.0,0.0,-0.0,-0.0,-0.0
2022-12-02,0.0,0.0,0.0,0.0,0.0,0.0,0.05,0.0,0.0,0.0,0.0,0.0,-0.052202495867183535,-0.0,-0.0
2022-12-05,0.0,0.0,0.0,0.0,0.0,0.0,0.05,0.0,0.0,0.0,0.0,0.0,-0.05218406398517196,-0.0,-0.0
2022-12-06,0.0,0.0,0.0,0.0,0.0,0.0,0.05,0.0,0.0,0.0,0.0,0.0,-0.05314912143594022,-0.0,-0.0
2022-12-07,0.0,0.0,0.0,0.0,0.0,0.0,0.05,0.0,0.0,0.0,0.0,0.0,-0.052348327229160246,-0.0,-0.0
2022-12-08,0.0,0.0,0.0,0.0,0.0,0.0,0.05,0.0,0.0,0.0,0.0,0.0,-0.05370891113845438,-0.0,-0.0
2022-12-09,0.0,0.0,0.0,0.0,0.0,0.0,0.0,0.0,0.0,0.0,0.0,0.0,-0.0,-0.0,-0.0
2022-12-12,0.0,0.0,0.0,0.0,0.0,0.0,0.05,0.0,0.0,0.0,0.0,0.0,-0.05265150261836217,-0.0,-0.0
2022-12-13,0.0,0.0,0.0,0.0,0.0,0.0,0.0,0.0,0.0,0.0,0.05,0.0,-0.09981862530645767,0.05542476190265845,-0.0
2022-12-14,0.0,0.0,0.0,0.0,0.0,0.0,0.0,0.0,0.0,0.0,0.05,0.0,-0.10122975536160068,0.05743764900377969,-0.0
2022-12-15,0.0,0.0,0.0,0.0,0.0,0.0,0.05,0.0,0.0,0.0,0.0,0.0,-0.05226178833127029,-0.0,-0.0
2022-12-16,0.0,0.0,0.0,0.0,0.0,0.0,0.05,0.0,0.0,0.0,0.0,0.0,-0.05174535102729513,-0.0,-0.0
2022-12-19,0.0,0.0,0.0,0.0,0.0,0.0,0.05,0.0,0.0,0.0,0.0,0.0,-0.05228459437704941,-0.0,-0.0
2022-12-20,0.0,0.0,0.0,0.0,0.0,0.0,0.05,0.0,0.0,0.0,0.0,0.0,-0.051477638227696056,-0.0,-0.0
2022-12-21,0.0,0.0,0.0,0.0,0.0,0.0,0.05,0.0,0.0,0.0,0.0,0.0,-0.05153079294347458,-0.0,-0.0
2022-12-22,0.0,0.0,0.0,0.0,0.0,0.0,0.05,0.0,0.0,0.0,0.0,0.0,-0.05150769035617249,-0.0,-0.0
2022-12-23,0.0,0.0,0.0,0.0,0.0,-0.05,0.05,0.0,0.0,0.0,0.0,0.0,0.00470260665047121,-0.0,-0.0071412681370644805
2022-12-27,0.0,0.0,0.0,0.0,0.0,-0.05,0.05,0.0,0.0,0.0,0.0,0.0,-0.00018681680675831924,-0.0,-0.0014066227892519595
2022-12-28,0.0,0.0,0.0,0.0,0.0,-0.05,0.05,0.0,0.0,0.0,0.0,0.0,-0.0006621951645826157,-0.0,-0.000255779956970976
2022-12-29,0.0,0.0,0.0,0.0,0.0,-0.05,0.0,0.0,0.0,0.0,0.0,0.0,0.05032180721102149,-0.0,-0.0006025779038742211
2022-12-30,0.0,0.0,0.0,0.0,0.0,0.0,0.0,0.0,0.0,0.0,0.0,0.0,-0.0,-0.0,-0.0
2023-01-03,0.0,0.0,0.0,0.0,0.0,0.0,0.0,0.0,0.0,0.0,0.0,0.0,-0.0,-0.0,-0.0
2023-01-04,0.0,0.0,0.0,0.0,0.0,0.0,0.0,0.0,0.0,0.0,0.0,0.0,-0.0,-0.0,-0.0
2023-01-05,0.0,0.0,0.0,0.0,0.0,0.0,0.0,0.0,0.0,0.0,0.0,0.0,-0.0,-0.0,-0.0
2023-01-06,0.0,0.0,0.0,0.0,0.0,0.0,0.0,0.0,0.0,0.0,0.0,0.0,-0.0,-0.0,-0.0
2023-01-09,0.0,0.0,0.0,0.0,0.0,0.0,0.0,0.0,0.0,0.0,0.0,0.0,-0.0,-0.0,-0.0
2023-01-10,0.0,0.0,0.0,0.0,0.0,0.0,0.0,0.0,0.0,0.0,0.0,0.0,-0.0,-0.0,-0.0
2023-01-11,0.0,0.0,0.0,0.0,0.0,0.0,0.0,0.0,0.0,0.0,0.0,0.0,-0.0,-0.0,-0.0
2023-01-12,0.0,0.0,0.0,0.0,0.0,0.0,0.0,0.0,0.0,0.0,0.0,0.0,-0.0,-0.0,-0.0
2023-01-13,0.0,0.0,0.0,0.0,0.0,0.0,0.0,0.0,0.0,0.0,0.0,0.0,-0.0,-0.0,-0.0
2023-01-17,0.0,0.0,0.0,0.0,0.0,0.0,0.0,0.0,0.0,0.0,0.0,0.0,-0.0,-0.0,-0.0
2023-01-18,0.0,0.0,0.0,0.0,0.0,0.0,0.0,0.0,0.0,0.0,0.0,0.0,-0.0,-0.0,-0.0
2023-01-19,0.0,0.0,0.0,0.0,0.0,0.0,0.0,0.0,0.0,0.0,0.0,0.0,-0.0,-0.0,-0.0
2023-01-20,0.0,0.0,0.0,0.0,0.0,0.0,0.0,0.0,0.0,0.0,0.0,0.0,-0.0,-0.0,-0.0
2023-01-23,0.0,0.0,0.0,0.0,0.0,0.0,0.0,0.0,0.0,0.0,0.0,0.0,-0.0,-0.0,-0.0
2023-01-24,0.0,0.0,0.0,0.0,0.0,0.0,0.0,0.0,0.0,0.0,0.0,0.0,-0.0,-0.0,-0.0
2023-01-25,0.0,0.0,0.0,0.0,0.0,0.0,0.0,0.0,0.0,0.0,0.0,0.0,-0.0,-0.0,-0.0
2023-01-26,0.0,0.0,0.0,0.0,0.0,0.0,0.0,0.0,0.0,0.0,0.0,0.0,-0.0,-0.0,-0.0
2023-01-27,0.0,0.0,0.0,0.0,0.0,0.0,0.0,0.0,0.0,0.0,0.0,0.0,-0.0,-0.0,-0.0
2023-01-30,0.0,0.0,0.0,0.0,0.0,0.0,0.0,0.0,0.0,0.0,0.0,0.0,-0.0,-0.0,-0.0
2023-01-31,0.0,0.0,0.0,0.0,0.0,0.0,-0.05,0.0,0.0,0.0,0.0,0.0,0.052867104136992894,-0.0,-0.0
2023-02-01,0.0,0.0,0.0,0.0,0.0,0.0,0.0,0.0,0.0,0.0,-0.05,0.0,0.09290444300134049,-0.03793211970212224,-0.0
2023-02-02,0.0,0.0,0.0,0.0,0.0,0.0,0.0,0.0,0.0,0.0,-0.05,0.0,0.07366924674918492,-0.012704118441257623,-0.0
2023-02-03,0.0,0.0,0.0,0.0,0.0,0.0,0.0,0.0,0.0,0.0,-0.05,0.0,0.06055485534764933,0.0022614857651577234,-0.0
2023-02-06,0.0,0.0,0.0,0.0,0.0,0.0,0.0,0.0,0.0,0.0,-0.05,0.0,0.0604009263578167,0.0018573247161593938,-0.0
2023-02-07,0.0,0.0,0.0,0.0,0.0,0.0,0.0,0.0,0.0,0.0,-0.05,0.0,0.05996321110354849,0.0023142524031409817,-0.0
2023-02-08,0.0,0.0,0.0,0.0,0.0,0.0,0.0,0.0,0.0,0.0,0.0,0.0,-0.0,-0.0,-0.0
2023-02-09,0.0,0.0,0.0,0.0,0.0,0.0,0.0,0.0,0.0,0.0,0.0,0.0,-0.0,-0.0,-0.0
2023-02-10,0.0,0.0,0.0,0.0,0.0,0.0,0.0,0.0,0.0,0.0,0.0,0.0,-0.0,-0.0,-0.0
2023-02-13,0.0,0.0,0.0,0.0,0.0,0.0,0.0,0.0,0.0,0.0,0.0,0.0,-0.0,-0.0,-0.0
2023-02-14,0.0,0.0,0.0,0.0,0.0,0.0,0.0,0.0,0.0,0.0,0.0,0.0,-0.0,-0.0,-0.0
2023-02-15,0.0,0.0,0.0,0.0,0.0,0.0,0.0,0.0,0.0,0.0,0.0,0.0,-0.0,-0.0,-0.0
2023-02-16,0.0,0.0,0.0,0.0,0.0,0.0,0.0,0.0,0.0,0.0,0.0,0.0,-0.0,-0.0,-0.0
2023-02-17,0.0,0.0,0.0,0.0,0.0,0.0,0.0,0.0,0.0,0.0,0.0,0.0,-0.0,-0.0,-0.0
2023-02-21,0.0,0.0,0.0,0.0,0.0,0.05,0.0,0.0,0.0,0.0,0.0,0.0,-0.029908905998735937,-0.0,-0.021893694399103436
2023-02-22,0.0,0.0,0.0,0.0,0.0,0.0,0.0,0.0,0.0,0.0,0.0,0.0,-0.0,-0.0,-0.0
2023-02-23,0.0,0.0,0.0,0.0,0.0,0.0,0.0,0.0,0.0,0.0,0.0,0.0,-0.0,-0.0,-0.0
2023-02-24,0.0,0.0,0.0,0.05,0.0,0.0,0.0,0.0,0.0,0.0,0.0,0.0,-0.038906770101426486,-0.03057741215400619,0.01693079139834708
2023-02-27,0.0,0.0,0.0,0.05,0.0,0.0,0.0,0.0,0.0,0.0,0.0,0.0,-0.04076938033656681,-0.03241837925913537,0.01996434322916876
2023-02-28,0.0,0.0,0.0,0.05,0.0,0.05,0.0,0.0,0.0,0.0,0.0,0.0,-0.06270086335747668,-0.03100380788532463,-0.014257321311941112
2023-03-01,0.0,0.0,0.0,0.05,0.0,0.05,0.0,0.0,0.0,0.0,0.0,0.0,-0.05700644951177201,-0.02847755013918052,-0.018943135261764943
2023-03-02,0.0,0.0,0.0,0.05,0.0,0.05,0.0,0.0,0.0,0.0,0.0,0.0,-0.05747562263711485,-0.028625982987898386,-0.018097078315083313
2023-03-03,0.0,0.0,0.0,0.05,0.0,0.05,-0.05,0.0,0.0,0.0,0.0,0.0,-0.016172799016039928,0.020345796669234355,-0.044673095536664834
2023-03-06,0.0,0.0,0.0,0.0,0.0,0.05,-0.05,0.0,0.0,0.0,0.0,0.0,0.028748747961094334,0.015050600647218183,-0.05171557218541312
2023-03-07,0.0,0.0,0.0,0.0,0.0,0.05,-0.05,0.0,0.0,0.0,0.0,0.0,0.020602911819362007,0.017055928471526732,-0.04542365320664702
2023-03-08,0.0,0.0,0.0,0.0,0.0,0.05,-0.05,0.0,0.0,0.0,0.0,0.0,0.019460843593618854,0.017138903469900543,-0.04449715417871357
2023-03-09,0.0,0.0,0.0,0.0,0.0,0.05,-0.05,0.0,0.0,0.0,0.0,0.0,0.024539426751922784,0.017457490498013317,-0.04893835822810472
2023-03-10,0.0,0.0,0.0,0.0,0.0,0.0,-0.05,0.0,0.0,0.0,0.0,0.0,0.04513453916007525,0.02641293775218393,-0.019008532616792768
2023-03-13,0.0,0.0,0.0,0.0,0.0,0.0,-0.05,0.0,0.0,0.0,0.0,0.0,0.05644389818809434,0.03337387589124479,-0.03353318296920151
2023-03-14,0.0,0.0,0.0,0.0,0.0,0.0,-0.05,0.0,0.0,0.0,0.0,0.0,0.05600467245265392,0.030155810247464294,-0.030787362041288093
2023-03-15,0.0,0.0,0.0,0.0,0.0,0.0,-0.05,0.0,0.0,0.0,0.0,0.0,0.055601483398627964,0.03171933614771965,-0.030330553809935393
2023-03-16,0.0,0.0,0.0,0.0,0.0,0.0,-0.05,0.0,0.0,0.0,0.0,0.0,0.055294306730743314,0.03092424668063168,-0.029471126503882252
2023-03-17,0.0,0.0,0.0,0.0,0.0,0.0,-0.05,0.0,0.0,0.0,0.0,0.0,0.053766986396429586,0.029610127946546314,-0.02786242354389822
2023-03-20,0.0,-0.05,0.0,0.0,0.0,0.0,-0.05,0.0,0.0,0.0,0.0,0.0,0.10601110301048053,0.033548663431332545,-0.026345745662854764
2023-03-21,0.0,0.0,0.0,0.0,0.0,0.0,-0.05,0.0,0.0,0.0,0.0,0.0,0.05441759682170938,0.030756768370434243,-0.028123510504952723
2023-03-22,0.0,0.0,0.0,0.0,0.0,0.0,-0.05,0.0,0.0,0.0,0.0,0.0,0.05318295724010026,0.03487197304134362,-0.02907322233312254
2023-03-23,0.0,0.0,0.0,0.0,0.0,0.0,-0.05,0.0,0.0,0.0,0.0,0.0,0.05437533872274434,0.0333377451128461,-0.028008168045806803
2023-03-24,0.0,0.0,0.0,0.0,0.0,0.0,-0.05,0.0,0.0,0.0,0.0,0.0,0.04908161198043144,0.03832312243513502,-0.026846429472059966
2023-03-27,0.0,0.0,0.0,0.0,0.0,0.0,-0.05,0.0,0.0,0.0,0.0,0.0,0.04614873729554175,0.03579929333045735,-0.021546306727934308
2023-03-28,0.0,0.0,0.0,0.0,0.0,0.0,-0.05,0.0,0.0,0.0,0.0,0.0,0.044753758206808325,0.03739228635190649,-0.021710711186041683
2023-03-29,0.0,0.0,0.0,0.0,0.0,0.0,-0.05,0.0,0.0,0.0,0.0,0.0,0.04469969210978844,0.03789081781880878,-0.02220125676660666
2023-03-30,0.0,0.0,0.0,0.0,0.0,0.0,-0.05,0.0,0.0,0.0,0.0,0.0,0.04376922044503889,0.03731060288236298,-0.021165534317966903
2023-03-31,0.0,0.0,0.0,0.0,0.0,0.0,0.0,0.0,0.0,0.0,0.0,0.0,-0.0,-0.0,-0.0
2023-04-03,0.0,0.0,0.0,0.0,0.0,0.0,0.0,0.0,0.0,0.0,0.0,0.0,-0.0,-0.0,-0.0
2023-04-04,0.0,0.0,0.0,0.0,0.0,0.0,0.0,0.0,0.0,0.0,0.0,0.0,-0.0,-0.0,-0.0
2023-04-05,0.0,-0.05,0.0,0.0,0.0,0.0,0.0,0.0,0.0,0.0,0.0,0.0,0.058699524812778715,-0.0,-0.0
2023-04-06,0.0,-0.05,0.0,0.0,0.0,0.0,0.0,0.0,0.0,0.0,0.0,0.0,0.05867796877658166,-0.0,-0.0
2023-04-10,0.0,-0.05,0.0,0.0,0.0,0.0,0.0,0.0,0.0,0.0,0.0,0.0,0.05892877335321768,-0.0,-0.0
2023-04-11,0.0,0.0,0.0,0.0,0.0,0.0,0.0,0.0,0.0,0.0,0.0,0.0,-0.0,-0.0,-0.0
2023-04-12,0.0,0.0,0.0,0.0,0.0,0.0,0.0,0.0,0.0,0.0,0.0,0.0,-0.0,-0.0,-0.0
2023-04-13,0.0,0.0,0.0,0.0,0.0,0.0,0.0,0.0,0.0,0.0,0.0,0.0,-0.0,-0.0,-0.0
2023-04-14,0.0,0.0,0.0,0.0,0.0,0.0,0.0,0.0,0.0,0.0,0.0,0.0,-0.0,-0.0,-0.0
2023-04-17,0.0,0.0,0.0,0.0,0.0,0.0,0.0,0.0,0.0,0.0,0.0,0.0,-0.0,-0.0,-0.0
2023-04-18,0.0,0.0,0.0,0.0,0.0,0.0,0.0,0.0,0.0,0.0,0.0,0.0,-0.0,-0.0,-0.0
2023-04-19,0.0,0.0,0.0,0.0,0.0,0.0,0.0,0.0,0.0,0.0,0.0,0.0,-0.0,-0.0,-0.0
2023-04-20,0.0,0.0,0.0,0.0,0.0,0.0,0.0,0.05,0.0,0.0,0.0,0.0,-0.015633185642100773,-0.02551092245870025,0.007894288553652476
2023-04-21,0.0,0.0,0.0,0.0,0.0,0.0,0.0,0.05,0.0,0.0,0.0,0.0,-0.014047669799654322,-0.025077106166888876,0.004777701899593123
2023-04-24,0.0,0.0,0.0,0.0,0.0,0.0,0.0,0.05,0.0,0.0,0.0,0.0,-0.01039322490147308,-0.025119752524353302,0.001299746497895156
2023-04-25,0.0,0.0,0.0,0.0,0.0,0.0,0.0,0.05,0.0,0.0,0.0,0.0,-0.008587811868564034,-0.02649095906498211,0.000659617962795571
2023-04-26,0.0,0.0,0.0,0.0,0.0,0.0,0.0,0.05,0.0,0.0,0.0,0.0,-0.007969154516260204,-0.02619158371655534,0.0005773158971454682
2023-04-27,0.0,-0.05,0.0,0.0,0.0,0.0,0.0,0.05,0.0,0.0,0.0,0.0,0.061184335454314696,-0.029677328019220912,-0.0036354005842225826
2023-04-28,0.0,-0.05,0.0,0.05,0.0,0.0,0.0,0.05,0.0,0.0,0.0,0.0,0.018462876906960378,-0.05621494107987546,0.019352467784216967
2023-05-01,0.0,-0.05,0.0,0.05,0.0,0.0,0.0,0.05,0.0,0.0,0.0,0.0,0.016950580012316148,-0.05941099067126106,0.02392633232685811
2023-05-02,0.0,-0.05,0.0,0.05,0.0,0.0,0.0,0.05,0.0,0.0,0.0,0.0,0.016206296327193233,-0.05725556456906356,0.021038477541356515
2023-05-03,0.0,-0.05,0.0,0.05,0.0,0.0,0.0,0.05,0.0,0.0,0.0,0.0,-0.0013360973613209884,-0.07072830258075574,0.04631760207086069
2023-05-04,0.0,-0.05,0.0,0.05,0.0,0.0,0.0,0.05,0.0,0.0,0.05,0.0,-0.04022362494351163,-0.08156800347083717,0.04020696247199962
2023-05-05,0.0,-0.05,0.0,0.05,0.0,0.0,0.0,0.05,0.0,0.0,0.05,0.0,-0.046967458953776416,-0.09095389415300437,0.05171093125949708
2023-05-08,0.0,-0.05,0.0,0.05,0.0,0.0,0.0,0.05,0.0,0.0,0.05,0.0,-0.07176911996004912,-0.100335790827797,0.08671439022672417
2023-05-09,0.0,-0.05,0.0,0.05,0.0,0.0,0.0,0.05,0.0,0.0,0.05,0.0,-0.07082447227594901,-0.09995479841300178,0.08529781755700228
2023-05-10,0.0,-0.05,0.0,0.05,0.0,0.05,0.0,0.05,0.0,0.0,0.05,0.0,-0.09664892378833735,-0.10414619310494348,0.04257794465659627
2023-05-11,0.0,-0.05,0.0,0.05,0.0,0.05,0.0,0.05,0.0,0.0,0.05,0.0,-0.09754726170712788,-0.10321395004818702,0.041605310435064435
2023-05-12,0.0,-0.05,0.0,0.05,0.0,0.05,0.0,0.05,0.0,0.0,0.0,0.0,-0.04027390280271831,-0.07514733524657455,0.015488496347021614
2023-05-15,0.0,-0.05,0.0,0.05,0.0,0.05,0.0,0.05,0.0,0.0,0.0,0.0,-0.04325085371182725,-0.07953902550084797,0.022763813201329343
2023-05-16,0.0,-0.05,0.0,0.0,0.0,0.05,0.0,0.05,0.0,0.0,0.0,0.0,0.012808588249378923,-0.03333489205996578,-0.035686576676113295
2023-05-17,0.0,-0.05,0.0,0.0,0.0,0.05,0.0,0.05,0.0,0.0,0.0,0.0,0.015105985190620837,-0.0322675860340488,-0.03879638821972652
2023-05-18,0.0,0.0,0.0,0.0,0.0,0.05,0.0,0.05,0.0,0.0,0.0,0.0,-0.04322458643108487,-0.03341543513470063,-0.03878011237068199
2023-05-19,0.0,0.0,0.0,0.0,0.0,0.05,0.0,0.0,0.0,0.0,0.0,0.0,-0.02305464476914656,-0.0,-0.05105667628617644
2023-05-22,0.0,0.0,0.0,0.0,0.0,0.0,0.0,0.0,0.0,0.0,0.0,0.0,-0.0,-0.0,-0.0
2023-05-23,0.0,0.0,0.0,0.0,0.0,0.0,0.0,0.0,0.0,0.0,0.0,0.0,-0.0,-0.0,-0.0
2023-05-24,0.0,0.0,0.0,0.0,0.0,0.0,0.0,0.0,0.0,0.0,0.0,0.0,-0.0,-0.0,-0.0
2023-05-25,0.0,0.0,0.0,0.0,0.0,0.0,0.0,0.0,0.0,0.0,0.0,0.0,-0.0,-0.0,-0.0
2023-05-26,0.0,0.0,-0.05,-0.05,-0.05,0.0,0.0,0.0,0.05,0.0,0.0,0.0,0.36131497386665223,-0.02562664267918095,-0.16499349593607504
2023-05-30,0.0,0.0,-0.05,-0.05,-0.05,0.0,0.0,0.0,0.05,0.0,0.0,0.0,0.36394723127075146,-0.03201170760689023,-0.159632042199165
2023-05-31,0.0,0.0,-0.05,-0.05,-0.05,0.0,0.0,0.0,0.0,0.0,0.0,0.0,0.4033126809950711,-0.033116387149789026,-0.1606610081768278
2023-06-01,0.0,0.0,0.0,-0.05,-0.05,0.0,0.0,0.0,0.0,0.0,0.0,0.0,0.180213342586927,0.011579958608741859,-0.05055872533991617
2023-06-02,0.0,0.0,0.0,-0.05,0.0,0.0,0.0,0.0,0.0,0.0,0.0,0.0,0.09992318342395326,0.008919418875818074,-0.05486278808695741
2023-06-05,0.0,0.0,0.0,-0.05,0.0,0.0,0.0,0.0,0.0,0.0,0.0,0.0,0.09986834909747971,0.017964451844645773,-0.06075410137037233
2023-06-06,0.0,0.0,0.0,-0.05,0.0,0.0,0.0,0.0,0.0,-0.05,0.0,0.0,0.1531103298085906,0.04077920575904073,-0.10120732746811698
2023-06-07,0.0,0.0,0.0,-0.05,0.0,0.0,0.0,0.0,0.0,-0.05,0.0,0.0,0.14947367860781227,0.03558104106172904,-0.09462600819942749
2023-06-08,0.0,0.0,0.0,-0.05,0.0,0.0,0.0,0.0,0.0,-0.05,0.0,0.0,0.1504586271393814,0.03693322212170712,-0.09648402953470124
2023-06-09,0.0,0.0,0.0,-0.05,0.0,0.0,0.0,0.0,0.0,-0.05,0.0,0.0,0.14600286584994432,0.03593914653261328,-0.08699097839781454
2023-06-12,0.0,0.0,0.0,0.0,0.0,0.0,0.0,0.0,0.0,-0.05,0.0,0.0,0.03208290049504403,0.003581907857040738,-0.0007553491418179543
2023-06-13,0.0,0.0,0.0,-0.05,0.0,0.0,0.0,0.0,0.0,-0.05,0.0,0.0,0.15452888619498048,0.02117216749920741,-0.07507727575497003
2023-06-14,0.0,0.0,0.0,-0.05,0.0,0.0,0.0,0.0,0.0,-0.05,0.0,0.0,0.15736112032313815,0.016923943090096122,-0.07625550655234532
2023-06-15,0.0,0.0,0.0,-0.05,0.0,0.0,0.0,0.0,0.0,-0.05,0.0,0.0,0.16588418244029005,-0.009813811349324873,-0.06551667108865337
2023-06-16,0.0,0.0,0.0,-0.05,0.0,0.0,0.0,0.0,0.0,-0.05,0.0,0.0,0.15817228918603937,-0.007352573629807075,-0.05736647920796373
2023-06-20,0.0,0.0,0.0,-0.05,0.0,0.0,0.0,0.0,0.0,0.0,0.0,0.0,0.11160845580304322,-0.00364641035147519,-0.053173294202365176
2023-06-21,0.0,0.0,0.0,-0.05,0.0,0.0,0.0,0.0,0.0,0.0,0.0,0.0,0.10790908540954543,-0.0107082646910476,-0.04429123620052644
2023-06-22,0.0,0.0,0.0,0.0,0.0,0.0,0.0,0.0,0.0,0.0,0.0,0.0,-0.0,-0.0,-0.0
2023-06-23,0.0,0.0,0.0,0.0,0.0,0.0,0.0,0.0,0.0,0.0,0.0,0.0,-0.0,-0.0,-0.0
2023-06-26,0.0,0.0,0.0,0.0,0.0,0.0,0.0,0.0,0.0,-0.05,0.0,0.0,0.06890974542558198,-0.0017767059744831872,-0.02619056284605257
2023-06-27,0.0,0.0,0.0,0.0,0.0,0.0,0.0,0.0,0.0,-0.05,0.0,0.0,0.06193817674951525,-0.0038970372402919113,-0.013954906230710022
2023-06-28,0.0,0.0,0.0,0.0,0.0,0.0,0.0,0.0,0.0,-0.05,0.0,0.0,0.062484373305817145,-0.004064988665266392,-0.014955814635137633
2023-06-29,0.0,0.0,0.0,0.0,0.0,0.0,0.0,0.0,0.0,-0.05,0.0,0.0,0.06675822345206242,-0.006909469448649876,-0.019149557253116425
2023-06-30,0.0,0.0,0.0,0.0,0.0,0.0,0.0,0.0,0.0,-0.05,0.0,0.0,0.06766703642112276,-0.008588410871270507,-0.018914221989887566
2023-07-03,0.0,0.0,0.0,0.0,0.0,0.0,0.0,0.0,0.0,-0.05,0.0,0.0,0.06834222748009806,-0.008367404329139298,-0.020021931171855377
2023-07-05,0.0,0.0,0.0,0.0,0.0,0.0,0.0,0.0,0.0,0.0,0.0,0.0,-0.0,-0.0,-0.0
2023-07-06,0.0,0.0,0.0,0.0,0.0,0.0,0.0,0.0,0.0,0.0,0.0,0.0,-0.0,-0.0,-0.0
2023-07-07,0.0,0.0,0.0,0.0,0.0,0.0,0.0,0.0,0.0,0.0,0.0,0.0,-0.0,-0.0,-0.0
2023-07-10,0.0,0.0,0.0,0.0,0.0,0.0,0.0,0.0,0.0,0.0,0.0,0.0,-0.0,-0.0,-0.0
2023-07-11,0.0,0.0,0.0,0.0,0.0,0.0,0.0,0.0,0.0,0.0,0.0,0.0,-0.0,-0.0,-0.0
2023-07-12,0.0,0.0,0.0,0.0,0.0,0.0,0.0,0.0,0.0,0.0,0.0,0.0,-0.0,-0.0,-0.0
2023-07-13,0.0,0.0,0.0,0.0,0.0,0.0,0.0,0.0,0.0,0.0,0.0,0.0,-0.0,-0.0,-0.0
2023-07-14,0.0,0.0,0.0,0.0,0.0,0.0,0.0,0.0,0.0,0.0,0.0,0.0,-0.0,-0.0,-0.0
2023-07-17,0.0,0.0,0.0,0.0,0.0,0.0,0.0,0.0,0.0,0.0,0.0,0.0,-0.0,-0.0,-0.0
2023-07-18,0.0,0.0,0.0,0.0,0.0,0.0,0.0,0.0,0.0,0.0,0.0,0.0,-0.0,-0.0,-0.0
2023-07-19,0.0,0.0,0.0,0.0,0.0,0.0,0.0,0.0,0.0,0.0,0.0,0.0,-0.0,-0.0,-0.0
2023-07-20,0.0,0.0,0.0,0.0,0.0,0.0,0.0,0.0,0.0,0.0,0.0,0.0,-0.0,-0.0,-0.0
2023-07-21,0.0,0.0,0.0,0.0,0.0,0.0,0.0,0.0,0.0,0.0,0.0,0.0,-0.0,-0.0,-0.0
2023-07-24,0.0,0.0,0.0,0.0,0.0,0.0,0.0,0.0,0.0,0.0,0.0,0.0,-0.0,-0.0,-0.0
2023-07-25,0.0,0.0,0.0,0.0,0.0,0.0,0.0,0.0,0.0,0.0,0.0,0.0,-0.0,-0.0,-0.0
2023-07-26,0.0,0.0,0.0,0.0,0.0,0.0,0.0,0.0,0.0,0.0,0.0,0.0,-0.0,-0.0,-0.0
2023-07-27,0.0,0.0,0.0,0.0,0.0,0.0,0.0,0.0,0.0,0.0,0.0,0.0,-0.0,-0.0,-0.0
2023-07-28,0.0,0.0,0.0,0.0,0.0,0.0,0.0,0.0,0.0,0.0,0.0,0.0,-0.0,-0.0,-0.0
2023-07-31,0.0,0.0,0.0,0.0,0.0,0.0,0.0,0.0,0.0,0.0,0.0,0.0,-0.0,-0.0,-0.0
2023-08-01,0.0,0.0,0.0,0.0,0.0,0.0,0.0,0.0,0.0,0.0,0.0,0.0,-0.0,-0.0,-0.0
2023-08-02,0.0,0.0,0.0,0.0,0.0,0.0,0.0,0.0,0.0,0.0,0.0,0.0,-0.0,-0.0,-0.0
2023-08-03,0.0,0.0,0.0,0.0,0.0,0.0,0.0,0.0,0.0,0.0,0.0,0.0,-0.0,-0.0,-0.0
2023-08-04,0.0,0.0,0.0,0.0,0.0,0.0,0.0,0.0,0.0,0.0,0.0,0.0,-0.0,-0.0,-0.0
2023-08-07,0.0,0.0,0.0,0.0,0.0,0.0,0.0,0.0,0.0,0.0,0.0,0.0,-0.0,-0.0,-0.0
2023-08-08,0.0,0.0,0.0,0.0,0.0,0.0,0.0,0.0,0.0,0.0,0.0,0.0,-0.0,-0.0,-0.0
2023-08-09,0.0,0.0,0.0,0.0,0.0,0.0,0.0,0.0,0.0,0.0,0.0,0.0,-0.0,-0.0,-0.0
2023-08-10,0.0,0.0,0.0,0.0,0.0,0.0,0.0,0.0,0.0,0.0,0.0,0.0,-0.0,-0.0,-0.0
2023-08-11,0.0,0.0,0.0,0.0,0.0,0.0,0.0,0.0,0.0,0.0,0.0,0.0,-0.0,-0.0,-0.0
2023-08-14,0.0,0.0,0.0,0.0,0.0,0.0,0.0,0.0,0.0,0.0,0.0,0.0,-0.0,-0.0,-0.0
2023-08-15,0.0,0.0,0.0,0.0,0.0,0.0,0.0,0.0,-0.05,0.0,0.0,0.0,0.04567945687490772,-0.0,-0.0
2023-08-16,0.0,0.0,0.0,0.0,0.0,0.0,0.0,0.0,-0.05,0.0,0.0,0.0,0.04611984068815093,-0.0,-0.0
2023-08-17,0.0,0.0,0.0,0.0,0.0,0.0,0.0,0.0,0.0,0.0,0.0,0.0,-0.0,-0.0,-0.0
2023-08-18,0.0,0.0,0.0,0.0,0.0,0.0,0.0,0.0,0.0,0.0,0.0,0.0,-0.0,-0.0,-0.0
2023-08-21,0.0,0.0,0.0,0.0,0.0,0.0,0.0,0.0,0.0,0.0,0.0,0.0,-0.0,-0.0,-0.0
2023-08-22,0.0,0.0,0.0,0.0,0.0,0.0,0.0,0.0,0.0,0.0,0.0,0.0,-0.0,-0.0,-0.0
2023-08-23,0.0,0.0,0.0,0.0,0.0,0.0,0.0,0.0,0.0,0.0,0.0,0.0,-0.0,-0.0,-0.0
2023-08-24,0.0,0.0,0.0,0.0,0.0,0.0,0.0,0.0,0.0,0.0,0.0,0.0,-0.0,-0.0,-0.0
2023-08-25,0.0,0.0,0.0,0.0,0.0,0.0,0.0,0.0,0.0,0.0,0.0,0.0,-0.0,-0.0,-0.0
2023-08-28,0.0,0.0,0.0,0.0,0.0,0.0,0.0,0.0,0.0,0.0,0.0,0.0,-0.0,-0.0,-0.0
2023-08-29,0.0,0.0,0.0,0.0,0.0,0.0,0.0,0.0,0.0,0.0,0.0,0.0,-0.0,-0.0,-0.0
2023-08-30,0.0,0.0,0.0,0.0,0.0,0.0,0.0,0.0,0.0,0.0,0.0,0.0,-0.0,-0.0,-0.0
2023-08-31,0.0,0.0,0.0,0.0,0.0,0.0,0.0,0.0,0.0,0.0,0.0,0.0,-0.0,-0.0,-0.0
2023-09-01,0.0,0.0,0.0,0.0,0.0,0.0,0.0,0.0,0.0,0.0,0.0,0.0,-0.0,-0.0,-0.0
2023-09-05,0.0,0.0,0.0,0.0,0.0,0.0,0.0,0.0,0.0,0.0,0.0,0.0,-0.0,-0.0,-0.0
2023-09-06,0.0,0.0,0.0,0.0,0.0,0.0,0.0,0.0,0.0,0.0,0.0,0.0,-0.0,-0.0,-0.0
2023-09-07,0.0,0.0,0.0,0.0,0.0,0.0,0.0,0.0,0.0,0.0,0.0,0.0,-0.0,-0.0,-0.0
2023-09-08,0.0,0.0,0.0,0.0,0.0,0.0,0.0,0.0,0.0,0.0,0.0,0.0,-0.0,-0.0,-0.0
2023-09-11,0.0,0.0,0.0,0.0,0.0,0.0,0.0,0.0,0.0,0.0,0.05,0.0,-0.07408184346700543,-0.015433394962029213,0.032038885745826216
2023-09-12,0.0,0.0,0.0,0.0,0.0,0.0,0.0,0.0,0.0,0.0,0.05,0.0,-0.06265518622333378,-0.008696656608331866,0.012119275690841728
2023-09-13,0.0,0.0,0.0,0.0,0.0,0.0,0.0,0.0,0.0,0.0,0.0,0.0,-0.0,-0.0,-0.0
2023-09-14,0.0,0.0,0.0,0.0,0.0,0.0,0.0,0.0,0.0,0.0,0.0,0.0,-0.0,-0.0,-0.0
2023-09-15,0.0,0.0,0.0,0.0,0.0,0.0,0.0,0.0,0.0,0.0,0.0,0.0,-0.0,-0.0,-0.0
2023-09-18,0.0,0.0,0.0,0.0,0.0,0.0,0.0,0.0,0.0,0.0,0.0,0.0,-0.0,-0.0,-0.0
2023-09-19,0.0,0.0,0.0,0.0,0.0,0.0,0.0,0.0,0.0,0.0,0.0,0.0,-0.0,-0.0,-0.0
2023-09-20,0.0,0.0,0.0,0.0,0.0,0.0,0.0,0.0,0.0,0.0,0.0,0.0,-0.0,-0.0,-0.0
2023-09-21,0.0,0.0,0.0,0.0,0.0,0.0,0.0,0.0,0.0,0.0,0.0,0.0,-0.0,-0.0,-0.0
2023-09-22,0.0,0.0,0.0,0.0,0.0,0.0,0.0,0.0,0.0,0.0,0.0,0.0,-0.0,-0.0,-0.0
2023-09-25,0.0,0.0,0.0,0.0,0.0,0.0,0.0,0.0,0.0,0.0,0.0,0.0,-0.0,-0.0,-0.0
2023-09-26,0.0,0.0,0.0,0.0,0.0,0.0,0.0,0.0,0.0,0.0,0.0,0.0,-0.0,-0.0,-0.0
2023-09-27,0.0,0.0,0.0,0.0,0.0,0.0,0.0,0.0,0.0,0.0,0.0,0.0,-0.0,-0.0,-0.0
2023-09-28,0.0,0.0,0.0,0.0,0.0,0.0,0.0,0.0,0.0,0.0,0.0,0.0,-0.0,-0.0,-0.0
2023-09-29,0.0,0.0,0.0,0.0,0.0,0.0,0.0,0.0,0.0,0.0,0.0,0.0,-0.0,-0.0,-0.0
2023-10-02,0.0,0.0,0.0,0.0,0.0,0.0,0.0,0.0,0.0,0.0,0.0,0.0,-0.0,-0.0,-0.0
2023-10-03,0.0,0.0,0.0,0.0,0.0,0.0,0.0,0.0,0.0,0.0,0.0,0.0,-0.0,-0.0,-0.0
2023-10-04,0.0,0.0,0.0,0.0,0.0,0.0,0.05,0.0,0.0,0.0,0.0,0.0,-0.03960108837669959,-0.0,-0.0
2023-10-05,0.0,0.0,0.0,0.0,0.0,0.0,0.05,0.0,0.0,0.0,0.0,0.0,-0.03896414366938211,-0.0,-0.0
2023-10-06,0.0,0.0,0.0,0.0,0.0,0.0,0.05,0.0,0.0,0.0,0.0,0.05,-0.09677466146960995,0.02257677979739497,-0.0
2023-10-09,0.0,0.0,0.0,0.0,0.0,0.0,0.0,0.0,0.0,0.0,0.0,0.05,-0.059523202390308796,0.022494630634442764,-0.0
2023-10-10,0.0,0.0,0.0,0.0,0.0,0.0,0.0,0.0,0.0,0.0,0.0,0.05,-0.05964631191719923,0.02300609905563636,-0.0
2023-10-11,0.0,0.0,0.0,0.0,0.0,0.0,0.0,0.0,0.0,0.0,0.0,0.05,-0.05775798617349476,0.019817744251225355,-0.0
2023-10-12,0.0,0.0,0.0,0.0,0.0,0.0,0.0,0.0,0.0,0.0,0.0,0.05,-0.05700354371434383,0.018627521247660147,-0.0
2023-10-13,0.0,0.0,0.0,0.0,0.0,0.0,0.0,0.0,0.0,0.0,0.0,0.05,-0.053762306482808345,0.013121819275129227,-0.0
2023-10-16,0.0,0.0,0.0,0.0,0.0,0.0,0.0,0.0,0.0,0.0,0.0,0.05,-0.0538492852048635,0.01321733120123286,-0.0
2023-10-17,0.0,0.0,0.0,0.0,0.0,0.0,0.0,0.0,0.0,0.0,0.0,0.05,-0.05381373071263356,0.012615587209277641,-0.0
2023-10-18,0.0,0.0,0.05,0.0,0.0,0.0,0.0,0.0,0.0,0.0,0.0,0.0,-0.05436619710481581,-0.0,-0.029751686854290346
2023-10-19,0.0,0.0,0.05,0.0,0.0,0.0,0.0,0.0,0.0,0.0,0.0,0.0,-0.04585099092351713,-0.0,-0.04031992594073202
2023-10-20,0.0,0.0,0.05,0.0,0.0,0.0,0.0,0.0,0.0,0.0,0.0,0.0,-0.05826955065605806,-0.0,-0.02714896514333224
2023-10-23,0.0,0.0,0.05,0.0,0.0,0.0,0.0,0.0,0.0,0.0,0.0,0.0,-0.05723333242073014,-0.0,-0.027216185356727707
2023-10-24,0.0,0.0,0.05,0.0,0.0,0.0,0.0,0.0,0.0,0.05,0.0,0.0,-0.11353080677054025,-0.0,-0.0392337363520274
2023-10-25,0.0,0.0,0.05,0.0,0.0,0.0,0.0,0.0,0.0,0.05,0.0,0.0,-0.11304185184578715,-0.0,-0.03889880210496457
2023-10-26,0.0,0.0,0.05,0.0,0.0,0.0,0.0,0.0,0.0,0.05,0.0,0.0,-0.10194582428748364,-0.0,-0.05222983459575658
2023-10-27,0.0,0.0,0.05,0.0,0.0,0.0,0.0,0.0,0.0,0.05,0.0,0.0,-0.10041043458865469,-0.0,-0.053099346678632135
2023-10-30,0.0,0.0,0.05,0.0,0.0,0.0,0.0,0.0,0.0,0.05,0.0,0.0,-0.10152748829722649,-0.0,-0.05163066390343016
2023-10-31,0.0,0.0,0.05,0.0,0.0,0.0,0.0,0.0,0.0,0.05,0.0,0.0,-0.11630687901559833,-0.0,-0.038368202898607304
2023-11-01,0.0,0.0,0.05,0.0,0.0,0.0,0.0,0.0,0.0,0.05,0.0,0.0,-0.11624229551737483,-0.0,-0.037270687205642375
2023-11-02,0.0,0.0,0.0,0.0,0.0,0.0,0.0,0.0,0.0,0.0,0.0,0.0,-0.0,-0.0,-0.0
2023-11-03,0.0,0.0,0.0,0.0,0.0,0.0,0.0,0.0,0.0,0.0,0.0,0.0,-0.0,-0.0,-0.0
2023-11-06,0.0,0.0,0.0,0.0,0.0,0.0,0.0,0.0,0.0,0.0,0.0,0.0,-0.0,-0.0,-0.0
2023-11-07,0.0,0.0,0.0,0.0,0.0,0.0,0.0,0.0,0.0,0.0,0.0,0.05,-0.014236496560484438,-0.037807456105678934,-0.0
2023-11-08,0.0,0.0,0.0,0.0,0.0,0.0,0.0,0.0,0.0,0.0,0.0,0.05,-0.007011971938838644,-0.04482029181980758,-0.0
2023-11-09,0.0,0.0,0.0,0.0,0.0,0.0,0.0,0.0,0.0,0.0,0.0,0.05,-0.005883435797283901,-0.046142778276647124,-0.0
2023-11-10,0.0,0.0,0.0,0.0,0.0,0.0,0.0,0.0,0.0,0.0,0.0,0.05,-0.005204394839499348,-0.04689504988873191,-0.0
2023-11-13,0.0,0.0,0.0,0.0,0.0,0.0,0.0,0.0,0.0,0.0,0.0,0.05,-0.007956819772038886,-0.04664783682479263,-0.0
2023-11-14,0.0,0.0,0.0,0.0,0.0,0.0,0.0,0.0,0.0,0.0,0.0,0.05,0.0039040456121576966,-0.03252418690776044,-0.022768435863121106
2023-11-15,0.0,0.0,0.0,0.0,0.0,0.0,0.0,0.0,0.0,0.0,0.0,0.05,0.004739688002266266,-0.03725626565937159,-0.021212317158603
2023-11-16,0.0,0.0,0.0,0.0,0.0,0.0,0.0,0.0,0.0,0.0,0.0,0.05,0.00427274491853817,-0.040106556394046755,-0.01864973535392165
2023-11-17,0.0,0.0,0.0,0.0,0.0,0.0,0.0,0.0,0.0,0.0,0.0,0.0,-0.0,-0.0,-0.0
2023-11-20,0.0,0.0,0.0,0.0,0.0,0.0,0.0,0.0,0.0,0.0,0.0,0.0,-0.0,-0.0,-0.0
2023-11-21,0.0,0.0,0.0,0.0,0.0,0.0,0.0,0.0,0.0,0.0,0.0,0.0,-0.0,-0.0,-0.0
2023-11-22,0.0,0.0,0.0,0.0,0.0,0.0,0.0,0.0,0.0,0.0,0.0,0.0,-0.0,-0.0,-0.0
2023-11-24,0.0,0.0,0.0,0.0,0.0,0.0,0.0,0.0,0.0,0.0,0.0,0.0,-0.0,-0.0,-0.0
2023-11-27,0.0,0.0,0.0,0.0,0.0,0.0,0.0,0.0,0.0,0.0,0.0,0.0,-0.0,-0.0,-0.0
2023-11-28,0.0,0.0,0.0,0.0,0.0,0.0,0.0,0.0,0.0,0.0,0.0,0.0,-0.0,-0.0,-0.0
2023-11-29,0.0,0.0,0.0,0.0,0.0,0.0,0.0,0.0,0.0,0.0,0.0,0.0,-0.0,-0.0,-0.0
2023-11-30,0.0,0.0,0.0,0.0,0.0,0.0,0.0,0.0,0.0,0.0,0.0,0.0,-0.0,-0.0,-0.0
2023-12-01,0.0,0.0,0.0,0.0,0.0,0.0,0.0,0.0,0.0,0.0,0.0,0.0,-0.0,-0.0,-0.0
2023-12-04,0.0,0.0,0.0,0.0,0.0,0.0,0.0,0.0,0.0,0.0,0.0,0.0,-0.0,-0.0,-0.0
2023-12-05,0.0,0.0,0.0,0.0,0.0,0.0,0.0,0.0,0.0,0.0,0.0,0.0,-0.0,-0.0,-0.0
2023-12-06,0.0,0.0,0.0,0.0,0.0,0.0,0.0,0.0,0.0,0.0,0.0,0.0,-0.0,-0.0,-0.0
2023-12-07,0.0,0.0,0.0,0.0,0.0,0.0,0.0,0.0,0.0,0.0,0.0,0.0,-0.0,-0.0,-0.0
2023-12-08,0.0,0.0,0.0,0.0,0.0,0.0,0.0,0.0,0.0,0.0,0.0,0.0,-0.0,-0.0,-0.0
2023-12-11,0.0,0.0,0.0,0.0,0.0,0.0,0.0,0.0,0.0,0.0,0.0,0.0,-0.0,-0.0,-0.0
2023-12-12,0.0,0.0,0.0,0.0,0.0,0.0,0.0,0.0,0.0,0.0,0.0,0.0,-0.0,-0.0,-0.0
2023-12-13,0.0,0.0,0.0,0.0,0.0,0.0,0.0,0.0,0.0,0.0,0.0,0.0,-0.0,-0.0,-0.0
2023-12-14,0.0,0.0,0.0,0.0,0.0,0.0,0.0,0.0,0.0,0.0,0.0,0.0,-0.0,-0.0,-0.0
2023-12-15,0.0,0.0,0.0,0.0,0.0,0.0,0.0,0.0,0.0,0.0,0.0,0.0,-0.0,-0.0,-0.0
2023-12-18,0.0,0.0,0.0,0.0,0.0,0.0,0.0,0.0,0.0,0.0,0.0,0.0,-0.0,-0.0,-0.0
2023-12-19,0.0,0.0,0.0,0.0,0.0,0.0,0.0,0.0,0.0,0.0,0.0,0.0,-0.0,-0.0,-0.0
2023-12-20,0.0,0.0,0.0,0.0,0.0,0.0,0.0,0.0,0.0,0.0,0.0,0.0,-0.0,-0.0,-0.0
2023-12-21,0.0,0.0,0.0,0.0,0.0,0.0,0.0,0.0,0.0,0.0,0.0,0.0,-0.0,-0.0,-0.0
2023-12-22,0.0,0.0,0.0,0.0,0.0,0.0,0.0,0.0,0.0,0.0,0.0,0.0,-0.0,-0.0,-0.0
2023-12-26,0.0,0.0,0.0,0.0,0.0,0.0,0.0,0.0,0.0,0.0,0.0,0.0,-0.0,-0.0,-0.0
2023-12-27,0.0,0.0,0.0,0.0,0.0,0.0,0.0,0.0,0.0,0.0,0.0,0.0,-0.0,-0.0,-0.0
2023-12-28,0.0,0.0,0.0,0.0,0.0,0.0,0.0,0.0,0.0,0.0,0.0,0.0,-0.0,-0.0,-0.0
2023-12-29,0.0,0.0,0.0,0.0,0.0,0.0,0.0,0.0,0.0,0.0,0.0,0.0,-0.0,-0.0,-0.0
2024-01-02,0.0,0.0,0.0,0.0,0.0,0.0,0.0,0.0,0.0,0.0,0.0,0.0,-0.0,-0.0,-0.0
2024-01-03,0.0,0.0,0.0,0.0,0.0,0.0,0.0,0.0,0.0,0.0,0.0,0.0,-0.0,-0.0,-0.0
2024-01-04,0.0,0.0,0.0,0.0,0.0,0.0,0.0,0.0,0.0,0.0,0.0,0.0,-0.0,-0.0,-0.0
2024-01-05,0.0,0.0,0.0,0.0,0.0,0.0,0.0,0.0,0.0,0.0,0.0,0.0,-0.0,-0.0,-0.0
2024-01-08,0.0,0.0,0.0,0.0,0.0,0.0,0.0,0.0,0.0,0.0,0.0,0.0,-0.0,-0.0,-0.0
2024-01-09,0.0,0.0,0.0,0.0,0.0,0.0,0.0,0.0,0.0,0.0,0.0,0.0,-0.0,-0.0,-0.0
2024-01-10,0.0,0.0,0.0,0.0,0.0,0.0,0.0,0.0,0.0,0.0,0.0,0.0,-0.0,-0.0,-0.0
2024-01-11,0.0,0.0,0.0,0.0,0.0,0.0,0.0,0.0,0.0,0.0,0.0,0.0,-0.0,-0.0,-0.0
2024-01-12,0.0,0.0,0.0,0.0,0.0,0.0,0.0,0.0,0.0,0.0,0.0,0.0,-0.0,-0.0,-0.0
2024-01-16,0.0,0.0,0.0,0.0,0.0,0.0,0.0,0.0,0.0,0.0,0.0,0.0,-0.0,-0.0,-0.0
2024-01-17,0.0,0.0,0.0,0.0,0.0,0.0,0.0,0.0,0.0,0.0,0.0,0.0,-0.0,-0.0,-0.0
2024-01-18,0.0,0.0,0.0,0.0,0.0,0.0,0.0,0.0,0.0,0.0,0.0,0.0,-0.0,-0.0,-0.0
2024-01-19,0.0,0.0,0.0,0.0,0.0,0.0,0.0,0.0,0.0,0.0,0.0,0.0,-0.0,-0.0,-0.0
2024-01-22,0.0,0.0,0.0,0.0,0.0,0.0,0.0,0.0,0.0,0.0,0.0,0.0,-0.0,-0.0,-0.0
2024-01-23,0.0,0.0,0.0,0.0,0.0,0.0,0.0,0.0,0.0,0.0,0.0,0.0,-0.0,-0.0,-0.0
2024-01-24,0.0,0.0,0.0,0.0,0.0,0.0,0.0,0.0,0.0,0.0,0.0,0.0,-0.0,-0.0,-0.0
2024-01-25,0.0,0.0,0.0,0.0,0.0,0.0,0.0,0.0,0.0,0.0,0.0,0.0,-0.0,-0.0,-0.0
2024-01-26,0.0,0.0,0.0,0.0,0.0,0.0,0.0,0.0,0.0,0.0,0.0,0.0,-0.0,-0.0,-0.0
2024-01-29,0.0,0.0,0.0,0.0,0.0,0.0,0.0,0.0,0.0,0.0,0.0,0.0,-0.0,-0.0,-0.0
2024-01-30,0.0,0.0,0.0,0.0,0.0,0.0,0.0,0.0,0.0,0.0,0.0,0.0,-0.0,-0.0,-0.0
2024-01-31,0.0,0.0,0.0,0.0,0.0,0.0,0.0,0.0,0.0,0.0,0.0,0.0,-0.0,-0.0,-0.0
2024-02-01,0.0,0.0,0.0,0.0,0.0,0.0,0.0,0.0,0.0,0.0,0.0,0.0,-0.0,-0.0,-0.0
2024-02-02,0.0,0.0,0.0,0.0,0.0,0.0,0.0,0.0,0.0,0.0,0.0,0.0,-0.0,-0.0,-0.0
2024-02-05,0.0,0.0,0.0,0.0,0.0,0.0,0.0,0.0,0.0,0.0,0.0,0.0,-0.0,-0.0,-0.0
2024-02-06,0.0,0.0,0.0,0.0,0.0,0.0,0.0,0.0,0.0,0.0,0.0,0.0,-0.0,-0.0,-0.0
2024-02-07,0.0,0.0,0.0,0.0,0.0,0.0,0.0,0.0,0.0,0.0,0.0,0.0,-0.0,-0.0,-0.0
2024-02-08,0.0,0.0,0.0,0.0,0.0,0.0,0.0,0.0,0.0,0.0,0.0,0.0,-0.0,-0.0,-0.0
2024-02-09,0.0,0.0,0.0,0.0,0.0,0.0,0.0,0.0,0.0,0.0,0.0,0.05,-0.000868697593513121,-0.03702069372219122,-0.020647657555734417
2024-02-12,0.0,0.0,0.0,0.0,0.0,0.0,0.0,0.0,0.0,0.0,0.0,0.05,-0.0011421517371739969,-0.036555934916478454,-0.02081272166975391
2024-02-13,0.0,0.0,0.0,0.0,0.0,0.0,0.0,0.0,0.0,0.0,0.0,0.05,-0.004262939871387884,-0.03360517705820908,-0.018457822320992547
2024-02-14,0.0,0.0,0.0,0.0,0.0,0.0,0.0,0.0,0.0,0.0,0.0,0.05,-0.003369489597781946,-0.03542367577133309,-0.020246376421220215
2024-02-15,0.0,0.0,0.0,0.0,0.0,0.0,0.0,0.0,0.0,0.0,0.0,0.05,-0.003836763388815053,-0.03502210010019097,-0.019625284136840036
2024-02-16,0.0,0.0,0.0,0.0,0.0,0.0,0.0,0.0,0.0,0.0,0.0,0.05,-0.0019184898860959332,-0.03977793519553478,-0.019030822754638122
2024-02-20,0.0,0.0,0.0,0.0,0.0,0.0,0.0,0.0,0.0,0.0,0.0,0.0,-0.0,-0.0,-0.0
2024-02-21,0.0,0.0,0.0,0.0,0.0,0.0,0.0,0.0,0.0,0.0,0.0,0.0,-0.0,-0.0,-0.0
2024-02-22,0.0,0.0,0.0,0.0,0.0,0.0,0.0,0.0,0.0,0.0,0.0,0.0,-0.0,-0.0,-0.0
2024-02-23,0.0,0.0,0.0,0.0,0.0,0.0,0.0,0.0,0.0,0.0,0.0,0.0,-0.0,-0.0,-0.0
2024-02-26,0.0,0.0,0.0,0.0,0.0,0.0,0.0,0.0,0.0,0.0,0.0,0.0,-0.0,-0.0,-0.0
2024-02-27,0.0,0.0,0.0,0.0,0.0,0.0,0.0,0.0,0.0,0.0,0.0,0.0,-0.0,-0.0,-0.0
2024-02-28,0.0,0.0,0.0,0.0,0.0,0.0,0.0,0.0,0.0,0.0,0.0,0.0,-0.0,-0.0,-0.0
2024-02-29,0.0,0.0,0.0,0.0,0.0,0.0,0.0,0.0,0.0,0.0,0.0,0.0,-0.0,-0.0,-0.0
2024-03-01,0.0,0.0,0.0,0.0,0.0,0.0,0.0,0.0,0.0,0.0,0.0,0.0,-0.0,-0.0,-0.0
2024-03-04,0.0,0.0,0.0,0.0,0.0,0.0,0.0,0.0,0.0,0.0,0.0,0.0,-0.0,-0.0,-0.0
2024-03-05,0.0,0.0,0.0,0.0,0.0,0.0,0.0,0.0,0.0,0.0,0.0,0.0,-0.0,-0.0,-0.0
2024-03-06,0.0,0.0,0.0,0.0,0.0,0.0,0.0,0.0,0.0,0.0,0.0,0.0,-0.0,-0.0,-0.0
2024-03-07,0.0,0.0,0.0,0.0,-0.05,0.0,0.0,0.0,0.0,0.0,0.0,0.0,0.12996361396734205,-0.05102000986042811,-0.0
2024-03-08,0.0,0.0,0.0,-0.05,-0.05,0.0,0.0,0.0,0.0,0.0,0.0,0.0,0.22857617533548977,-0.08041589806710389,-0.0
2024-03-11,0.0,0.0,0.0,0.0,0.0,0.0,0.0,0.0,0.0,0.0,0.0,0.0,-0.0,-0.0,-0.0
2024-03-12,0.0,0.0,0.0,0.05,0.0,0.0,0.0,0.0,0.0,0.0,0.0,0.0,-0.09917499743842355,0.023743618852031675,-0.0
2024-03-13,0.0,0.0,0.0,0.05,0.0,0.0,0.0,0.0,0.0,0.0,0.0,0.0,-0.09495189973054557,0.024216531832812558,-0.0
2024-03-14,0.0,0.0,0.0,0.05,0.0,0.0,0.0,0.0,0.0,0.0,0.0,0.0,-0.09997184881889828,0.03173420128363476,-0.0
2024-03-15,0.0,0.0,0.0,0.05,0.0,0.0,0.0,0.0,0.0,0.0,0.0,0.0,-0.09727572639194193,0.026979963685885705,-0.0
2024-03-18,0.0,0.0,0.0,0.05,0.0,0.0,0.0,0.0,0.0,0.0,0.0,0.0,-0.10066548460910268,0.0337313779120828,-0.0
2024-03-19,0.0,0.0,0.0,0.05,0.0,0.0,0.0,0.0,0.0,0.0,0.0,0.0,-0.09950926380876417,0.03131315569663609,-0.0
2024-03-20,0.0,0.0,0.0,0.05,0.0,0.0,0.0,0.0,0.0,0.0,0.0,0.0,-0.10082079547900694,0.0349036237413731,-0.0
2024-03-21,0.0,0.0,0.0,0.05,0.0,0.0,0.0,0.0,0.0,0.0,0.0,0.0,-0.09994655721597763,0.031554891889916004,-0.0
2024-03-22,0.0,-0.05,0.0,0.0,0.0,0.0,0.0,0.0,0.0,0.0,0.0,0.0,0.04267154820238718,0.03959400210685066,-0.02597726841347858
2024-03-25,0.0,-0.05,0.0,0.0,0.0,0.0,0.0,0.0,0.0,0.0,0.0,0.0,0.04139108310936935,0.03893487589439164,-0.02391564746805472
2024-03-26,0.0,-0.05,0.0,0.0,0.0,0.0,0.0,0.0,0.0,0.0,0.0,0.0,0.04347340919619294,0.04109319874350445,-0.027367877199431147
2024-03-27,0.0,-0.05,0.0,0.0,0.0,0.0,0.0,0.0,0.0,0.0,0.0,0.0,0.043193642584209824,0.04096954029758249,-0.026949162977592755
2024-03-28,0.0,0.0,0.0,0.0,0.0,0.0,0.0,0.0,0.0,0.0,0.0,0.0,-0.0,-0.0,-0.0
2024-04-01,0.0,0.0,0.0,0.0,0.0,0.0,0.0,0.0,0.0,0.0,0.0,0.0,-0.0,-0.0,-0.0
2024-04-02,0.0,0.0,0.0,0.0,0.0,0.0,0.0,0.0,0.0,0.0,0.0,0.0,-0.0,-0.0,-0.0
2024-04-03,0.0,0.0,0.0,0.0,0.0,0.0,0.0,0.0,0.0,0.0,0.0,0.0,-0.0,-0.0,-0.0
2024-04-04,0.0,0.0,0.0,0.0,0.0,0.0,0.0,0.0,0.0,0.0,0.0,0.0,-0.0,-0.0,-0.0
2024-04-05,0.0,0.0,0.0,0.0,0.0,0.0,0.0,0.0,0.0,0.0,0.0,0.0,-0.0,-0.0,-0.0
2024-04-08,0.0,-0.05,0.0,0.0,0.0,0.0,0.0,0.0,0.0,0.0,0.0,0.0,0.0409714787675935,0.026147491233020338,-0.013009089000105716
2024-04-09,0.0,-0.05,0.0,0.0,0.0,0.0,0.0,0.0,0.05,0.0,0.0,0.0,-0.1249202177283206,0.025248681721069824,0.1204333764818146
2024-04-10,0.0,-0.05,0.0,0.0,0.0,0.0,0.0,0.0,0.05,0.0,0.0,0.0,-0.12723403943501013,0.02563094524977983,0.12257217589496726
2024-04-11,0.0,-0.05,0.0,0.0,0.0,0.0,0.0,0.0,0.0,0.0,0.0,0.0,0.03487561024634069,0.02138877105990565,-0.003828934426871264
2024-04-12,0.0,-0.05,0.0,0.0,0.0,0.0,0.0,0.0,0.0,0.0,0.0,0.0,0.03274795416797712,0.026260236916948967,-0.005322183348564108
2024-04-15,0.0,-0.05,0.0,0.0,0.0,0.0,0.0,0.0,0.0,0.0,0.0,0.0,0.03255012494023001,0.026322984587503692,-0.005237461139310343
2024-04-16,0.0,-0.05,0.0,0.0,0.0,0.0,0.0,0.0,0.0,0.0,0.0,0.0,0.035741527373373556,0.02634545078418961,-0.007927126047935024
2024-04-17,0.0,-0.05,0.0,0.0,0.0,0.0,0.0,0.0,0.0,0.0,0.0,0.0,0.03705309814603205,0.023838628953683723,-0.006363729132859212
2024-04-18,0.0,-0.05,0.0,0.0,0.0,0.0,0.0,0.0,0.0,0.0,0.0,0.0,0.04155356983402331,0.027114701373798913,-0.014091373602704675
2024-04-19,0.0,0.0,0.0,0.0,0.0,0.0,0.0,0.0,0.0,0.0,0.0,0.0,-0.0,-0.0,-0.0
2024-04-22,0.0,0.0,0.0,0.0,0.0,0.0,0.0,0.0,0.0,0.0,0.0,0.0,-0.0,-0.0,-0.0
2024-04-23,0.0,0.0,0.0,0.0,0.0,0.0,0.0,0.0,0.0,0.0,0.0,0.0,-0.0,-0.0,-0.0
2024-04-24,0.0,0.0,0.0,0.0,0.0,0.0,0.0,0.0,0.0,0.0,0.0,0.0,-0.0,-0.0,-0.0
2024-04-25,0.0,0.0,0.0,0.0,0.0,0.0,0.0,0.0,0.0,0.0,0.0,0.0,-0.0,-0.0,-0.0
2024-04-26,0.0,0.0,0.0,0.0,0.0,0.0,0.0,0.0,0.0,0.0,0.0,0.0,-0.0,-0.0,-0.0
2024-04-29,0.0,0.0,0.0,0.0,0.0,0.0,0.0,0.0,0.0,0.0,0.0,0.0,-0.0,-0.0,-0.0
2024-04-30,0.0,0.0,0.0,0.0,0.0,0.0,0.0,0.0,0.05,0.0,0.0,0.0,-0.1655866869772914,-0.0,0.14917323042683867
2024-05-01,0.0,0.0,0.0,0.0,0.0,0.0,0.0,0.0,0.05,0.0,0.0,0.0,-0.16935266785253542,-0.0,0.15256899229875287
2024-05-02,0.0,0.0,0.0,0.0,0.0,0.0,0.0,0.0,0.05,0.0,0.0,0.0,-0.1676424617577752,-0.0,0.15144731756641439
2024-05-03,0.0,0.0,0.0,0.0,0.0,0.0,0.0,0.0,0.05,0.0,0.0,0.0,-0.17138210839931087,-0.0,0.15549576133898912
2024-05-06,0.0,0.0,0.0,0.05,0.0,0.0,0.0,0.0,0.05,0.0,0.0,0.0,-0.273588560154706,0.04700971737029769,0.14673686734446115
2024-05-07,0.0,0.0,0.0,0.05,0.0,0.0,0.0,0.0,0.05,0.0,0.0,0.0,-0.2732492429643179,0.04358948432411433,0.14801190321253394
2024-05-08,0.0,0.05,0.0,0.0,0.0,0.0,0.0,0.0,0.0,0.0,0.0,0.0,-0.04342582325062436,-0.0,-0.0
2024-05-09,0.0,0.05,0.0,0.0,0.0,0.0,0.0,0.0,0.0,0.0,0.0,-0.05,-0.03078721589867963,-0.002129550652972841,0.0313765861788558
2024-05-10,0.0,0.05,0.0,0.0,0.0,0.0,0.0,0.0,0.0,0.0,0.0,-0.05,-0.03047671849774411,-0.008770389388255499,0.034475551463435554
2024-05-13,0.0,0.05,0.0,0.0,0.0,0.0,0.0,0.0,0.0,0.0,0.0,-0.05,-0.030608146460551898,-0.0084446351377686,0.034692017670915766
2024-05-14,0.0,0.05,0.0,0.0,0.0,0.0,0.0,0.0,0.0,0.0,0.0,-0.05,-0.020593722025442473,-0.018025928053581667,0.029786437484083012
2024-05-15,0.0,0.05,0.0,0.0,0.0,0.0,0.0,0.0,0.0,0.0,0.0,-0.05,-0.0189833471113823,-0.01838718994455878,0.02878634030334186
2024-05-16,0.0,0.05,0.0,0.0,0.0,0.0,0.0,0.0,0.0,0.0,0.0,-0.05,-0.01153127129324372,-0.013923109479919916,0.01919308401682417
2024-05-17,0.0,0.05,0.0,0.0,0.0,0.0,0.0,0.0,0.0,0.0,0.0,-0.05,-0.009034531127872059,-0.0196337603419819,0.020476556552699306
2024-05-20,0.0,0.05,0.0,0.0,0.0,0.0,0.0,0.0,0.0,0.0,0.0,-0.05,-0.011404401000507304,-0.017309566006036406,0.02543242062515229
2024-05-21,0.0,0.05,0.0,0.0,0.0,0.0,0.0,0.0,0.0,0.0,0.0,-0.05,-0.006214095459625542,-0.017878249921379513,0.0198627981022553
2024-05-22,0.0,0.05,0.0,0.05,0.0,0.0,0.0,0.0,0.0,0.0,0.0,-0.05,-0.12672996374159,0.03830680349848707,0.020094588182165914
2024-05-23,0.0,0.0,0.0,0.05,0.0,0.0,0.0,0.0,0.0,0.0,0.0,-0.05,-0.07543326939882819,0.024921872318580455,0.019901329273329455
2024-05-24,0.0,0.0,0.0,0.05,0.0,0.0,0.0,0.0,0.0,0.0,0.0,-0.05,-0.0652649977982721,0.0503238626299902,-0.007576141458323827
2024-05-28,0.0,0.0,0.0,0.05,0.0,0.0,0.0,0.0,0.0,0.0,-0.05,-0.05,-0.03731027590479486,0.03667715271499201,0.04742558942905226
2024-05-29,0.0,0.0,0.0,0.05,0.0,0.0,0.0,0.0,0.0,0.0,-0.05,-0.05,-0.030364804407289614,0.0323631492366768,0.04643590450879583
2024-05-30,0.0,0.0,0.0,0.0,0.0,0.0,0.0,0.0,0.0,0.0,-0.05,-0.05,0.05972985232244542,-0.014049359018181258,0.07268090125219712
2024-05-31,0.0,0.0,0.0,0.0,0.0,0.0,0.0,0.0,0.0,0.05,-0.05,0.0,-0.05416114643262397,0.005078398296616538,0.07861407171294674
2024-06-03,0.0,0.0,0.0,0.0,0.0,0.0,0.0,0.0,0.0,0.05,-0.05,0.0,-0.055685032941947626,0.0012149312838473682,0.08169501059745997
2024-06-04,0.0,0.0,0.0,0.0,0.0,0.0,0.0,0.0,0.0,0.05,-0.05,0.0,-0.053017861157143215,0.004912734143076174,0.07342425885265227
2024-06-05,0.0,0.0,0.0,0.0,0.0,0.0,0.0,0.0,0.0,0.05,0.0,0.0,-0.0675737485911201,0.026160465435664998,-0.0
2024-06-06,0.0,0.0,0.0,0.0,0.0,0.0,0.0,0.0,0.0,0.05,0.0,0.0,-0.06764496663188112,0.026423934608430732,-0.0
2024-06-07,0.0,0.0,0.0,0.0,0.0,0.0,0.0,0.0,0.0,0.0,0.0,0.0,-0.0,-0.0,-0.0
2024-06-10,0.0,0.0,0.0,0.0,0.0,0.0,0.0,0.0,0.0,0.0,0.0,0.0,-0.0,-0.0,-0.0
2024-06-11,0.0,0.0,0.0,0.0,0.0,0.0,0.0,0.0,0.0,0.0,0.0,0.0,-0.0,-0.0,-0.0
2024-06-12,0.0,0.0,0.0,0.0,0.0,0.0,0.0,0.0,0.0,0.0,0.0,0.0,-0.0,-0.0,-0.0
2024-06-13,0.0,0.0,0.0,0.0,0.0,0.0,0.0,0.0,0.0,0.0,0.0,0.0,-0.0,-0.0,-0.0
2024-06-14,0.0,0.0,0.0,0.0,0.0,0.0,0.0,0.0,0.0,0.0,0.0,0.0,-0.0,-0.0,-0.0
2024-06-17,0.0,0.0,0.0,0.0,0.05,0.0,0.0,0.0,0.0,0.0,0.05,0.0,-0.08539852023180049,-0.015457464004204245,-0.058760075983330134
2024-06-18,0.0,0.05,0.0,-0.05,0.05,0.0,0.0,0.0,0.0,0.0,0.05,0.0,-0.016103795670101156,-0.07261620890722502,-0.05423228642443981
2024-06-20,0.0,0.05,0.0,0.0,0.05,0.0,0.0,0.0,0.0,-0.05,0.0,0.0,-0.04789471682647964,-0.034457800609827026,-0.0
2024-06-21,0.0,0.05,0.0,0.0,0.05,0.0,0.0,0.0,0.0,-0.05,0.05,0.05,-0.07094027495607827,-0.0729438996394956,-0.07150088702998215
2024-06-24,0.0,0.0,0.0,0.0,0.05,0.0,0.0,0.0,0.0,-0.05,0.05,0.05,-0.02961358128309749,-0.06870726682795857,-0.07108789171412294
2024-06-25,0.0,0.0,0.0,0.0,0.0,0.0,0.0,0.0,0.0,-0.05,0.05,0.05,0.01077387014439337,-0.011828015720102366,-0.07792982563126266
2024-06-26,0.0,0.0,0.0,0.0,0.0,0.0,0.0,0.0,0.0,-0.05,0.05,0.05,0.011744194806656203,-0.010916958986555276,-0.07980572885966397
2024-06-27,0.0,0.0,0.0,0.0,0.0,0.0,0.0,0.0,0.0,-0.05,0.05,0.05,0.003947179493140671,-0.015538426079684971,-0.06697886410949933
2024-06-28,0.0,0.0,0.0,0.0,0.0,0.0,0.0,0.0,0.0,-0.05,0.05,0.05,0.0009446240134143285,-0.015173604024197075,-0.06349396281653116
2024-07-01,0.0,0.0,0.0,0.0,0.0,0.0,0.0,0.0,0.0,-0.05,0.05,0.05,-0.011549227657491966,-0.018990958854107336,-0.044022960921872765
2024-07-02,0.0,0.0,0.0,0.0,0.0,0.0,0.0,0.0,0.0,-0.05,0.05,0.05,-0.010667352005496643,-0.02277116806568054,-0.04245233849147288
2024-07-03,0.0,0.0,0.0,0.0,0.0,0.0,0.0,0.0,0.0,-0.05,0.05,0.05,-0.007347068251430066,-0.030591724659971512,-0.043717843879777174
2024-07-05,0.0,0.0,0.0,0.0,0.0,0.0,0.0,0.0,0.0,-0.05,0.05,0.05,-0.008765108641786437,-0.028695736185356046,-0.043668161843053305
2024-07-08,0.0,0.0,0.0,0.0,0.0,0.0,0.0,0.0,0.0,-0.05,0.05,0.05,-0.011011509418013089,-0.03488318878478455,-0.03578858522351322
2024-07-09,0.0,0.0,0.0,0.0,0.0,0.0,0.0,0.0,0.0,-0.05,0.05,0.05,-0.010326405642548692,-0.017342488856368653,-0.045057231934988874
2024-07-10,0.0,0.0,0.0,0.0,0.0,0.0,0.0,0.0,0.0,0.0,0.05,0.05,-0.06177385202323058,-0.012457756193412174,-0.04551433926026415
2024-07-11,0.0,0.0,0.0,0.0,0.0,0.0,0.0,0.0,0.0,0.0,0.05,0.05,-0.0629669141531351,-0.002557919761227956,-0.04699833863638145
2024-07-12,0.0,0.0,0.0,0.0,0.0,0.0,0.0,0.0,0.0,0.0,0.05,0.05,-0.06030943124238816,-0.00975044512739487,-0.05438796715810679
2024-07-15,0.0,0.0,0.0,0.0,0.0,0.0,0.0,0.0,0.0,0.0,0.05,0.05,-0.06088134942118179,-0.010555258524914637,-0.05331679484894608
2024-07-16,0.0,0.0,0.0,0.0,0.0,0.0,0.0,0.0,0.0,0.0,0.05,0.05,-0.06001457884625773,-0.01318985535180157,-0.05201411629932917
2024-07-17,0.0,0.05,0.0,0.0,0.0,0.0,0.0,0.0,0.0,0.0,0.05,0.05,-0.09365919529249164,-0.03369667855086125,-0.0462232140067042
2024-07-18,0.0,0.0,0.0,0.0,0.0,0.0,0.0,0.0,0.0,0.0,0.0,0.05,-0.0089043168103805,-0.03801219352203228,-0.00449417233462637
2024-07-19,0.0,0.0,0.0,0.0,0.0,0.0,0.0,0.0,0.0,0.0,0.05,0.0,-0.04774853747459497,0.013247537325606122,-0.049387010448515636
2024-07-22,0.0,0.0,0.0,0.0,0.0,0.0,0.0,0.0,0.0,0.0,0.05,0.0,-0.046176174289167225,0.006873351056883802,-0.050342942360801404
2024-07-23,0.0,0.0,0.0,0.0,0.0,0.0,0.0,0.0,0.0,0.0,0.05,0.0,-0.04948640126305612,0.0017980114067662964,-0.04447221550272991
2024-07-24,0.0,0.0,0.0,0.0,0.0,0.0,0.0,0.0,0.0,0.0,0.05,0.0,-0.04824687740207087,0.0012274206299443188,-0.046100641633451456
2024-07-25,0.0,0.0,0.0,0.0,0.0,0.0,0.0,0.0,0.0,0.0,0.05,0.0,-0.04625268431789478,0.003385622801066711,-0.04817953738043308
2024-07-26,0.0,0.0,0.0,0.0,0.0,0.0,0.0,0.0,0.0,0.0,0.05,0.0,-0.044387480136105516,0.00657254186545855,-0.05308966197363868
2024-07-29,0.0,0.0,0.0,0.0,0.0,0.0,0.0,0.0,0.0,0.0,0.05,0.0,-0.04361922138476207,-0.009585653879148767,-0.04818902982896417
2024-07-30,0.0,0.0,0.0,0.0,0.0,0.0,0.0,0.0,0.0,0.0,0.05,0.0,-0.04547851240261735,-0.010023189221540328,-0.046106821950880617
2024-07-31,0.0,0.0,0.0,0.0,0.0,0.0,0.0,0.0,0.0,0.0,0.0,0.0,-0.0,-0.0,-0.0
2024-08-01,0.0,0.05,0.0,0.0,0.0,0.0,0.0,0.0,0.0,0.0,0.05,0.0,-0.0957674036481739,0.005016964431042044,-0.03333988460817904
2024-08-02,0.0,0.05,0.0,0.0,0.05,0.0,0.0,0.0,0.0,0.0,0.05,0.0,-0.1618321019192257,-0.002552974886295918,-0.025371594229039562
2024-08-05,0.0,0.05,0.0,0.0,0.0,0.0,0.0,0.0,0.05,0.0,0.0,0.0,-0.07869738723061787,-0.03320759686152866,-0.0
2024-08-06,0.0,0.05,0.0,0.0,0.0,0.0,0.0,0.05,0.05,0.0,0.0,0.0,-0.08228792828315759,-0.03708044704620552,-0.0
2024-08-07,0.0,0.05,0.0,0.0,0.0,0.0,0.0,0.05,0.05,0.0,0.0,0.0,-0.08159300529156215,-0.03718533257163979,-0.0
2024-08-08,0.0,0.05,0.0,0.0,0.0,0.0,0.0,0.05,0.05,0.0,0.0,0.0,-0.08178777625072478,-0.03743760943558583,-0.0
2024-08-09,0.0,0.05,0.0,0.0,0.0,0.0,0.0,0.05,0.05,0.0,0.0,0.0,-0.08689469957836439,-0.03292235592249497,-0.0
2024-08-12,0.0,0.05,0.0,0.0,0.0,0.0,0.0,0.05,0.05,0.0,0.0,0.0,-0.08561597031205187,-0.03340262155657029,-0.0
2024-08-13,0.0,0.05,0.0,0.0,0.0,0.0,0.0,0.05,0.05,0.0,0.0,0.0,-0.08490243504039248,-0.03306399993642202,-0.0
2024-08-14,0.0,0.05,0.0,0.0,0.0,0.0,0.0,0.05,0.05,0.0,0.0,0.0,-0.0876930497428525,-0.03303336580020731,-0.0
2024-08-15,0.0,0.05,0.0,0.0,0.0,0.0,0.0,0.0,0.0,0.0,0.0,0.0,-0.011199845738821686,-0.03328721102520286,-0.0
2024-08-16,0.0,0.05,0.0,0.0,0.0,0.0,0.0,0.0,0.0,0.0,0.0,0.0,-0.009892485661353563,-0.034340355275807644,-0.0
2024-08-19,0.0,0.05,0.0,0.0,0.0,0.0,0.0,0.0,0.0,0.0,0.0,0.0,-0.0102421518898387,-0.03349582940645908,-0.0
2024-08-20,0.0,0.05,0.0,0.0,0.0,0.0,0.0,0.0,0.0,0.0,0.0,0.0,-0.009547523145759617,-0.034802315862064705,-0.0
2024-08-21,0.0,0.05,0.0,0.0,0.0,0.0,0.0,0.0,0.0,0.0,0.0,0.0,-0.00962104163397805,-0.03435986337478777,-0.0
2024-08-22,0.0,0.05,0.0,0.0,0.0,0.0,0.0,0.0,0.0,0.0,0.0,0.0,-0.009647518597370782,-0.03408996393072927,-0.0
2024-08-23,0.0,0.05,0.0,0.0,0.0,0.0,0.0,0.0,0.0,0.0,0.0,0.0,-0.01075996415986056,-0.03294337473665019,-0.0
2024-08-26,0.0,0.05,0.0,0.0,0.0,0.0,0.0,0.0,0.0,0.0,0.0,0.0,-0.010410644157020942,-0.03334263143670752,-0.0
2024-08-27,0.0,0.05,0.0,0.0,0.0,0.0,0.0,0.0,0.0,0.0,0.0,0.0,-0.007141791569249267,-0.037354051497598954,-0.0
2024-08-28,0.0,0.05,0.0,0.0,0.0,0.0,0.0,0.0,0.0,0.0,0.0,0.0,-0.006127486815075862,-0.03955373897458104,-0.0
2024-08-29,0.0,0.05,0.0,0.0,0.0,0.0,0.0,0.0,0.0,0.0,0.0,0.0,-0.006269571526550547,-0.039332079131544226,-0.0
2024-08-30,0.0,0.05,0.0,0.0,0.0,0.0,0.0,0.0,0.0,0.0,0.0,0.0,-0.005175458946671854,-0.041212634731792604,-0.0
2024-09-03,0.0,0.05,0.0,0.0,0.0,0.0,0.0,0.0,0.0,0.0,0.0,0.0,-0.004871228992369498,-0.0410213553871954,-0.0
2024-09-04,0.0,0.0,0.0,0.0,0.0,0.0,0.0,0.0,0.0,0.0,0.0,0.0,-0.0,-0.0,-0.0
2024-09-05,0.0,0.0,0.05,0.0,0.0,0.0,0.0,0.0,0.0,0.0,0.0,0.0,-0.17954073536211593,-0.0,0.1101157292061402
2024-09-06,0.0,0.0,0.05,0.0,0.0,0.0,0.0,0.0,0.0,0.0,0.0,0.0,-0.17842599474054738,-0.0,0.10872197777690665
2024-09-09,0.0,0.0,0.05,0.0,0.0,0.0,0.0,0.0,0.0,0.0,0.0,0.0,-0.20358939265046563,-0.0,0.13845162181950207
2024-09-10,0.0,0.0,0.05,0.0,0.0,0.0,0.0,0.0,0.0,0.0,0.0,0.0,-0.20907540903684652,-0.0,0.14422174343631036
2024-09-11,0.0,0.0,0.05,0.0,0.0,0.0,0.0,0.0,0.0,-0.05,0.0,0.0,-0.1738459361905647,-0.0,0.13921718167328898
2024-09-12,0.0,0.0,0.0,0.0,0.0,0.0,0.0,0.0,0.0,-0.05,0.0,0.0,0.0294063889234058,-0.0,-0.0
2024-09-13,0.0,0.0,0.0,0.0,0.0,0.0,0.0,0.0,0.0,-0.05,0.0,0.0,0.02938954838721161,-0.0,-0.0
2024-09-16,0.0,0.0,0.0,0.0,0.0,0.0,0.0,0.0,0.0,-0.05,0.0,0.0,0.029278041687856544,-0.0,-0.0
2024-09-17,0.0,0.0,0.0,0.0,0.0,0.0,0.0,0.0,0.0,-0.05,0.0,0.05,-0.010598694691231193,-0.0,-0.0
2024-09-18,0.0,-0.05,0.0,0.0,0.0,0.0,0.0,0.0,0.0,-0.05,0.0,0.05,-0.007034632136752435,0.043644032802787676,-0.0
2024-09-19,0.0,-0.05,0.0,0.0,0.0,0.0,0.0,0.0,0.0,-0.05,0.0,0.05,-0.006758736933903137,0.04285102921822573,-0.0
2024-09-20,0.0,-0.05,0.0,0.0,0.0,0.0,0.0,0.0,0.0,-0.05,0.0,0.0,0.03308626836886461,0.0444738873942924,-0.0
2024-09-23,0.0,-0.05,0.05,0.0,0.0,0.0,0.0,0.0,0.0,-0.05,0.0,0.0,-0.16958931445481104,0.04472482482419257,0.1379872816695846
2024-09-24,0.0,-0.05,0.05,0.0,0.0,0.0,0.0,0.0,0.0,-0.05,0.0,0.0,-0.1651674680111306,0.04387817850992582,0.13278650235093012
2024-09-25,0.0,0.0,0.05,0.0,0.0,0.0,0.0,0.0,0.0,-0.05,0.0,0.0,-0.17592407193395918,-0.0,0.14157285678932413
2024-09-26,0.0,0.0,0.0,0.0,0.0,0.0,0.0,0.0,0.0,-0.05,0.0,0.0,0.029546250059462677,-0.0,-0.0
2024-09-27,0.0,0.0,0.0,0.0,0.0,0.0,0.0,0.0,0.0,-0.05,0.0,0.0,0.029607870290927485,-0.0,-0.0
2024-09-30,0.0,0.0,0.0,0.0,0.0,0.0,0.0,0.0,0.0,-0.05,0.0,0.0,0.029571508500303142,-0.0,-0.0
2024-10-01,0.0,0.0,0.0,0.0,0.0,0.0,0.0,0.0,0.0,-0.05,0.0,0.0,0.029623573414122046,-0.0,-0.0
2024-10-02,0.0,0.0,0.0,0.0,0.0,0.0,0.0,0.0,0.0,-0.05,0.0,0.0,0.03010961609116386,-0.0,-0.0
2024-10-03,0.0,0.0,0.0,0.0,0.0,0.0,0.0,0.0,0.0,-0.05,0.0,0.0,0.03004207601764757,-0.0,-0.0
2024-10-04,0.0,0.0,0.0,0.0,0.0,0.0,0.0,0.0,0.0,-0.05,0.0,0.0,0.029994091315293365,-0.0,-0.0
2024-10-07,0.0,0.0,0.0,0.0,0.0,0.0,0.0,0.0,0.0,-0.05,0.0,0.0,0.03127427155963019,-0.0,-0.0
2024-10-08,0.0,0.0,0.0,0.0,0.0,0.0,0.0,0.0,0.0,-0.05,0.0,0.0,0.031221763596729925,-0.0,-0.0
2024-10-09,0.0,0.0,0.0,0.0,0.0,0.0,0.0,0.0,0.0,-0.05,0.0,0.0,0.031754134844161876,-0.0,-0.0
2024-10-10,0.0,0.0,0.0,0.0,0.0,0.0,0.0,0.0,0.0,-0.05,0.0,0.0,0.032009197656168435,-0.0,-0.0
2024-10-11,0.0,0.0,0.0,0.0,0.0,0.0,0.0,0.0,0.0,-0.05,0.0,0.0,0.03183200792776005,-0.0,-0.0
2024-10-14,0.0,0.0,0.0,0.0,0.0,0.0,0.0,0.0,0.0,-0.05,0.0,0.0,0.031813037925691755,-0.0,-0.0
2024-10-15,0.0,0.0,0.0,0.0,0.0,0.0,0.0,0.0,0.0,-0.05,0.0,0.0,0.031930085811503306,-0.0,-0.0
2024-10-16,0.0,0.0,0.0,0.0,0.0,0.0,0.0,0.0,0.0,-0.05,0.0,0.0,0.03234390652262475,-0.0,-0.0
2024-10-17,0.0,0.0,0.0,0.0,0.0,0.0,0.0,0.0,0.0,-0.05,0.0,0.0,0.03253486781885508,-0.0,-0.0
2024-10-18,0.0,0.0,0.0,0.0,0.0,0.0,0.0,0.0,0.0,-0.05,0.0,0.0,0.03181481994306352,-0.0,-0.0
2024-10-21,0.0,0.0,0.0,0.0,0.0,0.0,0.0,0.0,0.0,0.0,0.0,0.0,-0.0,-0.0,-0.0
2024-10-22,0.0,0.0,0.0,0.0,0.0,0.0,0.0,0.0,0.0,0.0,0.0,0.0,-0.0,-0.0,-0.0
2024-10-23,0.0,0.0,0.0,0.0,0.0,0.0,0.0,0.0,0.0,0.0,0.0,0.0,-0.0,-0.0,-0.0
2024-10-24,0.0,0.0,0.0,0.0,0.0,0.0,0.0,0.0,0.0,0.0,0.0,0.0,-0.0,-0.0,-0.0
2024-10-25,0.0,0.0,0.0,0.0,0.0,0.0,0.0,0.0,0.0,0.0,0.0,0.0,-0.0,-0.0,-0.0
2024-10-28,0.0,0.0,0.0,0.0,0.0,0.0,0.0,0.0,0.0,0.0,0.0,0.0,-0.0,-0.0,-0.0
2024-10-29,0.0,0.0,-0.05,0.0,0.0,0.0,0.0,0.0,0.0,0.0,0.0,0.0,0.18247821923223767,-0.0,-0.11306658130713808
2024-10-30,0.0,-0.05,-0.05,0.0,0.0,0.0,0.0,0.0,0.0,0.0,0.0,0.0,0.20599815541734826,0.006440126224151359,-0.1184440132643372
2024-10-31,0.0,0.0,0.0,0.0,0.05,0.0,0.0,0.0,0.0,0.0,0.0,0.0,-0.11451265861809948,0.05492003330602886,0.007704061060285772
2024-11-01,0.0,0.0,0.0,0.0,0.05,0.0,0.0,0.0,0.0,0.0,0.0,0.0,-0.11676519021447743,0.0654477402860264,0.005409086808150921
2024-11-04,0.0,0.0,0.0,0.0,0.05,0.0,0.0,0.0,0.0,0.0,0.0,0.0,-0.12000986609106662,0.06446761048839773,0.012304784905122147
2024-11-05,0.0,0.0,0.0,0.0,0.05,0.0,0.0,0.0,0.0,0.0,0.0,0.0,-0.11617070378126089,0.06164801848955909,0.00851938672038588
2024-11-06,0.0,0.0,0.0,0.0,0.05,0.0,0.0,0.0,0.0,0.0,0.0,0.0,-0.11643284343189515,0.06573258127319666,0.0067745796773973415
2024-11-07,0.0,0.0,0.0,0.0,0.05,0.0,0.0,0.0,0.0,0.0,0.0,0.0,-0.11741156254604324,0.07064743489711202,0.0034687299705805533
2024-11-08,0.0,0.0,0.0,0.0,0.05,0.0,0.0,0.0,0.0,0.0,0.0,0.0,-0.12079887715165157,0.06810776781150266,0.009133824968706196
2024-11-11,0.0,0.0,0.0,0.0,0.05,0.0,0.0,0.0,-0.05,0.0,0.0,0.0,-0.04701387630632449,0.06920778528094566,0.010891708119843314
2024-11-12,0.0,0.0,0.0,0.0,0.05,0.0,0.0,0.0,-0.05,0.0,0.0,0.0,-0.04264859830918068,0.06956346328095989,0.006536978848081354
2024-11-13,0.0,0.0,0.0,0.0,0.05,0.0,0.0,0.0,-0.05,0.0,0.0,0.0,-0.03495837050815431,0.06267659397914759,0.0020831137644002017
2024-11-14,0.0,0.0,0.0,0.0,0.05,0.0,0.0,0.0,-0.05,0.0,0.0,0.0,-0.03775377701625118,0.06367569420420191,0.003090529487627192
2024-11-15,0.0,0.0,0.0,0.0,0.05,0.0,0.0,0.0,-0.05,0.0,0.0,0.0,-0.03734903990713362,0.06327168088536854,0.0024097330551351437
2024-11-18,0.0,0.0,0.0,0.0,0.05,0.0,0.0,0.0,-0.05,0.0,0.0,0.0,-0.045652416148148425,0.05906399365884823,0.012388647131718257
2024-11-19,0.0,0.0,0.0,0.0,0.05,0.0,0.0,0.0,-0.05,0.0,0.0,0.0,-0.03605675435279512,0.06510866797130384,-0.0040304928043450655
2024-11-20,0.0,0.0,0.0,0.0,0.05,0.0,0.0,0.0,-0.05,0.0,0.0,0.0,-0.03780047520441028,0.06028594843026959,0.00024998995789597965
2024-11-21,0.0,0.0,0.0,0.0,0.05,0.0,0.0,0.0,-0.05,0.0,0.0,0.0,-0.03819429910217066,0.06146295729241477,0.00020655737370590678
2024-11-22,0.0,0.05,0.0,0.0,0.05,0.0,0.0,0.0,-0.05,0.0,0.0,0.0,-0.0561101275334354,0.04338622976038047,-0.009350863600912074
2024-11-25,0.0,0.05,0.0,0.0,0.05,0.0,0.0,0.0,-0.05,0.0,0.0,0.0,-0.06149110086129157,0.04326502983123508,-0.0015342721028152263
2024-11-26,0.0,0.05,0.0,0.0,0.0,0.0,0.0,0.0,-0.05,0.0,0.0,0.0,0.04383975836449386,-0.022689945945551487,-0.0
2024-11-27,0.0,0.05,0.0,0.0,0.0,0.0,0.0,0.0,-0.05,0.0,0.0,0.0,0.03175033422451508,-0.022649945343846102,-0.0
2024-11-29,0.0,0.0,0.0,0.0,0.0,0.0,0.0,0.0,-0.05,0.05,0.0,0.0,0.028803770661913943,-0.0332096676343439,-0.0
2024-12-02,0.0,0.0,0.0,0.0,0.0,0.0,0.0,0.0,-0.05,0.05,0.0,0.0,0.029870336908393334,-0.035426438306520605,-0.0
2024-12-03,0.0,0.0,0.0,0.0,0.0,0.0,0.0,0.0,0.0,0.05,0.0,0.0,-0.024033842435103165,-0.049789102381465125,-0.0
2024-12-04,0.0,0.0,0.0,0.0,0.0,0.0,0.0,0.0,0.0,0.05,0.0,0.0,-0.023769600186993752,-0.05590191359226296,-0.0
2024-12-05,0.0,0.0,0.0,0.0,0.0,0.0,0.0,0.0,0.0,0.05,0.0,0.0,-0.007361099548348764,-0.07808418299498986,-0.0
2024-12-06,0.0,0.0,0.0,0.0,0.0,0.0,0.0,0.0,0.0,0.05,0.0,0.0,-0.014438100218642886,-0.06984047858555952,-0.0
2024-12-09,0.0,0.0,0.0,0.0,0.0,0.0,0.0,0.0,0.0,0.0,0.0,0.0,-0.0,-0.0,-0.0
2024-12-10,0.0,0.0,0.0,0.0,0.0,0.0,0.0,0.0,0.0,0.0,0.0,0.0,-0.0,-0.0,-0.0
2024-12-11,0.0,0.0,0.0,0.0,0.0,0.0,0.0,0.0,0.0,0.05,0.0,0.0,-0.03844041688866866,-0.036203109581451946,-0.0
2024-12-12,0.0,0.0,0.0,0.0,0.0,0.0,0.0,0.0,0.0,0.05,0.0,0.0,-0.0367107273191358,-0.03736656075767579,-0.0
2024-12-13,0.0,0.0,0.0,0.0,0.0,0.0,0.0,0.05,0.0,0.05,0.0,0.0,-0.04019809332010989,-0.04034809499252021,-0.018405703167120445
2024-12-16,0.0,0.0,0.0,0.0,0.05,0.0,0.0,0.05,0.0,0.05,0.0,0.0,-0.1393354457213644,0.007337541662628837,-0.015288836159158834
2024-12-17,0.0,0.0,0.0,0.0,0.05,0.0,0.0,0.05,0.0,0.05,0.0,0.0,-0.14502388965864588,-0.0054324674588167865,0.0020678726326269197
2024-12-18,0.0,0.0,0.0,0.0,0.05,0.0,0.0,0.05,0.0,0.05,0.0,0.0,-0.14649489176249472,-0.004593517228341754,0.0034234341529611988
2024-12-19,0.0,0.0,0.0,0.0,0.05,0.0,0.0,0.05,0.0,0.0,0.0,0.0,-0.11633264384118942,0.05251357815317603,0.0014296252447835844
2024-12-20,0.0,0.0,0.0,0.0,0.05,0.0,0.0,0.05,0.0,0.0,0.0,0.0,-0.1078235991159291,0.0523052423253638,-0.008275379605870485
2024-12-23,0.0,-0.05,0.0,0.0,0.05,0.0,0.0,0.05,0.0,0.0,0.0,0.0,-0.07400267253422214,0.07590298310485925,-0.0133650516633226
2024-12-24,0.0,-0.05,0.0,0.0,0.05,0.0,0.0,0.05,0.0,0.0,0.0,0.0,-0.07702148148677967,0.07372699540647673,-0.011875071442254668
2024-12-26,0.0,-0.05,0.0,0.0,0.05,0.0,0.0,0.0,0.0,0.0,0.0,0.0,-0.0597617942453985,0.07104495010749884,-0.0064517178130227395
2024-12-27,0.0,0.0,0.05,0.0,0.05,0.0,0.0,0.0,0.0,0.0,0.0,0.0,-0.2137245786449969,0.132115484658079,-0.0012481694190660366
2024-12-30,0.0,0.0,0.05,0.0,0.0,0.0,0.0,0.0,0.0,0.0,0.0,0.0,-0.11714453809543057,0.07964366377224781,-0.0
2024-12-31,0.0,0.0,0.05,0.0,0.0,0.0,0.0,0.0,0.0,0.0,0.0,0.0,-0.11425891715489594,0.0773969038218728,-0.0
2025-01-02,0.0,0.0,0.05,0.0,0.0,0.0,0.0,0.0,0.0,0.0,0.0,0.0,-0.11561871586363862,0.07918083635295942,-0.0
2025-01-03,0.0,0.0,0.05,0.0,0.0,0.0,0.0,0.0,0.0,0.0,0.0,0.0,-0.11249720058710835,0.07311105248673173,-0.0
2025-01-06,0.0,0.0,0.0,0.0,0.0,0.0,0.0,0.0,0.0,0.0,0.0,0.0,-0.0,-0.0,-0.0
2025-01-07,0.0,0.0,0.0,0.0,0.0,0.0,0.0,0.0,0.0,0.0,0.0,0.0,-0.0,-0.0,-0.0
2025-01-08,0.0,0.0,0.0,0.0,0.0,0.0,0.0,0.0,0.0,0.0,0.0,0.0,-0.0,-0.0,-0.0
2025-01-10,0.0,0.0,0.0,0.0,0.0,0.0,0.0,0.0,0.0,0.0,0.0,0.0,-0.0,-0.0,-0.0
2025-01-13,0.0,0.0,0.0,0.0,0.0,0.0,0.0,0.0,0.0,0.0,0.0,0.0,-0.0,-0.0,-0.0
2025-01-14,0.0,0.0,0.0,0.0,0.0,0.0,0.0,0.0,0.0,0.0,0.0,0.0,-0.0,-0.0,-0.0
2025-01-15,0.0,0.0,0.0,0.0,0.0,0.0,0.0,0.0,0.0,0.0,0.0,0.0,-0.0,-0.0,-0.0
2025-01-16,0.0,0.0,0.0,0.0,0.0,0.0,0.0,0.0,0.0,0.0,0.0,0.0,-0.0,-0.0,-0.0
2025-01-17,0.0,0.0,0.0,0.0,0.0,0.0,0.0,0.0,0.0,0.0,0.0,0.0,-0.0,-0.0,-0.0
2025-01-21,0.0,0.0,0.0,0.0,0.0,0.0,0.0,0.0,0.0,0.0,0.0,0.0,-0.0,-0.0,-0.0
2025-01-22,0.0,0.0,0.0,0.0,0.0,0.0,0.0,0.0,0.0,0.0,0.0,0.0,-0.0,-0.0,-0.0
2025-01-23,0.0,0.0,0.0,0.0,0.0,0.0,0.0,0.0,0.0,0.0,0.0,0.0,-0.0,-0.0,-0.0
2025-01-24,0.0,0.0,0.0,0.0,0.0,0.0,0.0,0.0,0.0,0.0,0.0,0.0,-0.0,-0.0,-0.0
2025-01-27,0.0,0.0,0.0,0.0,0.0,0.0,0.0,0.0,0.0,0.0,0.0,0.0,-0.0,-0.0,-0.0
2025-01-28,0.0,0.0,0.0,0.0,0.0,0.0,0.0,0.0,0.0,0.0,0.0,0.0,-0.0,-0.0,-0.0
2025-01-29,0.0,0.0,0.0,0.0,0.0,0.0,0.0,0.0,0.0,0.0,0.0,0.0,-0.0,-0.0,-0.0
2025-01-30,0.0,0.0,0.0,0.0,0.0,0.0,0.0,0.0,0.0,0.0,0.0,0.0,-0.0,-0.0,-0.0
2025-01-31,0.0,0.0,0.0,0.0,0.0,0.0,0.0,0.0,0.0,0.0,0.0,0.0,-0.0,-0.0,-0.0
2025-02-03,0.0,0.0,0.0,0.0,0.0,0.0,0.0,0.0,0.0,0.0,0.0,0.0,-0.0,-0.0,-0.0
2025-02-04,0.0,0.0,0.0,0.0,0.0,0.0,0.0,0.0,0.0,0.0,0.0,0.0,-0.0,-0.0,-0.0
2025-02-05,0.0,0.0,0.0,0.0,0.0,0.0,0.0,0.0,0.0,0.0,0.0,0.0,-0.0,-0.0,-0.0
2025-02-06,0.0,0.05,0.0,0.0,0.0,0.0,0.0,0.0,0.0,0.0,0.0,0.0,-0.025147151622895353,-0.0,-0.015213122190009053
2025-02-07,0.0,0.05,0.0,0.0,0.0,0.0,0.0,0.0,0.0,0.0,0.0,0.0,-0.02482226313326063,-0.0,-0.01574422085181261
2025-02-10,0.0,0.05,0.0,0.0,0.0,0.0,0.0,0.0,0.0,0.0,0.0,0.0,-0.02302193245903048,-0.0,-0.018288661354679565
2025-02-11,0.0,0.05,0.0,0.0,0.0,0.0,0.0,0.0,0.0,0.0,0.0,0.0,-0.021489873053070405,-0.0,-0.01960810370787274
2025-02-12,0.0,0.05,0.0,0.0,0.0,0.0,0.0,0.0,0.0,0.0,0.0,0.0,-0.01956599051313444,-0.0,-0.021950376693950183
2025-02-13,0.0,0.05,0.0,0.0,0.0,0.0,0.0,0.0,0.0,0.0,0.0,0.0,-0.020403976391579568,-0.0,-0.021102655209889222
2025-02-14,0.0,0.05,0.0,0.0,0.0,0.0,0.0,0.0,0.0,0.0,0.0,0.0,-0.01896772482773738,-0.0,-0.022550731093091844
2025-02-18,0.0,0.05,0.0,0.0,0.0,0.0,0.0,0.0,0.0,0.0,0.0,0.0,-0.019850242086038798,-0.0,-0.02026152797794123
2025-02-19,0.0,0.05,0.0,0.0,0.0,0.0,0.0,0.0,0.0,0.0,0.0,0.0,-0.019559080215798774,-0.0,-0.020631280014171298
2025-02-20,0.0,0.05,0.0,0.0,0.0,0.0,0.0,0.0,0.0,0.0,0.0,0.0,-0.019715845139568852,-0.0,-0.020374872399881675
2025-02-21,0.0,0.05,0.0,0.0,0.0,0.0,0.0,0.0,0.0,0.0,0.0,0.0,-0.02033173720489062,-0.0,-0.01937248055730302
2025-02-24,0.0,0.05,0.0,0.0,0.0,0.0,0.0,0.0,0.0,0.0,0.0,0.0,-0.02314034315415087,-0.0,-0.016287698574236908
2025-02-25,0.0,0.05,0.0,0.0,0.0,0.0,0.0,0.0,0.0,0.0,0.0,0.0,-0.023371646076430438,-0.0,-0.015906785122796845
2025-02-26,0.0,0.0,0.0,0.0,0.0,0.0,0.0,0.0,0.0,0.0,0.0,0.0,-0.0,-0.0,-0.0
2025-02-27,0.0,0.0,0.0,0.0,0.0,0.0,0.0,0.0,0.0,0.0,0.0,0.0,-0.0,-0.0,-0.0
2025-02-28,0.0,0.0,0.0,0.0,0.0,0.0,0.0,0.0,0.0,0.0,0.0,0.0,-0.0,-0.0,-0.0
2025-03-03,0.0,0.0,0.0,0.0,0.0,0.0,0.0,0.0,0.0,0.0,0.0,0.0,-0.0,-0.0,-0.0
2025-03-04,0.0,0.0,0.0,0.0,0.0,0.0,0.0,0.0,0.0,0.0,0.0,0.0,-0.0,-0.0,-0.0
2025-03-05,0.0,0.0,0.0,0.0,0.0,0.0,0.0,0.0,0.0,0.0,0.0,0.0,-0.0,-0.0,-0.0
2025-03-06,0.0,0.0,0.0,0.0,0.0,0.0,0.0,0.0,0.0,0.0,0.0,0.0,-0.0,-0.0,-0.0
2025-03-07,0.0,0.0,0.0,0.0,0.0,0.0,0.0,0.0,0.0,0.0,0.0,0.0,-0.0,-0.0,-0.0
2025-03-10,0.0,0.0,0.0,0.0,0.0,0.0,0.0,0.0,0.0,0.0,0.0,0.0,-0.0,-0.0,-0.0
2025-03-11,0.0,0.0,0.0,0.0,0.0,0.0,0.0,0.0,0.0,0.0,0.0,0.0,-0.0,-0.0,-0.0
2025-03-12,0.0,0.0,0.0,0.0,0.0,0.0,0.0,0.0,0.0,0.0,0.0,0.0,-0.0,-0.0,-0.0
2025-03-13,0.0,0.0,0.0,0.0,0.0,0.0,0.0,0.0,0.0,0.0,0.0,0.0,-0.0,-0.0,-0.0
2025-03-14,0.0,0.0,0.0,0.0,0.0,0.0,0.0,0.0,0.0,0.0,0.0,0.0,-0.0,-0.0,-0.0
2025-03-17,0.0,0.0,0.0,0.0,-0.05,0.0,0.0,0.0,0.0,0.0,0.0,0.0,-0.002317009676821494,-0.07820987853671174,0.12162928651988217
2025-03-18,0.0,0.0,0.0,0.0,0.0,0.0,0.0,0.0,0.0,0.0,0.0,0.0,-0.0,-0.0,-0.0
2025-03-19,0.0,0.0,0.0,0.0,0.0,0.0,0.0,0.0,0.0,0.0,0.0,0.0,-0.0,-0.0,-0.0
2025-03-20,0.0,0.0,0.0,0.0,0.0,0.0,0.0,0.0,0.0,0.0,0.0,0.0,-0.0,-0.0,-0.0
2025-03-21,0.0,0.0,0.0,0.0,0.0,0.0,0.0,0.0,0.0,0.0,0.0,0.0,-0.0,-0.0,-0.0
2025-03-24,0.0,0.0,0.0,0.0,0.0,0.0,0.0,0.0,0.0,0.0,0.0,0.0,-0.0,-0.0,-0.0
2025-03-25,0.0,0.0,0.0,0.0,-0.05,0.0,0.0,0.0,0.0,0.0,0.0,0.0,-0.023322468518753112,-0.05638922793732546,0.13825303836667532
2025-03-26,0.0,0.0,0.0,0.0,0.0,0.0,0.0,0.0,0.0,0.0,0.0,0.0,-0.0,-0.0,-0.0
2025-03-27,0.0,0.0,0.0,0.0,0.0,0.0,0.0,0.0,0.0,0.0,0.0,0.0,-0.0,-0.0,-0.0
2025-03-28,0.0,0.0,0.0,0.0,0.0,0.0,0.0,0.0,0.0,0.0,0.0,0.0,-0.0,-0.0,-0.0
2025-03-31,0.0,0.0,0.0,0.0,0.0,0.0,0.0,0.0,0.0,0.0,0.0,0.0,-0.0,-0.0,-0.0
2025-04-01,0.0,0.0,0.0,0.0,-0.05,0.0,0.0,0.0,0.0,0.0,0.0,0.0,-0.02071221038320235,-0.05542677775331685,0.13647336357757922
2025-04-02,0.0,0.0,0.0,0.0,-0.05,0.0,0.0,0.0,0.0,0.0,0.0,0.0,-0.019171632969316354,-0.051331880907325766,0.1312528353547011
2025-04-03,0.0,0.0,0.0,0.0,0.0,0.0,0.0,0.0,0.0,0.0,0.0,0.0,-0.0,-0.0,-0.0
2025-04-04,0.0,0.0,0.0,0.0,0.0,0.0,0.0,0.0,0.0,0.0,0.0,0.0,-0.0,-0.0,-0.0
2025-04-07,0.05,0.0,0.0,0.0,0.0,0.0,0.0,0.0,0.0,0.0,0.0,0.0,-0.0365933974012784,-0.0,-0.0
2025-04-08,0.05,0.0,0.0,0.0,0.0,0.0,0.0,0.0,0.0,0.0,0.0,0.05,-0.07314416345736732,-0.0,-0.0
2025-04-09,0.05,0.0,0.0,0.0,0.0,0.0,0.0,0.0,0.0,0.0,0.0,0.05,-0.07555569485070694,-0.0,-0.0
2025-04-10,0.0,0.0,0.0,0.0,0.0,0.0,0.0,0.0,0.0,0.0,0.0,0.05,-0.04693137883432201,-0.0,-0.0
2025-04-11,0.05,0.0,0.0,0.0,0.0,0.0,0.0,0.0,0.0,0.0,0.0,0.05,-0.09324355501222367,-0.0,-0.0
2025-04-14,0.0,0.0,0.0,0.0,0.0,0.0,0.0,0.0,0.0,0.0,0.0,0.05,-0.04652985551996551,-0.0,-0.0
2025-04-15,0.0,0.0,0.0,0.0,0.0,0.0,0.0,0.0,0.0,0.0,0.0,0.05,-0.04648213127512385,-0.0,-0.0
2025-04-16,0.0,0.0,0.0,0.0,0.0,0.0,0.0,0.0,0.0,0.0,0.0,0.05,-0.046198800676058825,-0.0,-0.0
2025-04-17,0.0,0.0,0.0,0.0,0.0,0.0,0.0,0.0,0.0,0.0,0.0,0.05,-0.045973888626343995,-0.0,-0.0
2025-04-21,0.0,0.0,0.0,0.0,0.0,0.0,0.0,0.0,0.0,0.0,0.0,0.05,-0.04621585018914121,-0.0,-0.0
2025-04-22,0.0,0.0,0.0,0.0,0.0,0.0,0.0,0.0,0.0,0.0,0.0,0.0,-0.0,-0.0,-0.0
2025-04-23,0.0,0.0,0.0,0.0,0.0,0.0,0.0,0.0,0.0,0.0,0.0,0.0,-0.0,-0.0,-0.0
2025-04-24,0.0,0.0,0.0,0.0,0.0,0.0,0.0,0.0,0.0,0.0,0.0,0.0,-0.0,-0.0,-0.0
2025-04-25,0.0,0.0,0.0,0.0,0.0,0.0,0.0,0.0,0.0,0.0,0.0,0.0,-0.0,-0.0,-0.0
2025-04-28,0.0,0.0,0.0,0.0,0.0,0.0,0.0,0.0,0.0,0.0,0.0,0.0,-0.0,-0.0,-0.0
2025-04-29,0.0,0.0,0.0,0.0,0.0,0.0,0.0,0.0,0.0,0.0,0.0,0.0,-0.0,-0.0,-0.0
2025-04-30,0.0,0.0,0.0,0.0,0.0,0.0,0.0,0.0,0.0,0.0,0.0,0.0,-0.0,-0.0,-0.0
2025-05-01,0.0,0.0,0.0,0.0,0.0,0.0,0.0,0.0,0.0,0.0,0.0,0.0,-0.0,-0.0,-0.0
2025-05-02,0.0,-0.05,0.0,0.0,0.0,0.0,0.0,0.0,0.0,0.0,0.0,0.0,-0.009516113198166832,-0.03846068703595848,0.08313343651716532
2025-05-05,0.0,0.0,0.0,0.0,0.0,0.0,0.0,0.0,0.0,0.0,0.0,0.0,-0.0,-0.0,-0.0
2025-05-06,0.0,0.0,0.0,0.0,0.0,0.0,0.0,0.0,0.0,0.0,0.05,0.0,-0.025521139715473092,-0.03893267756042812,-0.0
2025-05-07,0.0,0.0,0.0,0.0,0.0,0.0,0.0,0.0,0.0,0.0,0.05,0.0,-0.025952392559626343,-0.03824529260165077,-0.0
2025-05-08,0.0,0.0,0.0,0.0,0.0,0.0,0.0,0.0,0.0,0.0,0.05,0.0,-0.02720841854704651,-0.03675913428134719,-0.0
2025-05-09,0.0,0.0,0.0,0.0,0.0,0.0,0.0,0.0,0.0,0.0,0.05,0.0,-0.02721892669756214,-0.03667570696199731,-0.0
2025-05-12,0.0,0.0,0.0,0.0,0.0,0.0,0.0,0.0,0.0,0.0,0.05,0.0,-0.02744992772675414,-0.03635943764481399,-0.0
2025-05-13,0.0,0.0,0.05,0.0,0.0,0.0,0.0,0.0,0.0,0.0,0.05,0.0,-0.16747029227720545,0.05699796501974037,-0.0
2025-05-14,0.0,0.0,0.05,0.0,0.0,0.0,0.0,0.0,0.0,0.0,0.05,0.0,-0.16316731540354704,0.051661742510585945,-0.0
2025-05-15,0.0,0.0,0.05,0.0,0.0,0.0,0.0,0.0,0.0,0.0,0.05,0.0,-0.16754630639040505,0.05707774771677579,-0.0
2025-05-16,0.0,0.0,0.05,0.0,0.0,0.0,0.0,0.0,0.0,0.0,0.05,0.0,-0.1686846429517621,0.0586383613846272,-0.0
2025-05-19,0.0,0.0,0.0,0.0,0.0,0.0,0.0,0.0,0.0,0.0,0.05,0.0,-0.024523673360109747,-0.039696008599121035,-0.0
2025-05-20,0.0,0.0,0.0,0.0,0.0,0.0,0.0,0.0,0.0,0.0,0.05,0.0,-0.02172955682134284,-0.04265430296322451,-0.0
2025-05-21,0.0,0.0,0.0,0.0,0.0,0.0,0.0,0.0,0.0,0.0,0.05,0.0,-0.018953925578737596,-0.04603200403096781,-0.0
2025-05-22,0.0,0.0,0.0,0.0,0.0,0.0,0.0,0.0,0.0,0.0,0.05,0.0,-0.020938287583200123,-0.043383292772104134,-0.0
2025-05-23,0.0,0.0,0.0,0.0,0.0,0.0,0.0,0.0,0.0,0.0,0.05,0.0,-0.020966999255786583,-0.043310664482788884,-0.0
2025-05-27,0.0,0.0,0.0,0.0,0.0,0.0,0.0,0.0,0.0,0.0,0.05,0.0,-0.013459584367836803,-0.05230038248294236,-0.0
2025-05-28,0.0,0.0,0.0,0.0,0.0,0.0,0.0,0.0,0.0,0.0,0.05,0.0,-0.01361312665564129,-0.05196078009769544,-0.0
2025-05-29,0.0,0.0,0.0,0.0,0.0,0.0,0.0,0.0,0.0,0.0,0.05,0.0,-0.014919367152542252,-0.05046505168609905,-0.0
2025-05-30,0.0,0.0,0.0,0.0,0.0,0.0,0.0,0.0,0.0,0.0,0.05,0.0,-0.00718204772889058,-0.0606845489722062,-0.0
2025-06-02,0.0,0.0,0.0,0.0,0.0,0.0,0.0,0.0,0.0,0.0,0.0,0.0,-0.0,-0.0,-0.0
2025-06-03,0.0,0.0,0.0,0.0,0.0,0.0,0.0,0.0,0.0,0.0,0.0,0.0,-0.0,-0.0,-0.0
2025-06-04,0.0,0.0,0.0,0.0,0.0,0.0,0.0,0.0,0.0,0.0,0.0,0.0,-0.0,-0.0,-0.0
2025-06-05,0.0,0.0,0.0,0.0,0.0,0.0,0.0,0.0,0.0,0.0,0.0,0.0,-0.0,-0.0,-0.0
2025-06-06,0.0,0.0,0.0,0.0,0.0,0.0,0.0,0.0,0.0,0.0,0.0,0.0,-0.0,-0.0,-0.0
2025-06-09,0.0,0.0,0.0,0.0,0.0,0.0,0.0,0.0,0.0,0.0,0.0,0.0,-0.0,-0.0,-0.0
2025-06-10,0.0,0.0,0.0,0.0,0.0,0.0,0.0,0.0,0.0,0.0,0.0,0.0,-0.0,-0.0,-0.0
2025-06-11,0.0,0.0,0.0,0.0,0.0,0.0,0.0,0.0,0.0,0.0,0.0,0.0,-0.0,-0.0,-0.0
2025-06-12,0.0,0.0,0.0,0.0,0.0,0.0,0.0,0.0,0.0,0.0,0.0,0.0,-0.0,-0.0,-0.0
2025-06-13,0.0,0.0,0.0,0.0,0.0,0.0,0.0,0.0,0.0,0.0,0.0,0.0,-0.0,-0.0,-0.0
2025-06-16,0.0,0.0,0.0,0.0,0.0,0.0,0.0,0.0,0.0,0.0,0.0,0.0,-0.0,-0.0,-0.0
2025-06-17,0.0,0.0,0.0,0.0,0.0,0.0,0.0,0.0,0.0,0.0,0.0,0.0,-0.0,-0.0,-0.0
2025-06-18,0.0,0.0,0.0,0.0,0.0,0.0,0.0,0.0,0.0,0.0,0.0,0.0,-0.0,-0.0,-0.0
2025-06-20,0.0,0.0,0.0,0.0,0.0,0.0,0.0,0.0,0.0,0.0,0.0,0.0,-0.0,-0.0,-0.0
2025-06-23,0.0,0.0,0.0,0.0,0.0,0.0,0.0,0.0,0.0,0.0,0.0,0.0,-0.0,-0.0,-0.0
2025-06-24,0.0,0.0,0.0,0.0,0.0,0.0,0.0,0.0,0.0,0.0,0.0,0.0,-0.0,-0.0,-0.0
2025-06-25,0.0,0.0,0.0,0.0,0.0,0.0,0.0,0.0,0.0,0.0,0.0,0.0,-0.0,-0.0,-0.0
2025-06-26,0.0,0.0,0.0,0.0,0.0,0.0,0.0,0.0,0.0,0.0,0.0,0.0,-0.0,-0.0,-0.0
2025-06-27,0.0,0.0,0.0,0.0,0.0,0.0,0.0,0.0,0.0,0.0,0.0,0.0,-0.0,-0.0,-0.0
2025-06-30,0.0,0.0,0.0,0.0,0.0,0.0,0.0,0.0,0.0,0.0,0.0,0.0,-0.0,-0.0,-0.0
2025-07-01,0.0,0.0,0.0,0.0,0.0,0.0,0.0,0.0,0.0,0.0,0.0,0.0,-0.0,-0.0,-0.0
2025-07-02,0.0,0.0,0.0,0.0,0.0,0.0,0.0,0.0,0.0,0.0,0.0,0.0,-0.0,-0.0,-0.0
2025-07-03,0.0,0.0,0.0,0.0,0.0,0.0,0.0,0.0,0.0,0.0,0.0,0.0,-0.0,-0.0,-0.0
2025-07-07,0.0,0.0,0.0,0.0,0.0,0.0,0.0,0.0,0.0,0.0,0.0,0.0,-0.0,-0.0,-0.0
2025-07-08,0.0,0.0,0.0,0.0,0.0,0.0,0.0,0.0,0.0,0.0,0.0,0.0,-0.0,-0.0,-0.0
2025-07-09,0.0,0.0,0.0,0.0,0.0,0.0,0.0,0.0,0.0,0.0,0.0,0.0,-0.0,-0.0,-0.0
2025-07-10,0.0,0.0,0.0,0.0,0.0,0.0,0.0,0.0,0.0,0.0,0.0,0.0,-0.0,-0.0,-0.0
2025-07-11,0.0,0.0,0.0,0.0,0.0,0.0,0.0,0.0,0.0,0.0,0.0,0.0,-0.0,-0.0,-0.0
2025-07-14,0.0,0.0,0.0,0.0,0.0,0.0,0.0,0.0,0.0,0.0,0.0,0.0,-0.0,-0.0,-0.0
2025-07-15,0.0,0.0,0.0,0.0,0.0,0.0,0.0,0.0,0.0,0.0,0.0,0.0,-0.0,-0.0,-0.0
2025-07-16,0.0,0.0,0.0,0.0,0.0,0.0,0.0,0.0,0.0,0.0,0.0,0.0,-0.0,-0.0,-0.0
2025-07-17,0.0,0.0,0.0,0.0,0.0,0.0,0.0,0.0,0.0,0.0,0.0,0.0,-0.0,-0.0,-0.0
2025-07-18,0.0,0.0,0.0,0.0,0.0,0.0,0.0,0.0,0.0,0.0,0.0,0.0,-0.0,-0.0,-0.0
2025-07-21,0.0,0.0,0.0,0.0,0.0,0.0,0.0,0.0,0.0,0.0,0.0,0.0,-0.0,-0.0,-0.0
2025-07-22,0.0,0.0,0.0,0.0,0.0,0.0,0.0,0.0,0.0,0.0,0.0,0.0,-0.0,-0.0,-0.0
2025-07-23,0.0,0.0,0.0,0.0,0.0,0.0,0.0,0.0,0.0,0.0,0.0,0.0,-0.0,-0.0,-0.0
2025-07-24,0.0,0.0,0.0,0.0,0.0,0.0,0.0,0.0,0.0,0.0,0.0,0.05,-0.03225010142326743,0.021099870623412648,-0.04693618326111368
2025-07-25,0.0,0.0,0.0,0.0,0.0,0.0,0.0,0.0,0.0,0.0,0.0,0.05,-0.031771093340206065,0.020150430966703742,-0.04677757526016177
2025-07-28,0.0,0.0,0.0,0.0,0.0,0.0,0.0,0.0,0.0,0.0,0.0,0.05,-0.027446159878370263,0.020095924116364308,-0.05211072414060517
2025-07-29,0.0,0.0,0.0,0.0,0.0,0.0,0.0,0.0,0.0,0.0,0.0,0.05,-0.035096501241712506,0.024519003602383488,-0.04710518082339318
2025-07-30,0.0,0.0,0.0,0.0,0.0,0.0,0.0,0.0,0.0,0.0,0.0,0.05,-0.03270971617926565,0.04249431872387164,-0.0670536344196108
2025-07-31,0.0,0.0,0.0,0.0,0.0,0.0,0.0,0.0,0.0,0.0,0.0,0.05,-0.032203427812410174,0.047950484061587126,-0.06918514524056307
2025-08-01,0.0,0.0,0.0,0.0,0.0,0.0,0.0,0.0,0.0,0.0,0.0,0.05,-0.039141946542676075,0.050338915198202085,-0.06610224423720897
2025-08-04,0.0,0.0,0.0,0.0,0.0,0.0,0.0,0.0,0.0,0.0,0.05,0.05,-0.0943378262525989,0.006733709250215707,-0.018877380402672728
2025-08-05,0.0,0.0,0.0,0.0,0.0,0.0,0.0,0.0,0.0,0.0,0.0,0.05,-0.028742246987096372,0.05771877965330327,-0.07572799891479894
2025-08-06,0.0,0.0,0.0,0.0,0.0,0.0,0.0,0.0,0.0,0.0,0.05,0.05,-0.06844401650671904,0.02132468351122869,-0.051416860017004164
2025-08-07,0.0,0.0,0.0,0.0,0.0,0.0,0.0,0.0,0.0,0.0,0.05,0.05,-0.08321714125757307,0.004673683445415945,-0.020636835913858398
2025-08-08,0.0,0.0,0.0,0.0,0.0,0.0,0.0,0.0,0.0,0.0,0.05,0.05,-0.07637958514151236,0.01302776488466096,-0.011084174643335984
2025-08-11,0.0,0.0,0.0,0.0,0.0,0.0,0.0,0.0,0.0,0.0,0.05,0.05,-0.088307296462282,0.03796122108635768,-0.024950896252309927
2025-08-12,0.0,0.0,0.0,0.0,0.0,0.0,0.0,0.0,0.0,0.0,0.05,0.05,-0.08799143840146556,0.03975660269908372,-0.02693903304505148
2025-08-13,0.0,0.0,0.0,0.0,0.0,0.0,0.0,0.0,0.0,0.0,0.05,0.05,-0.09832555241044376,0.036852456186994655,-0.022883409537079083
2025-08-14,0.0,0.0,0.0,0.0,0.0,0.0,0.0,0.0,0.0,0.0,0.0,0.05,-0.04697010396713621,0.07230782433851342,-0.056149775756925306
2025-08-15,0.0,0.0,0.0,0.0,0.0,0.0,0.0,0.0,0.0,0.0,0.0,0.05,-0.04667457959754878,0.0715572559330148,-0.05565099072364643
2025-08-18,0.0,0.0,0.0,0.0,0.0,0.0,0.0,0.0,0.0,0.0,0.0,0.05,-0.042666427396495864,0.06829133477628051,-0.056586985336955456
2025-08-19,0.0,0.0,0.0,0.0,0.0,0.0,0.0,0.0,-0.05,0.0,0.0,0.05,-0.0382493246139467,0.19554144744145674,-0.09470934718878983
2025-08-20,0.0,0.0,0.0,0.0,0.0,0.0,0.0,0.05,-0.05,0.0,0.0,0.0,-0.042065771949477276,0.1506483431320694,-0.07122382069023007
2025-08-21,0.0,0.0,0.0,0.0,0.0,0.0,0.0,0.05,-0.05,0.0,0.0,0.0,-0.04282462042862399,0.12715782795253386,-0.04720227812228741
2025-08-22,0.0,0.0,0.0,0.0,0.0,0.0,0.0,0.05,-0.05,0.0,0.0,0.0,-0.04306334760392344,0.12436503529649068,-0.045938071519051424
2025-08-25,0.0,0.0,0.0,0.0,0.0,0.0,0.0,0.0,-0.05,0.0,0.0,0.0,-0.023441388888460767,0.17039944821509015,-0.04427422635173056
2025-08-26,0.0,0.0,0.0,0.0,0.0,0.0,0.0,0.0,-0.05,0.0,0.0,0.0,-0.02359223882929315,0.1767005963810518,-0.048864047748291506
2025-08-27,0.0,0.0,0.0,0.0,0.0,0.0,0.0,0.0,-0.05,0.05,0.0,0.0,-0.09292492712070756,0.17039913077866153,-0.038318501243606536
2025-08-28,0.0,0.0,0.0,0.0,0.0,0.0,0.0,0.0,-0.05,0.05,0.0,0.0,-0.08725847118433917,0.1748782416314319,-0.048512410549362145
2025-08-29,0.0,0.0,0.0,0.0,0.0,0.0,0.0,0.0,-0.05,0.05,0.0,0.0,-0.10345411971590512,0.17216489232957383,-0.03250462759040599
2025-09-02,0.0,0.0,0.0,0.0,0.0,0.0,0.0,0.0,-0.05,0.05,0.0,0.0,-0.10530970495332823,0.16465143836129076,-0.029403350347230434
2025-09-03,0.0,0.0,0.0,0.0,0.0,0.0,0.0,0.0,-0.05,0.05,0.0,0.0,-0.10369938727371333,0.16403708897430544,-0.031949924736864914
2025-09-04,0.0,0.0,0.0,0.0,0.0,0.0,0.0,0.0,-0.05,0.05,0.0,0.0,-0.09693956021692629,0.17743004839055826,-0.04789638366112119
2025-09-05,0.0,0.0,0.0,0.0,0.0,0.0,0.0,0.0,0.0,0.05,0.0,0.0,-0.07023864656694348,-0.0,-0.0
2025-09-08,0.0,0.0,0.0,0.0,0.0,0.0,0.0,0.0,0.0,0.0,0.0,0.0,-0.0,-0.0,-0.0
2025-09-09,0.0,0.0,0.0,0.0,0.0,0.0,0.0,0.0,0.0,0.0,0.0,0.0,-0.0,-0.0,-0.0
2025-09-10,0.0,0.0,0.0,0.0,0.0,0.0,0.0,0.0,0.0,0.0,0.0,0.0,-0.0,-0.0,-0.0
2025-09-11,0.0,0.0,0.0,-0.05,0.0,0.0,0.0,0.0,0.0,-0.05,0.0,0.0,0.2778304386232303,-0.09944026852848273,-0.0
2025-09-12,0.0,0.0,0.0,-0.05,0.0,0.0,0.0,0.0,0.0,-0.05,0.0,0.0,0.2948988479352125,-0.10974255670055813,-0.0
2025-09-15,0.0,0.0,0.0,-0.05,0.0,0.0,0.0,0.0,0.0,0.0,0.0,0.0,0.16139608420682724,-0.11366948300515523,-0.0
2025-09-16,0.0,0.0,0.0,-0.05,0.0,0.0,0.0,0.0,0.0,0.0,0.0,0.0,0.16066402303258787,-0.11358326126437646,-0.0
2025-09-17,0.0,0.0,0.0,-0.05,0.0,0.0,0.0,0.0,0.0,0.0,0.0,0.0,0.16149592914564712,-0.11519529467729056,-0.0
2025-09-18,0.0,0.0,0.0,-0.05,0.0,0.0,0.0,0.0,0.0,0.0,0.0,0.0,0.16386920141642947,-0.116238012375114,-0.0
2025-09-19,0.0,0.0,0.0,0.0,0.0,-0.05,0.0,0.0,-0.05,0.0,0.0,0.0,0.08704603027896025,0.12005170913685215,-0.11740066187915932
2025-09-22,0.0,0.0,0.0,0.0,0.0,-0.05,0.0,0.0,-0.05,0.0,0.0,0.0,0.08964813913771805,0.13307242215005124,-0.13441296106947834
2025-09-23,0.0,0.0,0.0,0.0,0.0,-0.05,0.0,0.0,0.0,0.0,0.0,0.0,0.00699794593629921,-0.0,-0.0
2025-09-24,0.0,0.0,0.0,0.0,0.0,-0.05,0.0,0.0,0.0,0.0,0.0,0.0,0.007568674145454321,-0.0,-0.0
2025-09-25,0.0,0.0,0.0,0.0,0.0,-0.05,0.0,0.0,0.0,0.0,0.0,0.0,0.009162090758491018,-0.0,-0.0
2025-09-26,0.0,0.0,0.0,0.0,0.0,-0.05,0.0,0.0,-0.05,0.0,0.0,0.0,0.07415785017998179,0.07400311462066878,-0.0870020287748709
2025-09-29,0.0,0.0,0.0,0.0,0.0,-0.05,0.0,0.0,-0.05,0.0,0.0,0.0,0.08406267228778819,0.08215087608614645,-0.09258547656750818
2025-09-30,0.0,0.0,0.0,0.05,0.0,-0.05,0.0,0.0,-0.05,0.0,0.0,0.0,-0.04391779621080176,0.17442327710706607,-0.09809013608720193
2025-10-01,0.0,0.0,0.0,0.05,0.0,-0.05,0.0,0.0,-0.05,0.0,0.0,0.0,-0.05133237794237049,0.15482510111374592,-0.08105789742197872
2025-10-02,0.0,0.0,0.0,0.05,0.0,0.0,0.0,0.0,-0.05,0.0,0.0,0.0,-0.07036662562072954,0.16888597387488286,-0.08036483308730728
2025-10-03,0.0,0.0,0.0,0.05,0.0,0.0,0.0,0.0,-0.05,0.0,0.0,0.0,-0.07301874214156545,0.1641550496157375,-0.06916830042413012
2025-10-06,0.0,0.0,0.0,0.05,0.0,0.0,0.0,0.0,-0.05,0.0,0.0,0.0,-0.07102058179518414,0.14838719555090496,-0.05680160760362653
2025-10-07,0.0,0.0,0.0,0.05,0.0,0.0,0.0,0.0,-0.05,0.0,0.0,0.0,-0.0697381637391628,0.14460063940873324,-0.056238434115534745
2025-10-08,0.0,0.0,0.0,0.05,0.0,0.0,0.0,0.0,-0.05,0.0,0.0,0.0,-0.07378029276103426,0.14480731291062798,-0.05199337983390047
2025-10-09,0.0,0.0,0.0,0.05,0.0,0.0,0.0,0.0,-0.05,0.0,0.0,0.0,-0.06779587517682106,0.13359782821207133,-0.051878689525722534
2025-10-10,0.0,0.0,0.0,0.05,0.0,0.0,0.0,0.0,0.0,0.0,0.0,0.0,-0.12866531780214913,0.10101304628484656,-0.0
2025-10-13,0.0,0.0,0.0,0.05,0.0,0.0,0.0,0.0,0.0,0.0,0.0,0.0,-0.12977399157486463,0.09771118673117996,-0.0
2025-10-14,0.0,0.0,0.0,0.0,0.0,0.0,0.0,0.0,0.0,0.0,0.0,0.0,-0.0,-0.0,-0.0
2025-10-15,0.0,0.0,0.0,0.0,0.0,0.0,0.0,0.0,0.0,0.0,0.0,0.0,-0.0,-0.0,-0.0
2025-10-16,0.0,0.0,0.0,0.0,0.0,0.0,0.0,0.0,0.0,0.0,0.0,0.0,-0.0,-0.0,-0.0
2025-10-17,0.0,0.0,0.0,0.0,0.0,0.0,0.0,0.0,0.0,0.0,0.0,0.0,-0.0,-0.0,-0.0
2025-10-20,0.0,0.0,0.0,0.0,0.0,0.0,0.0,0.0,0.0,0.0,0.0,0.0,-0.0,-0.0,-0.0
2025-10-21,0.0,0.0,0.0,0.0,0.0,0.0,0.0,0.0,0.0,0.0,0.0,0.0,-0.0,-0.0,-0.0
2025-10-22,0.0,0.0,0.05,0.0,0.0,-0.05,0.0,0.0,0.0,0.0,0.0,0.0,-0.1346264988866869,-0.0,0.113879217213497
2025-10-23,0.0,0.0,0.0,0.0,0.0,0.0,0.0,0.0,0.0,0.0,0.0,0.0,-0.0,-0.0,-0.0
2025-10-24,0.0,0.0,0.0,0.0,0.0,0.0,0.0,0.0,0.0,0.0,0.0,0.0,-0.0,-0.0,-0.0
2025-10-27,0.0,0.0,0.0,0.0,0.0,0.0,0.0,0.0,0.0,0.0,0.0,0.0,-0.0,-0.0,-0.0
2025-10-28,0.0,0.0,0.0,0.0,0.0,0.0,0.0,0.0,0.0,0.05,0.0,0.0,-0.08969754826004,-0.0,-0.0
2025-10-29,0.0,0.0,0.0,0.0,0.0,0.0,0.0,0.0,0.0,0.05,0.0,0.0,-0.08890074356636424,-0.0,-0.0
2025-10-30,0.0,0.0,0.0,0.0,0.0,0.0,0.0,0.0,0.0,0.05,0.0,0.0,-0.0902651482540017,-0.0,-0.0
2025-10-31,0.0,0.0,0.0,0.0,0.0,0.0,0.0,0.0,0.0,0.05,0.0,0.0,-0.09574490721800394,-0.0,-0.0
2025-11-03,0.0,0.05,0.0,0.0,0.0,0.0,0.0,0.0,0.0,0.05,0.0,0.0,-0.12156240846064573,-0.0,-0.0
2025-11-04,0.0,0.0,0.0,0.0,0.0,0.0,0.0,0.0,0.0,0.05,0.0,0.0,-0.09569853105651588,-0.0,-0.0
2025-11-05,0.0,0.0,0.0,0.0,0.0,0.0,0.0,0.0,0.0,0.05,0.0,0.0,-0.09412762596111612,-0.0,-0.0
2025-11-06,0.0,0.0,0.0,0.0,0.0,0.0,0.0,0.0,0.0,0.05,0.0,0.0,-0.09611843814200026,-0.0,-0.0
2025-11-07,0.0,0.0,0.0,0.0,0.0,0.0,0.0,0.0,0.0,0.05,0.0,0.0,-0.09373576446327031,-0.0,-0.0
2025-11-10,0.0,0.0,0.0,0.0,0.0,0.0,0.0,0.0,0.0,0.05,0.0,0.0,-0.09423715857790693,-0.0,-0.0
2025-11-11,0.0,0.0,0.0,0.0,0.0,0.0,0.0,0.0,0.0,0.05,0.0,0.0,-0.09057095020380991,-0.0,-0.0
2025-11-12,0.0,0.0,0.0,0.0,0.0,0.0,0.0,0.0,0.0,0.05,0.0,0.0,-0.090584664834354,-0.0,-0.0
2025-11-13,0.0,0.0,0.0,0.0,0.0,0.0,0.0,0.0,0.0,0.05,0.0,0.0,-0.08738538660718112,-0.0,-0.0
2025-11-14,0.0,0.0,0.0,0.0,0.0,0.0,0.0,0.0,0.0,0.05,0.0,0.0,-0.08736119294333575,-0.0,-0.0
2025-11-17,0.0,0.0,0.0,0.0,0.0,0.0,0.0,0.0,0.0,0.05,0.0,0.0,-0.08782207432389474,-0.0,-0.0
2025-11-18,0.0,0.0,0.0,0.0,0.0,0.0,0.0,0.0,0.0,0.05,0.0,0.0,-0.08650537003126686,-0.0,-0.0
2025-11-19,0.0,0.0,0.0,0.0,0.0,0.0,0.0,0.0,0.0,0.05,0.0,0.0,-0.08327991184956918,-0.0,-0.0
2025-11-20,0.0,0.0,0.0,0.0,0.0,0.0,0.0,0.0,0.0,0.05,0.0,0.0,-0.08390518568906019,-0.0,-0.0
2025-11-21,0.0,0.0,0.0,0.0,0.0,0.0,0.0,0.0,0.0,0.05,0.0,0.0,-0.08580034722557811,-0.0,-0.0
2025-11-24,0.0,0.0,0.0,0.0,0.0,0.0,0.0,0.0,0.0,0.05,0.0,0.0,-0.08445834969183645,-0.0,-0.0
2025-11-25,0.0,0.0,0.0,0.0,0.0,0.0,0.0,0.0,0.0,0.05,0.0,0.0,-0.07899233524505037,-0.0,-0.0
2025-11-26,0.0,0.0,0.0,0.0,0.0,0.0,0.0,0.0,0.0,0.05,0.0,0.0,-0.07976296037300316,-0.0,-0.0
2025-11-28,0.0,0.0,0.0,-0.05,0.0,0.0,0.0,0.0,0.0,0.05,0.0,0.0,-0.0037997012729201612,-0.0,-0.0
2025-12-01,0.0,0.0,0.0,-0.05,0.0,0.0,0.0,0.0,0.0,0.05,0.0,0.0,-0.003165897415015828,-0.0,-0.0
2025-12-02,0.0,0.0,0.0,-0.05,0.0,0.0,0.0,0.0,0.0,0.05,0.0,0.0,-0.0028475727084769364,-0.0,-0.0
2025-12-03,0.0,0.0,0.0,0.0,0.0,0.0,0.0,0.0,0.0,0.05,0.0,0.0,-0.07975374697652261,-0.0,-0.0
2025-12-04,0.0,0.0,0.0,0.0,0.0,0.0,0.0,0.0,0.0,0.05,0.0,0.0,-0.07986749921046195,-0.0,-0.0
2025-12-05,0.0,0.0,0.0,0.0,0.0,0.0,0.0,0.0,0.0,0.05,0.0,0.0,-0.05715228766254345,-0.0,-0.0
2025-12-08,0.0,0.0,0.0,0.0,0.0,0.0,0.0,0.0,0.0,0.05,0.0,0.0,-0.05819078860408188,-0.0,-0.0
2025-12-09,0.0,0.0,0.0,0.0,0.0,0.0,0.0,0.0,0.0,0.05,0.0,0.0,-0.05808268652153617,-0.0,-0.0
2025-12-10,0.0,0.0,0.0,0.0,0.0,0.0,0.0,0.0,0.0,0.05,0.0,0.0,-0.057036475787625156,-0.0,-0.0
2025-12-11,0.0,0.05,0.0,0.0,0.0,0.0,0.0,0.0,0.0,0.05,0.0,0.0,-0.08420421794135338,-0.0,-0.0
2025-12-12,0.0,0.0,0.0,0.0,0.0,0.0,0.0,0.0,0.0,0.05,0.0,0.0,-0.06088081720300283,-0.0,-0.0
2025-12-15,0.0,0.0,0.0,0.0,0.0,0.0,0.0,0.0,0.0,0.05,0.0,0.0,-0.06317536047350979,-0.0,-0.0
2025-12-16,0.0,0.0,0.0,0.0,0.0,0.0,0.0,0.0,0.0,0.05,0.0,0.0,-0.06189657862281326,-0.0,-0.0
2025-12-17,0.0,0.0,0.0,0.0,0.0,0.0,0.0,0.0,0.0,0.05,0.0,0.0,-0.058823955484933535,-0.0,-0.0
2025-12-18,0.0,0.0,0.0,0.0,0.0,0.0,0.0,0.0,0.0,0.05,0.0,0.0,-0.05983157236747782,-0.0,-0.0
2025-12-19,0.0,0.0,0.0,0.0,0.0,0.0,0.0,0.0,0.0,0.05,0.0,0.0,-0.05979956726045972,-0.0,-0.0
2025-12-22,0.0,0.0,0.0,0.0,0.0,0.0,0.0,0.0,0.0,0.05,0.0,0.0,-0.0635291313411708,-0.0,-0.0
2025-12-23,0.0,0.0,0.0,0.0,0.0,0.0,0.0,0.0,0.05,0.0,0.0,0.0,-0.06829357088153294,-0.011757069673008267,-0.0
2025-12-24,0.0,0.0,0.0,0.0,0.0,0.0,0.0,0.0,0.05,0.0,0.0,0.0,-0.06957621793038932,-0.010334964883115014,-0.0
2025-12-26,0.0,0.0,0.0,0.0,0.0,0.0,0.0,0.0,0.05,0.0,0.0,0.0,-0.07002091847043006,-0.010742788105979211,-0.0
2025-12-29,0.0,0.0,0.0,0.0,0.0,0.0,0.0,0.0,0.05,0.0,0.0,0.0,-0.0639390252668953,-0.01834677002298935,-0.0
2025-12-30,0.0,0.0,0.0,0.0,0.0,0.0,0.0,0.0,0.05,0.0,0.0,0.0,-0.06182128008803566,-0.020322800552943963,-0.0
2025-12-31,0.0,0.0,0.0,0.0,0.0,0.0,0.0,0.0,0.05,0.0,0.0,0.0,-0.06072857512486023,-0.021541626549722012,-0.0
