date,long_gross,short_gross,stock_gross,hedge_gross,gross_exposure,net_exposure,turnover,net_XLK_exposure,net_SPY_exposure,net_XLF_exposure,net_XLE_exposure,net_XLV_exposure,net_XLI_exposure,portfolio_vol_scale
2022-06-07,0.0,-0.0,0.0,0.0,0.0,0.0,0.0,0.0,0.0,0.0,0.0,0.0,0.0,1.0
2022-06-08,0.0,-0.0,0.0,0.0,0.0,0.0,0.0,0.0,0.0,0.0,0.0,0.0,0.0,1.0
2022-06-09,0.0,-0.0,0.0,0.0,0.0,0.0,0.0,0.0,0.0,0.0,0.0,0.0,0.0,1.0
2022-06-10,0.0,-0.0,0.0,0.0,0.0,0.0,0.0,0.0,0.0,0.0,0.0,0.0,0.0,1.0
2022-06-13,0.0,-0.0,0.0,0.0,0.0,0.0,0.0,0.0,0.0,0.0,0.0,0.0,0.0,1.0
2022-06-14,0.0,-0.0,0.0,0.0,0.0,0.0,0.0,0.0,0.0,0.0,0.0,0.0,0.0,1.0
2022-06-15,0.0,-0.0,0.0,0.0,0.0,0.0,0.0,0.0,0.0,0.0,0.0,0.0,0.0,1.0
2022-06-16,0.0,-0.0,0.0,0.0,0.0,0.0,0.0,0.0,0.0,0.0,0.0,0.0,0.0,1.0
2022-06-17,0.0,-0.0,0.0,0.0,0.0,0.0,0.0,0.0,0.0,0.0,0.0,0.0,0.0,1.0
2022-06-21,0.0,-0.0,0.0,0.0,0.0,0.0,0.0,0.0,0.0,0.0,0.0,0.0,0.0,1.0
2022-06-22,0.0,-0.0,0.0,0.0,0.0,0.0,0.0,0.0,0.0,0.0,0.0,0.0,0.0,1.0
2022-06-23,0.0,-0.0,0.0,0.0,0.0,0.0,0.0,0.0,0.0,0.0,0.0,0.0,0.0,1.0
2022-06-24,0.0,-0.0,0.0,0.0,0.0,0.0,0.0,0.0,0.0,0.0,0.0,0.0,0.0,1.0
2022-06-27,0.0,-0.0,0.0,0.0,0.0,0.0,0.0,0.0,0.0,0.0,0.0,0.0,0.0,1.0
2022-06-28,0.0,-0.0,0.0,0.0,0.0,0.0,0.0,0.0,0.0,0.0,0.0,0.0,0.0,1.0
2022-06-29,0.0,-0.0,0.0,0.0,0.0,0.0,0.0,0.0,0.0,0.0,0.0,0.0,0.0,1.0
2022-06-30,0.0,-0.0,0.0,0.0,0.0,0.0,0.0,0.0,0.0,0.0,0.0,0.0,0.0,1.0
2022-07-01,0.0,-0.0,0.0,0.0,0.0,0.0,0.0,0.0,0.0,0.0,0.0,0.0,0.0,1.0
2022-07-05,0.0,-0.0,0.0,0.0,0.0,0.0,0.0,0.0,0.0,0.0,0.0,0.0,0.0,1.0
2022-07-06,0.0,-0.0,0.0,0.0,0.0,0.0,0.0,0.0,0.0,0.0,0.0,0.0,0.0,1.0
2022-07-07,0.0,-0.0,0.0,0.0,0.0,0.0,0.0,0.0,0.0,0.0,0.0,0.0,0.0,1.0
2022-07-08,0.0,-0.0,0.0,0.0,0.0,0.0,0.0,0.0,0.0,0.0,0.0,0.0,0.0,1.0
2022-07-11,0.0,-0.0,0.0,0.0,0.0,0.0,0.0,0.0,0.0,0.0,0.0,0.0,0.0,1.0
2022-07-12,0.0,-0.0,0.0,0.0,0.0,0.0,0.0,0.0,0.0,0.0,0.0,0.0,0.0,1.0
2022-07-13,0.0,-0.0,0.0,0.0,0.0,0.0,0.0,0.0,0.0,0.0,0.0,0.0,0.0,1.0
2022-07-14,0.0,-0.0,0.0,0.0,0.0,0.0,0.0,0.0,0.0,0.0,0.0,0.0,0.0,1.0
2022-07-15,0.0,-0.0,0.0,0.0,0.0,0.0,0.0,0.0,0.0,0.0,0.0,0.0,0.0,1.0
2022-07-18,0.0,-0.0,0.0,0.0,0.0,0.0,0.0,0.0,0.0,0.0,0.0,0.0,0.0,1.0
2022-07-19,0.0,-0.0,0.0,0.0,0.0,0.0,0.0,0.0,0.0,0.0,0.0,0.0,0.0,1.0
2022-07-20,0.0,-0.0,0.0,0.0,0.0,0.0,0.0,0.0,0.0,0.0,0.0,0.0,0.0,1.0
2022-07-21,0.0,-0.0,0.0,0.0,0.0,0.0,0.0,0.0,0.0,0.0,0.0,0.0,0.0,1.0
2022-07-22,0.0,-0.0,0.0,0.0,0.0,0.0,0.0,0.0,0.0,0.0,0.0,0.0,0.0,1.0
2022-07-25,0.0,-0.0,0.0,0.0,0.0,0.0,0.0,0.0,0.0,0.0,0.0,0.0,0.0,1.0
2022-07-26,0.0,-0.0,0.0,0.0,0.0,0.0,0.0,0.0,0.0,0.0,0.0,0.0,0.0,1.0
2022-07-27,0.0,-0.0,0.0,0.0,0.0,0.0,0.0,0.0,0.0,0.0,0.0,0.0,0.0,1.0
2022-07-28,0.0,-0.0,0.0,0.0,0.0,0.0,0.0,0.0,0.0,0.0,0.0,0.0,0.0,1.0
2022-07-29,0.0,-0.0,0.0,0.0,0.0,0.0,0.0,0.0,0.0,0.0,0.0,0.0,0.0,1.0
2022-08-01,0.0,-0.0,0.0,0.0,0.0,0.0,0.0,0.0,0.0,0.0,0.0,0.0,0.0,1.0
2022-08-02,0.0,-0.0,0.0,0.0,0.0,0.0,0.0,0.0,0.0,0.0,0.0,0.0,0.0,1.0
2022-08-03,0.0,-0.0,0.0,0.0,0.0,0.0,0.0,0.0,0.0,0.0,0.0,0.0,0.0,1.0
2022-08-04,0.0,-0.0,0.0,0.0,0.0,0.0,0.0,0.0,0.0,0.0,0.0,0.0,0.0,1.0
2022-08-05,0.0,-0.0,0.0,0.0,0.0,0.0,0.0,0.0,0.0,0.0,0.0,0.0,0.0,1.0
2022-08-08,0.0,-0.0,0.0,0.0,0.0,0.0,0.0,0.0,0.0,0.0,0.0,0.0,0.0,1.0
2022-08-09,0.0,-0.0,0.0,0.0,0.0,0.0,0.0,0.0,0.0,0.0,0.0,0.0,0.0,1.0
2022-08-10,0.0,-0.0,0.0,0.0,0.0,0.0,0.0,0.0,0.0,0.0,0.0,0.0,0.0,1.0
2022-08-11,0.0,-0.0,0.0,0.0,0.0,0.0,0.0,0.0,0.0,0.0,0.0,0.0,0.0,1.0
2022-08-12,0.0,-0.0,0.0,0.0,0.0,0.0,0.0,0.0,0.0,0.0,0.0,0.0,0.0,1.0
2022-08-15,0.0,-0.0,0.0,0.0,0.0,0.0,0.0,0.0,0.0,0.0,0.0,0.0,0.0,1.0
2022-08-16,0.0,-0.0,0.0,0.0,0.0,0.0,0.0,0.0,0.0,0.0,0.0,0.0,0.0,1.0
2022-08-17,0.0,-0.0,0.0,0.0,0.0,0.0,0.0,0.0,0.0,0.0,0.0,0.0,0.0,1.0
2022-08-18,0.0,-0.0,0.0,0.0,0.0,0.0,0.0,0.0,0.0,0.0,0.0,0.0,0.0,1.0
2022-08-19,0.0,-0.0,0.0,0.0,0.0,0.0,0.0,0.0,0.0,0.0,0.0,0.0,0.0,1.0
2022-08-22,0.0,-0.0,0.0,0.0,0.0,0.0,0.0,0.0,0.0,0.0,0.0,0.0,0.0,1.0
2022-08-23,0.0,-0.0,0.0,0.0,0.0,0.0,0.0,0.0,0.0,0.0,0.0,0.0,0.0,1.0
2022-08-24,0.0,-0.0,0.0,0.0,0.0,0.0,0.0,0.0,0.0,0.0,0.0,0.0,0.0,1.0
2022-08-25,0.0,-0.0,0.0,0.0,0.0,0.0,0.0,0.0,0.0,0.0,0.0,0.0,0.0,1.0
2022-08-26,0.0,-0.0,0.0,0.0,0.0,0.0,0.0,0.0,0.0,0.0,0.0,0.0,0.0,1.0
2022-08-29,0.0,-0.0,0.0,0.0,0.0,0.0,0.0,0.0,0.0,0.0,0.0,0.0,0.0,1.0
2022-08-30,0.0,-0.0,0.0,0.0,0.0,0.0,0.0,0.0,0.0,0.0,0.0,0.0,0.0,1.0
2022-08-31,0.0,-0.0,0.0,0.0,0.0,0.0,0.0,0.0,0.0,0.0,0.0,0.0,0.0,1.0
2022-09-01,0.0,-0.0,0.0,0.0,0.0,0.0,0.0,0.0,0.0,0.0,0.0,0.0,0.0,1.0
2022-09-02,0.03445492683475485,0.060293500764827604,0.03445492683475485,0.060293500764827604,0.09474842759958246,-0.02583857393007275,0.09474842759958246,0.0,0.0,0.0,0.0,0.0,0.0,1.0
2022-09-06,0.03421392362149607,0.059910268385011914,0.03421392362149607,0.059910268385011914,0.09412419200650798,-0.025696344763515844,0.0006242355930744722,0.0,0.0,0.0,0.0,0.0,0.0,1.0
2022-09-07,0.038882357550789615,0.06897504329331389,0.038882357550789615,0.06897504329331389,0.1078574008441035,-0.030092685742524272,0.013733208837595517,0.0,0.0,0.0,0.0,0.0,0.0,1.0
2022-09-08,0.03993359105186245,0.07163412731354299,0.03993359105186245,0.07163412731354299,0.11156771836540544,-0.03170053626168054,0.003710317521301937,0.0,0.0,0.0,0.0,0.0,0.0,1.0
2022-09-09,0.03946300910125655,0.07131985445815743,0.03946300910125655,0.07131985445815743,0.11078286355941398,-0.03185684535690088,0.0007848548059914556,0.0,0.0,0.0,0.0,0.0,0.0,1.0
2022-09-12,0.0,-0.0,0.0,0.0,0.0,0.0,0.11078286355941398,0.0,0.0,0.0,0.0,0.0,0.0,1.0
2022-09-13,0.0,-0.0,0.0,0.0,0.0,0.0,0.0,0.0,0.0,0.0,0.0,0.0,0.0,1.0
2022-09-14,0.0,-0.0,0.0,0.0,0.0,0.0,0.0,0.0,0.0,0.0,0.0,0.0,0.0,1.0
2022-09-15,0.0,-0.0,0.0,0.0,0.0,0.0,0.0,0.0,0.0,0.0,0.0,0.0,0.0,1.0
2022-09-16,0.0,-0.0,0.0,0.0,0.0,0.0,0.0,0.0,0.0,0.0,0.0,0.0,0.0,1.0
2022-09-19,0.14684112577489766,0.1450523992282396,0.15020842875747725,0.14168509624566,0.29189352500313726,0.0017887265466580565,0.29189352500313726,0.0,0.0,0.0,0.0,0.0,0.0,1.0
2022-09-20,0.06874465874465213,0.0714330412831967,0.0714330412831967,0.06874465874465213,0.14017770002784885,-0.002688382538544573,0.15171582497528843,0.0,0.0,0.0,0.0,0.0,0.0,1.0
2022-09-21,0.06875594828740163,0.06980210886884713,0.06980210886884713,0.06875594828740163,0.13855805715624875,-0.0010461605814455072,0.001642221957099066,0.0,0.0,0.0,0.0,0.0,0.0,1.0
2022-09-22,0.06786917214147546,0.06849153539556531,0.06849153539556531,0.06786917214147546,0.13636070753704077,-0.0006223632540898472,0.0021973496192079917,0.0,0.0,0.0,0.0,0.0,0.0,1.0
2022-09-23,0.06972313598617325,0.0684547278455487,0.0684547278455487,0.06972313598617325,0.13817786383172193,0.0012684081406245523,0.0018907713947143995,0.0,0.0,0.0,0.0,0.0,0.0,1.0
2022-09-26,0.07687830575898982,0.07498782158649134,0.07498782158649134,0.07687830575898982,0.15186612734548116,0.0018904841724984855,0.013688263513759222,0.0,0.0,0.0,0.0,0.0,0.0,1.0
2022-09-27,0.0801898708507962,0.07777150999971842,0.07777150999971842,0.0801898708507962,0.15796138085051462,0.002418360851077772,0.006095253505033454,0.0,0.0,0.0,0.0,0.0,0.0,1.0
2022-09-28,0.14214286536748635,0.13457142238189634,0.13944738004908722,0.13726690770029548,0.27671428774938267,0.007571442985590024,0.1191325526027025,0.0,0.0,0.0,0.0,0.0,0.0,1.0
2022-09-29,0.14473543504018238,0.13602145194873014,0.1415475134305191,0.13920937355839338,0.2807568869889125,0.008713983091452236,0.008830800481022999,0.0,0.0,0.0,0.0,0.0,0.0,1.0
2022-09-30,0.14434213470138704,0.13496929918575518,0.14056245226491482,0.1387489816222274,0.2793114338871422,0.00937283551563186,0.0014484322115023152,0.0,0.0,0.0,0.0,0.0,0.0,1.0
2022-10-03,0.06532661574822567,0.06020185523843771,0.06532661574822567,0.06020185523843771,0.12552847098666337,0.005124760509787954,0.15455181094849504,0.0,0.0,0.0,0.0,0.0,0.0,1.0
2022-10-04,0.06521217911375009,0.0599944180450453,0.06521217911375009,0.0599944180450453,0.1252065971587954,0.005217761068704786,0.00032187382786798974,0.0,0.0,0.0,0.0,0.0,0.0,1.0
2022-10-05,0.27977949526477885,0.29142153356136696,0.1940076157137891,0.3771934131123567,0.5712010288261458,-0.011642038296588123,0.4459944316673505,0.0,0.0,0.0,0.0,0.0,0.0,1.0
2022-10-06,0.28267786109915805,0.29558591614192065,0.19467168313877442,0.3835920941023042,0.5782637772410786,-0.01290805504276258,0.016210971990496807,0.0,0.0,0.0,0.0,0.0,0.0,1.0
2022-10-07,0.3232892949804676,0.31655104972986864,0.27876182085778095,0.36107852385255534,0.6398403447103362,0.006738245250598962,0.1855273170474591,0.0,0.0,0.0,0.0,0.0,0.0,1.0
2022-10-10,0.3406263024987635,0.3358915933321446,0.28160018300741557,0.3949177128234926,0.6765178958309082,0.0047347091666189445,0.039222934965903095,0.0,0.0,0.0,0.0,0.0,0.0,1.0
2022-10-11,0.3625656757369095,0.37587921317930645,0.3459640734897984,0.3924808154264175,0.7384448889162158,-0.013313537442396946,0.14482140435423396,0.0,0.0,0.0,0.0,0.0,0.0,1.0
2022-10-12,0.35181684333285324,0.36721185307568016,0.3384446703395644,0.3805840260689691,0.7190286964085335,-0.015395009742826912,0.02559198144334935,0.0,0.0,0.0,0.0,0.0,0.0,1.0
2022-10-13,0.3547173607198667,0.3639834625153856,0.35758373352413453,0.3611170897111178,0.7187008232352523,-0.009266101795519004,0.04567306790387266,0.0,0.0,0.0,0.0,0.0,0.0,1.0
2022-10-14,0.3529930558048876,0.3680164690575969,0.36000034586376356,0.361009178998721,0.7210095248624846,-0.015023413252709332,0.03416531126250576,0.0,0.0,0.0,0.0,0.0,0.0,1.0
2022-10-17,0.3035372967315745,0.31417533275143955,0.3419972999888865,0.2757153294941275,0.617712629483014,-0.010638036019865016,0.7586656774796233,0.0,0.0,0.0,0.0,0.0,0.0,1.0
2022-10-18,0.3678251131246745,0.3716400819806329,0.45301463200295095,0.2864505631023565,0.7394651951053075,-0.003814968855958452,0.2776044799393735,0.0,0.0,0.0,0.0,0.0,0.0,1.0
2022-10-19,0.38509897925783415,0.39980913114990224,0.4793837507390738,0.30552435966866254,0.7849081104077363,-0.014710151892068094,0.07147326824714764,0.0,0.0,0.0,0.0,0.0,0.0,1.0
2022-10-20,0.1953966452952627,0.2214910675478319,0.30935280026633505,0.10753491257675958,0.4168877128430946,-0.026094422252569197,0.4823147993474581,0.0,0.0,0.0,0.0,0.0,0.0,1.0
2022-10-21,0.15095534147921774,0.16329756131913678,0.20395343770047236,0.11029946509788216,0.3142529027983545,-0.012342219839919066,0.1975988621698837,0.0,0.0,0.0,0.0,0.0,0.0,1.0
2022-10-24,0.15593380993483905,0.1625669573580614,0.20427031448066485,0.1142304528122356,0.31850076729290044,-0.006633147423222352,0.0072362052615264315,0.0,0.0,0.0,0.0,0.0,0.0,1.0
2022-10-25,0.143858938620599,0.1559102828317662,0.19776879504820086,0.10200042640416432,0.2997692214523652,-0.012051344211167186,0.018906396034932285,0.0,0.0,0.0,0.0,0.0,0.0,1.0
2022-10-26,0.1441272394809647,0.15635455459017372,0.19875265925268043,0.10172913481845802,0.30048179407113845,-0.01222731510920902,0.0025103595002448353,0.0,0.0,0.0,0.0,0.0,0.0,1.0
2022-10-27,0.1406376340059666,0.1683315610127421,0.17559860030862523,0.13337059471008347,0.3089691950187087,-0.027693927006775504,0.27431556531651624,0.0,0.0,0.0,0.0,0.0,0.0,1.0
2022-10-28,0.14312047375361647,0.17234324318815022,0.1791089414816342,0.1363547754601325,0.31546371694176667,-0.029222769434533752,0.009593154461540895,0.0,0.0,0.0,0.0,0.0,0.0,1.0
2022-10-31,0.22004993255150823,0.2544465275682472,0.26366673858928125,0.2108297215304742,0.47449646011975544,-0.034396595016738994,0.16191427182132928,0.0,0.0,0.0,0.0,0.0,0.0,1.0
2022-11-01,0.2190248605494749,0.2532755676008931,0.2627645063539781,0.20953592179638988,0.472300428150368,-0.03425070705141818,0.005569286275316934,0.0,0.0,0.0,0.0,0.0,0.0,1.0
2022-11-02,0.21935707838728152,0.2536935812461087,0.26306210384725937,0.20998855578613085,0.4730506596333902,-0.03433650285882715,0.0020184997281998077,0.0,0.0,0.0,0.0,0.0,0.0,1.0
2022-11-03,0.20135054078612907,0.22043200761966691,0.2465322244083925,0.1752503239974035,0.421782548405796,-0.019081466833537862,0.10727936508607504,0.0,0.0,0.0,0.0,0.0,0.0,1.0
2022-11-04,0.20610704290590484,0.22355649776350278,0.25181617614305435,0.17784736452635325,0.4296635406694076,-0.017449454857597926,0.015151964066034163,0.0,0.0,0.0,0.0,0.0,0.0,1.0
2022-11-07,0.20500729512113422,0.22333149624510756,0.2495829393266602,0.17875585203958155,0.42833879136624176,-0.018324201123973326,0.010083775986055652,0.0,0.0,0.0,0.0,0.0,0.0,1.0
2022-11-08,0.20289188082461312,0.22222322560782,0.24806829406179903,0.1770468123706341,0.4251151064324331,-0.019331344783206895,0.00393313584672467,0.0,0.0,0.0,0.0,0.0,0.0,1.0
2022-11-09,0.1930802434656609,0.20408347774657623,0.20212630470521392,0.19503741650702325,0.3971637212122372,-0.011003234280915306,0.06487629303263275,0.0,0.0,0.0,0.0,0.0,0.0,1.0
2022-11-10,0.19253270613520668,0.20191927986961275,0.2011775213165878,0.19327446468823162,0.39445198600481945,-0.009386573734406059,0.005355161390074107,0.0,0.0,0.0,0.0,0.0,0.0,1.0
2022-11-11,0.1883509957125758,0.18228679663400343,0.2320910617282815,0.1385467306182977,0.37063779234657923,0.006064199078572384,0.09264357042924137,0.0,0.0,0.0,0.0,0.0,0.0,1.0
2022-11-14,0.14204779833001852,0.13665225835223724,0.18649443594468118,0.09220562073757459,0.2787000566822558,0.0053955399777812635,0.10453069295492425,0.0,0.0,0.0,0.0,0.0,0.0,1.0
2022-11-15,0.05094966328256271,0.035970492374849804,0.08501696244108214,0.0019031932163303747,0.08692015565741251,0.014979170907712905,0.19318892281958455,0.0,0.0,0.0,0.0,0.0,0.0,1.0
2022-11-16,0.05071401323001504,0.035474863152825026,0.08510520753873628,0.0010836688441037828,0.08618887638284006,0.015239150077190011,0.0013790695749760773,0.0,0.0,0.0,0.0,0.0,0.0,1.0
2022-11-17,0.04890163068293651,0.0340459266118783,0.08112528479641003,0.0018222724984047825,0.08294755729481482,0.014855704071058205,0.0047185263966272525,0.0,0.0,0.0,0.0,0.0,0.0,1.0
2022-11-18,0.0488805993011872,0.034547709007251785,0.08023236655094218,0.003195941757496795,0.08342830830843898,0.014332890293935412,0.0022665875045598527,0.0,0.0,0.0,0.0,0.0,0.0,1.0
2022-11-21,0.04888292427161004,0.0349947141944302,0.08028453843312738,0.003593100032912848,0.08387763846604024,0.013888210077179844,0.0004493301576012562,0.0,0.0,0.0,0.0,0.0,0.0,1.0
2022-11-22,0.04767807498552637,0.035330594171681655,0.0794811034974579,0.003527565659750126,0.08300866915720803,0.012347480813844715,0.001671798009660573,0.0,0.0,0.0,0.0,0.0,0.0,1.0
2022-11-23,0.04758798257692565,0.05029347488269089,0.04758798257692565,0.05029347488269089,0.09788145745961654,-0.0027054923057652433,0.07865903014347302,0.0,0.0,0.0,0.0,0.0,0.0,1.0
2022-11-25,0.08515401329747278,0.09013931213094778,0.08515401329747278,0.09013931213094778,0.17529332542842058,-0.0049852988334749965,0.07741186796880403,0.0,0.0,0.0,0.0,0.0,0.0,1.0
2022-11-28,0.08617482516542387,0.09126412341332056,0.08617482516542387,0.09126412341332056,0.17743894857874443,-0.005089298247896695,0.0021456231503238637,0.0,0.0,0.0,0.0,0.0,0.0,1.0
2022-11-29,0.08726326757492242,0.09242824051828823,0.08726326757492242,0.09242824051828823,0.17969150809321066,-0.005164972943365806,0.002252559514466221,0.0,0.0,0.0,0.0,0.0,0.0,1.0
2022-11-30,0.0,-0.0,0.0,0.0,0.0,0.0,0.0,0.0,0.0,0.0,0.0,0.0,0.0,1.0
2022-12-01,0.0,-0.0,0.0,0.0,0.0,0.0,0.0,0.0,0.0,0.0,0.0,0.0,0.0,1.0
2022-12-02,0.0,-0.0,0.0,0.0,0.0,0.0,0.0,0.0,0.0,0.0,0.0,0.0,0.0,1.0
2022-12-05,0.1564292038188906,0.16730417098808126,0.10146193793878318,0.2222714368681887,0.3237333748069719,-0.010874967169190647,0.32373337480697184,0.0,0.0,0.0,0.0,0.0,0.0,1.0
2022-12-06,0.15657080825920872,0.16868514621451383,0.09863685550804646,0.22661909896567609,0.3252559544737226,-0.012114337955305116,0.007172744528224105,0.0,0.0,0.0,0.0,0.0,0.0,1.0
2022-12-07,0.10801588748423929,0.11847661147229871,0.07192834692767773,0.15456415202886026,0.226492498956538,-0.010460723988059417,0.09876345551718455,0.0,0.0,0.0,0.0,0.0,0.0,1.0
2022-12-08,0.10589920363550534,0.11732266347911947,0.07153655473279673,0.15168531238182809,0.22322186711462483,-0.011423459843614134,0.003270631841913188,0.0,0.0,0.0,0.0,0.0,0.0,1.0
2022-12-09,0.1092055401096717,0.1205883586341278,0.07209944934467016,0.15769444939912933,0.2297938987437995,-0.011382818524456093,0.0065720316291746905,0.0,0.0,0.0,0.0,0.0,0.0,1.0
2022-12-12,0.1038097625035948,0.1153683995621103,0.07163672126861668,0.14754144079708842,0.21917816206570512,-0.011558637058515495,0.0106157366780944,0.0,0.0,0.0,0.0,0.0,0.0,1.0
2022-12-13,0.10440930807135859,0.11586310176392574,0.07189897903853762,0.1483734307967467,0.22027240983528432,-0.011453793692567146,0.0010942477695792263,0.0,0.0,0.0,0.0,0.0,0.0,1.0
2022-12-14,0.10524095128994813,0.11637635046568255,0.07196842464576708,0.1496488771098636,0.22161730175563069,-0.011135399175734417,0.0013448919203463625,0.0,0.0,0.0,0.0,0.0,0.0,1.0
2022-12-15,0.2527800948271557,0.2569797545497524,0.22064157818578523,0.2891182711911229,0.5097598493769081,-0.004199659722596699,0.29813106407937834,0.0,0.0,0.0,0.0,0.0,0.0,1.0
2022-12-16,0.25088624839034346,0.2546253226920963,0.2184967549048331,0.2870148161776066,0.5055115710824397,-0.003739074301752854,0.006366018483694835,0.0,0.0,0.0,0.0,0.0,0.0,1.0
2022-12-19,0.10301872670635628,0.11286133212030602,0.06802313868254832,0.147856920144114,0.21588005882666234,-0.00984260541394974,0.29920511839039465,0.0,0.0,0.0,0.0,0.0,0.0,1.0
2022-12-20,0.09013914176192768,0.0975701707818508,0.05966050294020432,0.12804880960357418,0.18770931254377848,-0.007431029019923124,0.028170746282883827,0.0,0.0,0.0,0.0,0.0,0.0,1.0
2022-12-21,0.09012193351777714,0.09755756153400985,0.0596498037586138,0.12802969129317318,0.187679495051787,-0.007435628016232709,2.981749199150105e-05,0.0,0.0,0.0,0.0,0.0,0.0,1.0
2022-12-22,0.0,-0.0,0.0,0.0,0.0,0.0,0.187679495051787,0.0,0.0,0.0,0.0,0.0,0.0,1.0
2022-12-23,0.0,-0.0,0.0,0.0,0.0,0.0,0.0,0.0,0.0,0.0,0.0,0.0,0.0,1.0
2022-12-27,0.0,-0.0,0.0,0.0,0.0,0.0,0.0,0.0,0.0,0.0,0.0,0.0,0.0,1.0
2022-12-28,0.0,-0.0,0.0,0.0,0.0,0.0,0.0,0.0,0.0,0.0,0.0,0.0,0.0,1.0
2022-12-29,0.0,-0.0,0.0,0.0,0.0,0.0,0.0,0.0,0.0,0.0,0.0,0.0,0.0,1.0
2022-12-30,0.0,-0.0,0.0,0.0,0.0,0.0,0.0,0.0,0.0,0.0,0.0,0.0,0.0,1.0
2023-01-03,0.0,-0.0,0.0,0.0,0.0,0.0,0.0,0.0,0.0,0.0,0.0,0.0,0.0,1.0
2023-01-04,0.0,-0.0,0.0,0.0,0.0,0.0,0.0,0.0,0.0,0.0,0.0,0.0,0.0,1.0
2023-01-05,0.0,-0.0,0.0,0.0,0.0,0.0,0.0,0.0,0.0,0.0,0.0,0.0,0.0,1.0
2023-01-06,0.0,-0.0,0.0,0.0,0.0,0.0,0.0,0.0,0.0,0.0,0.0,0.0,0.0,1.0
2023-01-09,0.0,-0.0,0.0,0.0,0.0,0.0,0.0,0.0,0.0,0.0,0.0,0.0,0.0,1.0
2023-01-10,0.0,-0.0,0.0,0.0,0.0,0.0,0.0,0.0,0.0,0.0,0.0,0.0,0.0,1.0
2023-01-11,0.0,-0.0,0.0,0.0,0.0,0.0,0.0,0.0,0.0,0.0,0.0,0.0,0.0,1.0
2023-01-12,0.0,-0.0,0.0,0.0,0.0,0.0,0.0,0.0,0.0,0.0,0.0,0.0,0.0,1.0
2023-01-13,0.0,-0.0,0.0,0.0,0.0,0.0,0.0,0.0,0.0,0.0,0.0,0.0,0.0,1.0
2023-01-17,0.0,-0.0,0.0,0.0,0.0,0.0,0.0,0.0,0.0,0.0,0.0,0.0,0.0,1.0
2023-01-18,0.0,-0.0,0.0,0.0,0.0,0.0,0.0,0.0,0.0,0.0,0.0,0.0,0.0,1.0
2023-01-19,0.0,-0.0,0.0,0.0,0.0,0.0,0.0,0.0,0.0,0.0,0.0,0.0,0.0,1.0
2023-01-20,0.0,-0.0,0.0,0.0,0.0,0.0,0.0,0.0,0.0,0.0,0.0,0.0,0.0,1.0
2023-01-23,0.0,-0.0,0.0,0.0,0.0,0.0,0.0,0.0,0.0,0.0,0.0,0.0,0.0,1.0
2023-01-24,0.0,-0.0,0.0,0.0,0.0,0.0,0.0,0.0,0.0,0.0,0.0,0.0,0.0,1.0
2023-01-25,0.0,-0.0,0.0,0.0,0.0,0.0,0.0,0.0,0.0,0.0,0.0,0.0,0.0,1.0
2023-01-26,0.0,-0.0,0.0,0.0,0.0,0.0,0.0,0.0,0.0,0.0,0.0,0.0,0.0,1.0
2023-01-27,0.0,-0.0,0.0,0.0,0.0,0.0,0.0,0.0,0.0,0.0,0.0,0.0,0.0,1.0
2023-01-30,0.0,-0.0,0.0,0.0,0.0,0.0,0.0,0.0,0.0,0.0,0.0,0.0,0.0,1.0
2023-01-31,0.0,-0.0,0.0,0.0,0.0,0.0,0.0,0.0,0.0,0.0,0.0,0.0,0.0,1.0
2023-02-01,0.07966030271959679,0.07550867291463272,0.07550867291463272,0.07966030271959679,0.1551689756342295,0.0041516298049640715,0.1551689756342295,0.0,0.0,0.0,0.0,0.0,0.0,1.0
2023-02-02,0.09151825217557917,0.08916784279980336,0.08916784279980336,0.09151825217557917,0.18068609497538252,0.002350409375775811,0.025517119341153027,0.0,0.0,0.0,0.0,0.0,0.0,1.0
2023-02-03,0.09324640407339786,0.08864401342979744,0.08864401342979744,0.09324640407339786,0.1818904175031953,0.004602390643600421,0.00225198126782461,0.0,0.0,0.0,0.0,0.0,0.0,1.0
2023-02-06,0.07247255635644448,0.0694862151368908,0.0694862151368908,0.07247255635644448,0.14195877149333527,0.0029863412195536843,0.03993164600986003,0.0,0.0,0.0,0.0,0.0,0.0,1.0
2023-02-07,0.07172965792559603,0.06846784904963715,0.06846784904963715,0.07172965792559603,0.1401975069752332,0.00326180887595888,0.0017612645181020875,0.0,0.0,0.0,0.0,0.0,0.0,1.0
2023-02-08,0.07096733876517701,0.06861173148952349,0.06861173148952349,0.07096733876517701,0.1395790702547005,0.0023556072756535235,0.0009062016003053563,0.0,0.0,0.0,0.0,0.0,0.0,1.0
2023-02-09,0.06903547643632006,0.06781569897186734,0.06781569897186734,0.06903547643632006,0.13685117540818742,0.0012197774644527176,0.0027278948465130903,0.0,0.0,0.0,0.0,0.0,0.0,1.0
2023-02-10,0.0,-0.0,0.0,0.0,0.0,0.0,0.13685117540818742,0.0,0.0,0.0,0.0,0.0,0.0,1.0
2023-02-13,0.0,-0.0,0.0,0.0,0.0,0.0,0.0,0.0,0.0,0.0,0.0,0.0,0.0,1.0
2023-02-14,0.025959676498871573,0.07951239992295173,0.07951239992295173,0.025959676498871573,0.1054720764218233,-0.053552723424080156,0.1054720764218233,0.0,0.0,0.0,0.0,0.0,0.0,1.0
2023-02-15,0.0,-0.0,0.0,0.0,0.0,0.0,0.1054720764218233,0.0,0.0,0.0,0.0,0.0,0.0,1.0
2023-02-16,0.0,-0.0,0.0,0.0,0.0,0.0,0.0,0.0,0.0,0.0,0.0,0.0,0.0,1.0
2023-02-17,0.0,-0.0,0.0,0.0,0.0,0.0,0.0,0.0,0.0,0.0,0.0,0.0,0.0,1.0
2023-02-21,0.0,-0.0,0.0,0.0,0.0,0.0,0.0,0.0,0.0,0.0,0.0,0.0,0.0,1.0
2023-02-22,0.0,-0.0,0.0,0.0,0.0,0.0,0.0,0.0,0.0,0.0,0.0,0.0,0.0,1.0
2023-02-23,0.0,-0.0,0.0,0.0,0.0,0.0,0.0,0.0,0.0,0.0,0.0,0.0,0.0,1.0
2023-02-24,0.0,-0.0,0.0,0.0,0.0,0.0,0.0,0.0,0.0,0.0,0.0,0.0,0.0,1.0
2023-02-27,0.0591692801275583,0.06426961083509586,0.05406688718167993,0.06937200378097423,0.12343889096265416,-0.0051003307075375565,0.12343889096265416,0.0,0.0,0.0,0.0,0.0,0.0,1.0
2023-02-28,0.10708174670794793,0.10321275640313247,0.09386621768329911,0.11642828542778128,0.2102945031110804,0.0038689903048154464,0.08887808344289577,0.0,0.0,0.0,0.0,0.0,0.0,1.0
2023-03-01,0.10711020922401147,0.10258798104189859,0.09306910928549664,0.11662908098041343,0.20969819026591008,0.0045222281821128835,0.004764430500003571,0.0,0.0,0.0,0.0,0.0,0.0,1.0
2023-03-02,0.059262959278407135,0.0631698883696711,0.05239473997822644,0.0700381076698518,0.12243284764807824,-0.003906929091263972,0.09075425929873548,0.0,0.0,0.0,0.0,0.0,0.0,1.0
2023-03-03,0.0,-0.0,0.0,0.0,0.0,0.0,0.12243284764807824,0.0,0.0,0.0,0.0,0.0,0.0,1.0
2023-03-06,0.0,-0.0,0.0,0.0,0.0,0.0,0.0,0.0,0.0,0.0,0.0,0.0,0.0,1.0
2023-03-07,0.0,-0.0,0.0,0.0,0.0,0.0,0.0,0.0,0.0,0.0,0.0,0.0,0.0,1.0
2023-03-08,0.0,-0.0,0.0,0.0,0.0,0.0,0.0,0.0,0.0,0.0,0.0,0.0,0.0,1.0
2023-03-09,0.0,-0.0,0.0,0.0,0.0,0.0,0.0,0.0,0.0,0.0,0.0,0.0,0.0,1.0
2023-03-10,0.0,-0.0,0.0,0.0,0.0,0.0,0.0,0.0,0.0,0.0,0.0,0.0,0.0,1.0
2023-03-13,0.0,-0.0,0.0,0.0,0.0,0.0,0.0,0.0,0.0,0.0,0.0,0.0,0.0,1.0
2023-03-14,0.0,-0.0,0.0,0.0,0.0,0.0,0.0,0.0,0.0,0.0,0.0,0.0,0.0,1.0
2023-03-15,0.0,-0.0,0.0,0.0,0.0,0.0,0.0,0.0,0.0,0.0,0.0,0.0,0.0,1.0
2023-03-16,0.05761326383347831,0.0652049413868031,0.05417338083800042,0.06864482438228099,0.12281820522028142,-0.007591677553324794,0.12281820522028142,0.0,0.0,0.0,0.0,0.0,0.0,1.0
2023-03-17,0.051742168293488426,0.06253685475657611,0.051742168293488426,0.06253685475657611,0.11427902305006454,-0.010794686463087684,0.009309131905880098,0.0,0.0,0.0,0.0,0.0,0.0,1.0
2023-03-20,0.05295158681648901,0.06435004687271362,0.05295158681648901,0.06435004687271362,0.11730163368920263,-0.0113984600562246,0.003022610639138084,0.0,0.0,0.0,0.0,0.0,0.0,1.0
2023-03-21,0.0,-0.0,0.0,0.0,0.0,0.0,0.11730163368920263,0.0,0.0,0.0,0.0,0.0,0.0,1.0
2023-03-22,0.0,-0.0,0.0,0.0,0.0,0.0,0.0,0.0,0.0,0.0,0.0,0.0,0.0,1.0
2023-03-23,0.0,-0.0,0.0,0.0,0.0,0.0,0.0,0.0,0.0,0.0,0.0,0.0,0.0,1.0
2023-03-24,0.0,-0.0,0.0,0.0,0.0,0.0,0.0,0.0,0.0,0.0,0.0,0.0,0.0,1.0
2023-03-27,0.0,-0.0,0.0,0.0,0.0,0.0,0.0,0.0,0.0,0.0,0.0,0.0,0.0,1.0
2023-03-28,0.0,-0.0,0.0,0.0,0.0,0.0,0.0,0.0,0.0,0.0,0.0,0.0,0.0,1.0
2023-03-29,0.0,-0.0,0.0,0.0,0.0,0.0,0.0,0.0,0.0,0.0,0.0,0.0,0.0,1.0
2023-03-30,0.0,-0.0,0.0,0.0,0.0,0.0,0.0,0.0,0.0,0.0,0.0,0.0,0.0,1.0
2023-03-31,0.0,-0.0,0.0,0.0,0.0,0.0,0.0,0.0,0.0,0.0,0.0,0.0,0.0,1.0
2023-04-03,0.0,-0.0,0.0,0.0,0.0,0.0,0.0,0.0,0.0,0.0,0.0,0.0,0.0,1.0
2023-04-04,0.0,-0.0,0.0,0.0,0.0,0.0,0.0,0.0,0.0,0.0,0.0,0.0,0.0,1.0
2023-04-05,0.0,-0.0,0.0,0.0,0.0,0.0,0.0,0.0,0.0,0.0,0.0,0.0,0.0,1.0
2023-04-06,0.0,-0.0,0.0,0.0,0.0,0.0,0.0,0.0,0.0,0.0,0.0,0.0,0.0,1.0
2023-04-10,0.0,-0.0,0.0,0.0,0.0,0.0,0.0,0.0,0.0,0.0,0.0,0.0,0.0,1.0
2023-04-11,0.0,-0.0,0.0,0.0,0.0,0.0,0.0,0.0,0.0,0.0,0.0,0.0,0.0,1.0
2023-04-12,0.0,-0.0,0.0,0.0,0.0,0.0,0.0,0.0,0.0,0.0,0.0,0.0,0.0,1.0
2023-04-13,0.0,-0.0,0.0,0.0,0.0,0.0,0.0,0.0,0.0,0.0,0.0,0.0,0.0,1.0
2023-04-14,0.0,-0.0,0.0,0.0,0.0,0.0,0.0,0.0,0.0,0.0,0.0,0.0,0.0,1.0
2023-04-17,0.0,-0.0,0.0,0.0,0.0,0.0,0.0,0.0,0.0,0.0,0.0,0.0,0.0,1.0
2023-04-18,0.0,-0.0,0.0,0.0,0.0,0.0,0.0,0.0,0.0,0.0,0.0,0.0,0.0,1.0
2023-04-19,0.09864738196774829,0.09432675341380134,0.06446031292039998,0.12851382246114965,0.19297413538154962,0.004320628553946951,0.19297413538154962,0.0,0.0,0.0,0.0,0.0,0.0,1.0
2023-04-20,0.0,-0.0,0.0,0.0,0.0,0.0,0.19297413538154962,0.0,0.0,0.0,0.0,0.0,0.0,1.0
2023-04-21,0.0,-0.0,0.0,0.0,0.0,0.0,0.0,0.0,0.0,0.0,0.0,0.0,0.0,1.0
2023-04-24,0.0,-0.0,0.0,0.0,0.0,0.0,0.0,0.0,0.0,0.0,0.0,0.0,0.0,1.0
2023-04-25,0.0,-0.0,0.0,0.0,0.0,0.0,0.0,0.0,0.0,0.0,0.0,0.0,0.0,1.0
2023-04-26,0.0,-0.0,0.0,0.0,0.0,0.0,0.0,0.0,0.0,0.0,0.0,0.0,0.0,1.0
2023-04-27,0.10490424438758053,0.09396698704302583,0.09098964214952873,0.10788158928107763,0.19887123143060637,0.010937257344554696,0.19887123143060637,0.0,0.0,0.0,0.0,0.0,0.0,1.0
2023-04-28,0.1055196427407874,0.09257945538693355,0.09124303159422409,0.10685606653349686,0.19809909812772095,0.012940187353853841,0.0029299451048871855,0.0,0.0,0.0,0.0,0.0,0.0,1.0
2023-05-01,0.10553944619102135,0.09223336801112206,0.09045938841725212,0.10731342578489128,0.1977728142021434,0.013306078179899275,0.001241002428366389,0.0,0.0,0.0,0.0,0.0,0.0,1.0
2023-05-02,0.03505234217709432,0.03594308722672853,0.03505234217709432,0.03594308722672853,0.07099542940382285,-0.0008907450496342117,0.12677738479832057,0.0,0.0,0.0,0.0,0.0,0.0,1.0
2023-05-03,0.03489382452832145,0.0366472843522224,0.03489382452832145,0.0366472843522224,0.07154110888054385,-0.0017534598239009463,0.0008627147742667346,0.0,0.0,0.0,0.0,0.0,0.0,1.0
2023-05-04,0.03496648551399702,0.036720396358649876,0.03496648551399702,0.036720396358649876,0.0716868818726469,-0.001753910844652859,0.00014577299210304095,0.0,0.0,0.0,0.0,0.0,0.0,1.0
2023-05-05,0.035087536129717094,0.03708206483386332,0.035087536129717094,0.03708206483386332,0.07216960096358041,-0.001994528704146223,0.00048271909093351717,0.0,0.0,0.0,0.0,0.0,0.0,1.0
2023-05-08,0.035058743732011496,0.03685478217853809,0.035058743732011496,0.03685478217853809,0.07191352591054959,-0.0017960384465265933,0.00025607505303082423,0.0,0.0,0.0,0.0,0.0,0.0,1.0
2023-05-09,0.07055369811139348,0.06174606055421157,0.07055369811139348,0.06174606055421157,0.13229975866560506,0.008807637557181898,0.06038623275505547,0.0,0.0,0.0,0.0,0.0,0.0,1.0
2023-05-10,0.07069163414381707,0.06056087679136315,0.07069163414381707,0.06056087679136315,0.13125251093518023,0.010130757352453924,0.0019407614018149173,0.0,0.0,0.0,0.0,0.0,0.0,1.0
2023-05-11,0.07121373274470616,0.06036914608670868,0.07121373274470616,0.06036914608670868,0.13158287883141484,0.01084458665799748,0.001186083625225036,0.0,0.0,0.0,0.0,0.0,0.0,1.0
2023-05-12,0.07111161219517141,0.06008844287973401,0.07111161219517141,0.06008844287973401,0.13120005507490543,0.011023169315437405,0.0006827076173483299,0.0,0.0,0.0,0.0,0.0,0.0,1.0
2023-05-15,0.07136934758033446,0.060211711216682486,0.07136934758033446,0.060211711216682486,0.13158105879701695,0.011157636363651975,0.0017415766426916723,0.0,0.0,0.0,0.0,0.0,0.0,1.0
2023-05-16,0.07132718625947543,0.060076821927006446,0.07132718625947543,0.060076821927006446,0.13140400818648187,0.011250364332468989,0.0004948795002360264,0.0,0.0,0.0,0.0,0.0,0.0,1.0
2023-05-17,0.07094521124842368,0.06113405678813867,0.07094521124842368,0.06113405678813867,0.13207926803656234,0.009811154460285007,0.0014392098721839643,0.0,0.0,0.0,0.0,0.0,0.0,1.0
2023-05-18,0.07111783033190419,0.0638608787080857,0.07111783033190419,0.0638608787080857,0.13497870903998987,0.0072569516238184875,0.0030335247152301313,0.0,0.0,0.0,0.0,0.0,0.0,1.0
2023-05-19,0.07114611373338706,0.06313838131577008,0.07114611373338706,0.06313838131577008,0.13428449504915713,0.008007732417616965,0.0007973228001367585,0.0,0.0,0.0,0.0,0.0,0.0,1.0
2023-05-22,0.07071675098759488,0.0626422735193479,0.07071675098759488,0.0626422735193479,0.13335902450694276,0.008074477468246986,0.0009254705422143857,0.0,0.0,0.0,0.0,0.0,0.0,1.0
2023-05-23,0.07073939131785068,0.06473938793479944,0.07073939131785068,0.06473938793479944,0.13547877925265012,0.006000003383051233,0.002431359315723816,0.0,0.0,0.0,0.0,0.0,0.0,1.0
2023-05-24,0.03554702912672009,0.02759313418151058,0.03554702912672009,0.02759313418151058,0.06314016330823066,0.007953894945209507,0.07676942146363427,0.0,0.0,0.0,0.0,0.0,0.0,1.0
2023-05-25,0.0,-0.0,0.0,0.0,0.0,0.0,0.0,0.0,0.0,0.0,0.0,0.0,0.0,1.0
2023-05-26,0.0411083449158793,0.01974944515640333,0.01974944515640333,0.0411083449158793,0.06085779007228263,0.021358899759475972,0.06085779007228263,0.0,0.0,0.0,0.0,0.0,0.0,1.0
2023-05-30,0.0,-0.0,0.0,0.0,0.0,0.0,0.06085779007228263,0.0,0.0,0.0,0.0,0.0,0.0,1.0
2023-05-31,0.03972844499432566,0.033251876807287965,0.033251876807287965,0.03972844499432566,0.07298032180161362,0.006476568187037693,0.07298032180161362,0.0,0.0,0.0,0.0,0.0,0.0,1.0
2023-06-01,0.04313730822091967,0.03660732783593591,0.03660732783593591,0.04313730822091967,0.07974463605685558,0.006529980384983758,0.00676431425524196,0.0,0.0,0.0,0.0,0.0,0.0,1.0
2023-06-02,0.037887760067963024,0.03287186853377941,0.03287186853377941,0.037887760067963024,0.07075962860174242,0.0050158915341836155,0.008985007455113152,0.0,0.0,0.0,0.0,0.0,0.0,1.0
2023-06-05,0.03788383606936177,0.03271048426820626,0.03271048426820626,0.03788383606936177,0.07059432033756803,0.00517335180115551,0.00016530826417440053,0.0,0.0,0.0,0.0,0.0,0.0,1.0
2023-06-06,0.0,-0.0,0.0,0.0,0.0,0.0,0.07059432033756803,0.0,0.0,0.0,0.0,0.0,0.0,1.0
2023-06-07,0.0,-0.0,0.0,0.0,0.0,0.0,0.0,0.0,0.0,0.0,0.0,0.0,0.0,1.0
2023-06-08,0.0,-0.0,0.0,0.0,0.0,0.0,0.0,0.0,0.0,0.0,0.0,0.0,0.0,1.0
2023-06-09,0.0,-0.0,0.0,0.0,0.0,0.0,0.0,0.0,0.0,0.0,0.0,0.0,0.0,1.0
2023-06-12,0.0,-0.0,0.0,0.0,0.0,0.0,0.0,0.0,0.0,0.0,0.0,0.0,0.0,1.0
2023-06-13,0.0,-0.0,0.0,0.0,0.0,0.0,0.0,0.0,0.0,0.0,0.0,0.0,0.0,1.0
2023-06-14,0.0,-0.0,0.0,0.0,0.0,0.0,0.0,0.0,0.0,0.0,0.0,0.0,0.0,1.0
2023-06-15,0.0,-0.0,0.0,0.0,0.0,0.0,0.0,0.0,0.0,0.0,0.0,0.0,0.0,1.0
2023-06-16,0.0,-0.0,0.0,0.0,0.0,0.0,0.0,0.0,0.0,0.0,0.0,0.0,0.0,1.0
2023-06-20,0.09700036389273303,0.12333756316521115,0.21022111222071244,0.01011681483723173,0.22033792705794417,-0.026337199272478115,0.22033792705794417,0.0,0.0,0.0,0.0,0.0,0.0,1.0
2023-06-21,0.0,-0.0,0.0,0.0,0.0,0.0,0.22033792705794417,0.0,0.0,0.0,0.0,0.0,0.0,1.0
2023-06-22,0.0,-0.0,0.0,0.0,0.0,0.0,0.0,0.0,0.0,0.0,0.0,0.0,0.0,1.0
2023-06-23,0.0,-0.0,0.0,0.0,0.0,0.0,0.0,0.0,0.0,0.0,0.0,0.0,0.0,1.0
2023-06-26,0.0,-0.0,0.0,0.0,0.0,0.0,0.0,0.0,0.0,0.0,0.0,0.0,0.0,1.0
2023-06-27,0.0,-0.0,0.0,0.0,0.0,0.0,0.0,0.0,0.0,0.0,0.0,0.0,0.0,1.0
2023-06-28,0.0,-0.0,0.0,0.0,0.0,0.0,0.0,0.0,0.0,0.0,0.0,0.0,0.0,1.0
2023-06-29,0.0,-0.0,0.0,0.0,0.0,0.0,0.0,0.0,0.0,0.0,0.0,0.0,0.0,1.0
2023-06-30,0.0,-0.0,0.0,0.0,0.0,0.0,0.0,0.0,0.0,0.0,0.0,0.0,0.0,1.0
2023-07-03,0.0,-0.0,0.0,0.0,0.0,0.0,0.0,0.0,0.0,0.0,0.0,0.0,0.0,1.0
2023-07-05,0.0,-0.0,0.0,0.0,0.0,0.0,0.0,0.0,0.0,0.0,0.0,0.0,0.0,1.0
2023-07-06,0.0,-0.0,0.0,0.0,0.0,0.0,0.0,0.0,0.0,0.0,0.0,0.0,0.0,1.0
2023-07-07,0.0,-0.0,0.0,0.0,0.0,0.0,0.0,0.0,0.0,0.0,0.0,0.0,0.0,1.0
2023-07-10,0.0,-0.0,0.0,0.0,0.0,0.0,0.0,0.0,0.0,0.0,0.0,0.0,0.0,1.0
2023-07-11,0.0,-0.0,0.0,0.0,0.0,0.0,0.0,0.0,0.0,0.0,0.0,0.0,0.0,1.0
2023-07-12,0.0,-0.0,0.0,0.0,0.0,0.0,0.0,0.0,0.0,0.0,0.0,0.0,0.0,1.0
2023-07-13,0.0,-0.0,0.0,0.0,0.0,0.0,0.0,0.0,0.0,0.0,0.0,0.0,0.0,1.0
2023-07-14,0.0,-0.0,0.0,0.0,0.0,0.0,0.0,0.0,0.0,0.0,0.0,0.0,0.0,1.0
2023-07-17,0.08869356407470436,0.09480470751911735,0.06300198938270737,0.12049628221111433,0.1834982715938217,-0.006111143444412992,0.1834982715938217,0.0,0.0,0.0,0.0,0.0,0.0,1.0
2023-07-18,0.0,-0.0,0.0,0.0,0.0,0.0,0.1834982715938217,0.0,0.0,0.0,0.0,0.0,0.0,1.0
2023-07-19,0.0,-0.0,0.0,0.0,0.0,0.0,0.0,0.0,0.0,0.0,0.0,0.0,0.0,1.0
2023-07-20,0.07605280050796666,0.05563520758574997,0.05563520758574997,0.07605280050796666,0.1316880080937166,0.02041759292221669,0.1316880080937166,0.0,0.0,0.0,0.0,0.0,0.0,1.0
2023-07-21,0.1304890264750323,0.11841224282807722,0.11841224282807722,0.1304890264750323,0.24890126930310952,0.012076783646955074,0.11744333627538134,0.0,0.0,0.0,0.0,0.0,0.0,1.0
2023-07-24,0.2301355321304906,0.23951693907983973,0.23951693907983973,0.2301355321304906,0.4696524712103303,-0.009381406949349122,0.2207512019072208,0.0,0.0,0.0,0.0,0.0,0.0,1.0
2023-07-25,0.13698478940677405,0.11962901327006908,0.11962901327006908,0.13698478940677405,0.25661380267684314,0.017355776136704956,0.2168309492513512,0.0,0.0,0.0,0.0,0.0,0.0,1.0
2023-07-26,0.1381336815507273,0.1198555122393972,0.1198555122393972,0.1381336815507273,0.2579891937901245,0.01827816931133011,0.004976618178864191,0.0,0.0,0.0,0.0,0.0,0.0,1.0
2023-07-27,0.17029012427122275,0.1528464306126462,0.1528464306126462,0.17029012427122275,0.32313655488386894,0.017443693658576585,0.07721266350483508,0.0,0.0,0.0,0.0,0.0,0.0,1.0
2023-07-28,0.1654269363661895,0.15022047490261312,0.15022047490261312,0.1654269363661895,0.3156474112688026,0.015206461463576355,0.0077622185322497594,0.0,0.0,0.0,0.0,0.0,0.0,1.0
2023-07-31,0.05739487929849438,0.06159112707816881,0.06159112707816881,0.05739487929849438,0.11898600637666318,-0.004196247779674429,0.19909293526045374,0.0,0.0,0.0,0.0,0.0,0.0,1.0
2023-08-01,0.05220104910941161,0.05126165145973926,0.05126165145973926,0.05220104910941161,0.10346270056915087,0.0009393976496723522,0.015523305807512315,0.0,0.0,0.0,0.0,0.0,0.0,1.0
2023-08-02,0.05085921560256807,0.050716392585743265,0.050716392585743265,0.05085921560256807,0.10157560818831134,0.0001428230168248057,0.0018870923808395335,0.0,0.0,0.0,0.0,0.0,0.0,1.0
2023-08-03,0.051982497543773626,0.050770300956742676,0.050770300956742676,0.051982497543773626,0.1027527985005163,0.0012121965870309503,0.0011771903122049648,0.0,0.0,0.0,0.0,0.0,0.0,1.0
2023-08-04,0.05098906644940079,0.05059853241676557,0.05059853241676557,0.05098906644940079,0.10158759886616636,0.00039053403263521885,0.0011651996343499463,0.0,0.0,0.0,0.0,0.0,0.0,1.0
2023-08-07,0.05119732607678306,0.05060561102336957,0.05060561102336957,0.05119732607678306,0.10180293710015263,0.0005917150534134885,0.00021533823398627722,0.0,0.0,0.0,0.0,0.0,0.0,1.0
2023-08-08,0.05323777211168828,0.05040410638197717,0.05040410638197717,0.05323777211168828,0.10364187849366545,0.00283366572971111,0.0022419506762976216,0.0,0.0,0.0,0.0,0.0,0.0,1.0
2023-08-09,0.05166419338895867,0.05004142992568557,0.05004142992568557,0.05166419338895867,0.10170562331464424,0.0016227634632730997,0.0019362551790212124,0.0,0.0,0.0,0.0,0.0,0.0,1.0
2023-08-10,0.051663392924907986,0.050049972969368674,0.050049972969368674,0.051663392924907986,0.10171336589427665,0.0016134199555393122,9.343507733787504e-06,0.0,0.0,0.0,0.0,0.0,0.0,1.0
2023-08-11,0.05115525799145032,0.04970070447680049,0.04970070447680049,0.05115525799145032,0.10085596246825082,0.001454553514649827,0.0008574034260258462,0.0,0.0,0.0,0.0,0.0,0.0,1.0
2023-08-14,0.0525801748088099,0.049885385507933123,0.049885385507933123,0.0525801748088099,0.10246556031674303,0.002694789300876778,0.0016095978484922113,0.0,0.0,0.0,0.0,0.0,0.0,1.0
2023-08-15,0.05202181664444747,0.04956241380446377,0.04956241380446377,0.05202181664444747,0.10158423044891124,0.0024594028399837,0.0008813298678317788,0.0,0.0,0.0,0.0,0.0,0.0,1.0
2023-08-16,0.0,-0.0,0.0,0.0,0.0,0.0,0.10158423044891124,0.0,0.0,0.0,0.0,0.0,0.0,1.0
2023-08-17,0.0,-0.0,0.0,0.0,0.0,0.0,0.0,0.0,0.0,0.0,0.0,0.0,0.0,1.0
2023-08-18,0.0,-0.0,0.0,0.0,0.0,0.0,0.0,0.0,0.0,0.0,0.0,0.0,0.0,1.0
2023-08-21,0.0,-0.0,0.0,0.0,0.0,0.0,0.0,0.0,0.0,0.0,0.0,0.0,0.0,1.0
2023-08-22,0.0,-0.0,0.0,0.0,0.0,0.0,0.0,0.0,0.0,0.0,0.0,0.0,0.0,1.0
2023-08-23,0.0,-0.0,0.0,0.0,0.0,0.0,0.0,0.0,0.0,0.0,0.0,0.0,0.0,1.0
2023-08-24,0.0,-0.0,0.0,0.0,0.0,0.0,0.0,0.0,0.0,0.0,0.0,0.0,0.0,1.0
2023-08-25,0.0,-0.0,0.0,0.0,0.0,0.0,0.0,0.0,0.0,0.0,0.0,0.0,0.0,1.0
2023-08-28,0.0,-0.0,0.0,0.0,0.0,0.0,0.0,0.0,0.0,0.0,0.0,0.0,0.0,1.0
2023-08-29,0.0,-0.0,0.0,0.0,0.0,0.0,0.0,0.0,0.0,0.0,0.0,0.0,0.0,1.0
2023-08-30,0.0,-0.0,0.0,0.0,0.0,0.0,0.0,0.0,0.0,0.0,0.0,0.0,0.0,1.0
2023-08-31,0.0,-0.0,0.0,0.0,0.0,0.0,0.0,0.0,0.0,0.0,0.0,0.0,0.0,1.0
2023-09-01,0.0,-0.0,0.0,0.0,0.0,0.0,0.0,0.0,0.0,0.0,0.0,0.0,0.0,1.0
2023-09-05,0.0,-0.0,0.0,0.0,0.0,0.0,0.0,0.0,0.0,0.0,0.0,0.0,0.0,1.0
2023-09-06,0.0,-0.0,0.0,0.0,0.0,0.0,0.0,0.0,0.0,0.0,0.0,0.0,0.0,1.0
2023-09-07,0.0,-0.0,0.0,0.0,0.0,0.0,0.0,0.0,0.0,0.0,0.0,0.0,0.0,1.0
2023-09-08,0.0,-0.0,0.0,0.0,0.0,0.0,0.0,0.0,0.0,0.0,0.0,0.0,0.0,1.0
2023-09-11,0.0,-0.0,0.0,0.0,0.0,0.0,0.0,0.0,0.0,0.0,0.0,0.0,0.0,1.0
2023-09-12,0.0,-0.0,0.0,0.0,0.0,0.0,0.0,0.0,0.0,0.0,0.0,0.0,0.0,1.0
2023-09-13,0.0,-0.0,0.0,0.0,0.0,0.0,0.0,0.0,0.0,0.0,0.0,0.0,0.0,1.0
2023-09-14,0.0,-0.0,0.0,0.0,0.0,0.0,0.0,0.0,0.0,0.0,0.0,0.0,0.0,1.0
2023-09-15,0.1729796841685527,0.1693365639580018,0.15000000000000002,0.19231624812655448,0.3423162481265545,0.003643120210550882,0.3423162481265545,0.0,0.0,0.0,0.0,0.0,0.0,1.0
2023-09-18,0.1725348054247114,0.16863847712486624,0.15000000000000002,0.1911732825495776,0.34117328254957763,0.003896328299845153,0.0011429655769768891,0.0,0.0,0.0,0.0,0.0,0.0,1.0
2023-09-19,0.17693726591469802,0.1726809178873936,0.15000000000000002,0.1996181838020916,0.34961818380209164,0.00425634802730443,0.008444901252513987,0.0,0.0,0.0,0.0,0.0,0.0,1.0
2023-09-20,0.17457034161741197,0.17302138084253232,0.15000000000000002,0.19759172245994427,0.3475917224599443,0.0015489607748796486,0.0027073872524247776,0.0,0.0,0.0,0.0,0.0,0.0,1.0
2023-09-21,0.17510679204140334,0.1750943646448375,0.15000000000000002,0.2002011566862408,0.35020115668624086,1.2427396565845017e-05,0.0026094342262965448,0.0,0.0,0.0,0.0,0.0,0.0,1.0
2023-09-22,0.17547178798915444,0.17669282964279182,0.15000000000000002,0.20216461763194624,0.3521646176319463,-0.0012210416536373725,0.001963460945705424,0.0,0.0,0.0,0.0,0.0,0.0,1.0
2023-09-25,0.17598691075379339,0.17688794442683453,0.15000000000000002,0.2028748551806279,0.3528748551806279,-0.0009010336730411461,0.0007102375486816442,0.0,0.0,0.0,0.0,0.0,0.0,1.0
2023-09-26,0.17556876679940817,0.1771553939203434,0.15000000000000002,0.20272416071975155,0.35272416071975154,-0.0015866271209352412,0.0006855934478941089,0.0,0.0,0.0,0.0,0.0,0.0,1.0
2023-09-27,0.17571959519183297,0.1823101533600378,0.15000000000000002,0.20802974855187073,0.35802974855187075,-0.006590558168204835,0.00530558783211919,0.0,0.0,0.0,0.0,0.0,0.0,1.0
2023-09-28,0.1777064363741589,0.18327907411040328,0.15000000000000002,0.21098551048456216,0.3609855104845622,-0.00557263773624439,0.0029557619326914114,0.0,0.0,0.0,0.0,0.0,0.0,1.0
2023-09-29,0.1785732115562941,0.18541165284781985,0.15000000000000002,0.21398486440411393,0.36398486440411393,-0.006838441291525749,0.0029993539195517713,0.0,0.0,0.0,0.0,0.0,0.0,1.0
2023-10-02,0.1688808729624415,0.18560085194611484,0.15000000000000002,0.20448172490855632,0.35448172490855634,-0.016719978983673334,0.009881537692147592,0.0,0.0,0.0,0.0,0.0,0.0,1.0
2023-10-03,0.1759502480496235,0.19186243882988147,0.15000000000000002,0.21781268687950495,0.36781268687950497,-0.015912190780257962,0.013330961970948615,0.0,0.0,0.0,0.0,0.0,0.0,1.0
2023-10-04,0.17517322139232652,0.19169217996418644,0.15000000000000002,0.21686540135651294,0.36686540135651297,-0.01651895857185992,0.0009472855229919891,0.0,0.0,0.0,0.0,0.0,0.0,1.0
2023-10-05,0.17829107321203558,0.18851843872013108,0.15000000000000002,0.21680951193216663,0.36680951193216665,-0.010227365508095498,0.006291593063764422,0.0,0.0,0.0,0.0,0.0,0.0,1.0
2023-10-06,0.0,-0.0,0.0,0.0,0.0,0.0,0.36680951193216665,0.0,0.0,0.0,0.0,0.0,0.0,1.0
2023-10-09,0.0,-0.0,0.0,0.0,0.0,0.0,0.0,0.0,0.0,0.0,0.0,0.0,0.0,1.0
2023-10-10,0.037802374724282384,0.039494063165997795,0.039494063165997795,0.037802374724282384,0.07729643789028018,-0.001691688441715411,0.07729643789028018,0.0,0.0,0.0,0.0,0.0,0.0,1.0
2023-10-11,0.0,-0.0,0.0,0.0,0.0,0.0,0.07729643789028018,0.0,0.0,0.0,0.0,0.0,0.0,1.0
2023-10-12,0.0,-0.0,0.0,0.0,0.0,0.0,0.0,0.0,0.0,0.0,0.0,0.0,0.0,1.0
2023-10-13,0.0,-0.0,0.0,0.0,0.0,0.0,0.0,0.0,0.0,0.0,0.0,0.0,0.0,1.0
2023-10-16,0.0,-0.0,0.0,0.0,0.0,0.0,0.0,0.0,0.0,0.0,0.0,0.0,0.0,1.0
2023-10-17,0.0,-0.0,0.0,0.0,0.0,0.0,0.0,0.0,0.0,0.0,0.0,0.0,0.0,1.0
2023-10-18,0.0,-0.0,0.0,0.0,0.0,0.0,0.0,0.0,0.0,0.0,0.0,0.0,0.0,1.0
2023-10-19,0.0,-0.0,0.0,0.0,0.0,0.0,0.0,0.0,0.0,0.0,0.0,0.0,0.0,1.0
2023-10-20,0.0,-0.0,0.0,0.0,0.0,0.0,0.0,0.0,0.0,0.0,0.0,0.0,0.0,1.0
2023-10-23,0.0,-0.0,0.0,0.0,0.0,0.0,0.0,0.0,0.0,0.0,0.0,0.0,0.0,1.0
2023-10-24,0.0,-0.0,0.0,0.0,0.0,0.0,0.0,0.0,0.0,0.0,0.0,0.0,0.0,1.0
2023-10-25,0.0,-0.0,0.0,0.0,0.0,0.0,0.0,0.0,0.0,0.0,0.0,0.0,0.0,1.0
2023-10-26,0.0,-0.0,0.0,0.0,0.0,0.0,0.0,0.0,0.0,0.0,0.0,0.0,0.0,1.0
2023-10-27,0.0,-0.0,0.0,0.0,0.0,0.0,0.0,0.0,0.0,0.0,0.0,0.0,0.0,1.0
2023-10-30,0.0,-0.0,0.0,0.0,0.0,0.0,0.0,0.0,0.0,0.0,0.0,0.0,0.0,1.0
2023-10-31,0.0,-0.0,0.0,0.0,0.0,0.0,0.0,0.0,0.0,0.0,0.0,0.0,0.0,1.0
2023-11-01,0.0,-0.0,0.0,0.0,0.0,0.0,0.0,0.0,0.0,0.0,0.0,0.0,0.0,1.0
2023-11-02,0.06834357101300015,0.03534167654307687,0.03534167654307687,0.06834357101300015,0.10368524755607703,0.03300189446992328,0.10368524755607703,0.0,0.0,0.0,0.0,0.0,0.0,1.0
2023-11-03,0.0,-0.0,0.0,0.0,0.0,0.0,0.10368524755607703,0.0,0.0,0.0,0.0,0.0,0.0,1.0
2023-11-06,0.0,-0.0,0.0,0.0,0.0,0.0,0.0,0.0,0.0,0.0,0.0,0.0,0.0,1.0
2023-11-07,0.0,-0.0,0.0,0.0,0.0,0.0,0.0,0.0,0.0,0.0,0.0,0.0,0.0,1.0
2023-11-08,0.0,-0.0,0.0,0.0,0.0,0.0,0.0,0.0,0.0,0.0,0.0,0.0,0.0,1.0
2023-11-09,0.0,-0.0,0.0,0.0,0.0,0.0,0.0,0.0,0.0,0.0,0.0,0.0,0.0,1.0
2023-11-10,0.0,-0.0,0.0,0.0,0.0,0.0,0.0,0.0,0.0,0.0,0.0,0.0,0.0,1.0
2023-11-13,0.0,-0.0,0.0,0.0,0.0,0.0,0.0,0.0,0.0,0.0,0.0,0.0,0.0,1.0
2023-11-14,0.0,-0.0,0.0,0.0,0.0,0.0,0.0,0.0,0.0,0.0,0.0,0.0,0.0,1.0
2023-11-15,0.0,-0.0,0.0,0.0,0.0,0.0,0.0,0.0,0.0,0.0,0.0,0.0,0.0,1.0
2023-11-16,0.0,-0.0,0.0,0.0,0.0,0.0,0.0,0.0,0.0,0.0,0.0,0.0,0.0,1.0
2023-11-17,0.0,-0.0,0.0,0.0,0.0,0.0,0.0,0.0,0.0,0.0,0.0,0.0,0.0,1.0
2023-11-20,0.0,-0.0,0.0,0.0,0.0,0.0,0.0,0.0,0.0,0.0,0.0,0.0,0.0,1.0
2023-11-21,0.0,-0.0,0.0,0.0,0.0,0.0,0.0,0.0,0.0,0.0,0.0,0.0,0.0,1.0
2023-11-22,0.0,-0.0,0.0,0.0,0.0,0.0,0.0,0.0,0.0,0.0,0.0,0.0,0.0,1.0
2023-11-24,0.05974078632514373,0.09017185292157331,0.05974078632514373,0.09017185292157331,0.14991263924671705,-0.030431066596429586,0.14991263924671705,0.0,0.0,0.0,0.0,0.0,0.0,1.0
2023-11-27,0.0,-0.0,0.0,0.0,0.0,0.0,0.14991263924671705,0.0,0.0,0.0,0.0,0.0,0.0,1.0
2023-11-28,0.0,-0.0,0.0,0.0,0.0,0.0,0.0,0.0,0.0,0.0,0.0,0.0,0.0,1.0
2023-11-29,0.0,-0.0,0.0,0.0,0.0,0.0,0.0,0.0,0.0,0.0,0.0,0.0,0.0,1.0
2023-11-30,0.0,-0.0,0.0,0.0,0.0,0.0,0.0,0.0,0.0,0.0,0.0,0.0,0.0,1.0
2023-12-01,0.0,-0.0,0.0,0.0,0.0,0.0,0.0,0.0,0.0,0.0,0.0,0.0,0.0,1.0
2023-12-04,0.0,-0.0,0.0,0.0,0.0,0.0,0.0,0.0,0.0,0.0,0.0,0.0,0.0,1.0
2023-12-05,0.0,-0.0,0.0,0.0,0.0,0.0,0.0,0.0,0.0,0.0,0.0,0.0,0.0,1.0
2023-12-06,0.12980299787136432,0.15000000000000002,0.15000000000000002,0.12980299787136432,0.2798029978713643,-0.020197002128635705,0.2798029978713643,0.0,0.0,0.0,0.0,0.0,0.0,1.0
2023-12-07,0.12872232666088726,0.15000000000000002,0.15000000000000002,0.12872232666088726,0.27872232666088725,-0.021277673339112763,0.0010806712104770577,0.0,0.0,0.0,0.0,0.0,0.0,1.0
2023-12-08,0.1289433530020008,0.15000000000000002,0.15000000000000002,0.1289433530020008,0.2789433530020008,-0.021056646997999223,0.00022102634111353936,0.0,0.0,0.0,0.0,0.0,0.0,1.0
2023-12-11,0.12859653948890087,0.15000000000000002,0.15000000000000002,0.12859653948890087,0.2785965394889009,-0.02140346051109915,0.00034681351309992503,0.0,0.0,0.0,0.0,0.0,0.0,1.0
2023-12-12,0.0,-0.0,0.0,0.0,0.0,0.0,0.2785965394889009,0.0,0.0,0.0,0.0,0.0,0.0,1.0
2023-12-13,0.0,-0.0,0.0,0.0,0.0,0.0,0.0,0.0,0.0,0.0,0.0,0.0,0.0,1.0
2023-12-14,0.0,-0.0,0.0,0.0,0.0,0.0,0.0,0.0,0.0,0.0,0.0,0.0,0.0,1.0
2023-12-15,0.0,-0.0,0.0,0.0,0.0,0.0,0.0,0.0,0.0,0.0,0.0,0.0,0.0,1.0
2023-12-18,0.10001051750918939,0.10705604603885897,0.10705604603885897,0.10001051750918939,0.20706656354804837,-0.007045528529669581,0.20706656354804837,0.0,0.0,0.0,0.0,0.0,0.0,1.0
2023-12-19,0.0,-0.0,0.0,0.0,0.0,0.0,0.20706656354804837,0.0,0.0,0.0,0.0,0.0,0.0,1.0
2023-12-20,0.0,-0.0,0.0,0.0,0.0,0.0,0.0,0.0,0.0,0.0,0.0,0.0,0.0,1.0
2023-12-21,0.0,-0.0,0.0,0.0,0.0,0.0,0.0,0.0,0.0,0.0,0.0,0.0,0.0,1.0
2023-12-22,0.0,-0.0,0.0,0.0,0.0,0.0,0.0,0.0,0.0,0.0,0.0,0.0,0.0,1.0
2023-12-26,0.07499416136971052,0.044216525714169515,0.07499416136971052,0.044216525714169515,0.11921068708388002,0.030777635655541,0.11921068708388002,0.0,0.0,0.0,0.0,0.0,0.0,1.0
2023-12-27,0.07481555828388801,0.04273799602870993,0.07481555828388801,0.04273799602870993,0.11755355431259795,0.032077562255178084,0.0016571327712820855,0.0,0.0,0.0,0.0,0.0,0.0,1.0
2023-12-28,0.07380744519272497,0.04342945943302768,0.07380744519272497,0.04342945943302768,0.11723690462575265,0.030377985759697294,0.0016995764954807896,0.0,0.0,0.0,0.0,0.0,0.0,1.0
2023-12-29,0.07443525783830827,0.04288923285712272,0.07443525783830827,0.04288923285712272,0.117324490695431,0.031546024981185555,0.001168039221488261,0.0,0.0,0.0,0.0,0.0,0.0,1.0
2024-01-02,0.09893003610786011,0.057003807212734306,0.09893003610786011,0.057003807212734306,0.1559338433205944,0.0419262288951258,0.03860935262516342,0.0,0.0,0.0,0.0,0.0,0.0,1.0
2024-01-03,0.0,-0.0,0.0,0.0,0.0,0.0,0.1559338433205944,0.0,0.0,0.0,0.0,0.0,0.0,1.0
2024-01-04,0.0,-0.0,0.0,0.0,0.0,0.0,0.0,0.0,0.0,0.0,0.0,0.0,0.0,1.0
2024-01-05,0.0,-0.0,0.0,0.0,0.0,0.0,0.0,0.0,0.0,0.0,0.0,0.0,0.0,1.0
2024-01-08,0.0,-0.0,0.0,0.0,0.0,0.0,0.0,0.0,0.0,0.0,0.0,0.0,0.0,1.0
2024-01-09,0.0,-0.0,0.0,0.0,0.0,0.0,0.0,0.0,0.0,0.0,0.0,0.0,0.0,1.0
2024-01-10,0.0,-0.0,0.0,0.0,0.0,0.0,0.0,0.0,0.0,0.0,0.0,0.0,0.0,1.0
2024-01-11,0.0,-0.0,0.0,0.0,0.0,0.0,0.0,0.0,0.0,0.0,0.0,0.0,0.0,1.0
2024-01-12,0.0,-0.0,0.0,0.0,0.0,0.0,0.0,0.0,0.0,0.0,0.0,0.0,0.0,1.0
2024-01-16,0.0,-0.0,0.0,0.0,0.0,0.0,0.0,0.0,0.0,0.0,0.0,0.0,0.0,1.0
2024-01-17,0.16730599859550538,0.16210096875760116,0.15000000000000002,0.17940696735310652,0.32940696735310654,0.005205029837904218,0.32940696735310654,0.0,0.0,0.0,0.0,0.0,0.0,1.0
2024-01-18,0.16726642422066101,0.16225942831968143,0.15000000000000002,0.17952585254034242,0.32952585254034245,0.005006995900979583,0.00019803393692464227,0.0,0.0,0.0,0.0,0.0,0.0,1.0
2024-01-19,0.1695262057914021,0.16224719272535595,0.15000000000000002,0.18177339851675806,0.3317733985167581,0.007279013066046142,0.0022720171650665866,0.0,0.0,0.0,0.0,0.0,0.0,1.0
2024-01-22,0.166397959741657,0.16098482457677296,0.15000000000000002,0.17738278431842994,0.32738278431842993,0.0054131351648840365,0.0043906141983281015,0.0,0.0,0.0,0.0,0.0,0.0,1.0
2024-01-23,0.1682224935856894,0.16220094545905672,0.15000000000000002,0.1804234390447461,0.33042343904474614,0.006021548126632664,0.003040654726316157,0.0,0.0,0.0,0.0,0.0,0.0,1.0
2024-01-24,0.0,-0.0,0.0,0.0,0.0,0.0,0.33042343904474614,0.0,0.0,0.0,0.0,0.0,0.0,1.0
2024-01-25,0.0,-0.0,0.0,0.0,0.0,0.0,0.0,0.0,0.0,0.0,0.0,0.0,0.0,1.0
2024-01-26,0.0,-0.0,0.0,0.0,0.0,0.0,0.0,0.0,0.0,0.0,0.0,0.0,0.0,1.0
2024-01-29,0.0,-0.0,0.0,0.0,0.0,0.0,0.0,0.0,0.0,0.0,0.0,0.0,0.0,1.0
2024-01-30,0.0,-0.0,0.0,0.0,0.0,0.0,0.0,0.0,0.0,0.0,0.0,0.0,0.0,1.0
2024-01-31,0.03260607214323393,0.04163600404838018,0.03260607214323393,0.04163600404838018,0.0742420761916141,-0.009029931905146248,0.0742420761916141,0.0,0.0,0.0,0.0,0.0,0.0,1.0
2024-02-01,0.0324073748237403,0.040247317849328994,0.0324073748237403,0.040247317849328994,0.07265469267306929,-0.007839943025588693,0.0016960431863715353,0.0,0.0,0.0,0.0,0.0,0.0,1.0
2024-02-02,0.0322956342208371,0.04077651401968326,0.0322956342208371,0.04077651401968326,0.07307214824052036,-0.008480879798846156,0.0006797657899025823,0.0,0.0,0.0,0.0,0.0,0.0,1.0
2024-02-05,0.032313773498484855,0.04093314491523673,0.032313773498484855,0.04093314491523673,0.07324691841372158,-0.008619371416751877,0.0007685245176969431,0.0,0.0,0.0,0.0,0.0,0.0,1.0
2024-02-06,0.03234061774408074,0.03994179215324018,0.03234061774408074,0.03994179215324018,0.07228240989732092,-0.007601174409159441,0.0054439745552420675,0.0,0.0,0.0,0.0,0.0,0.0,1.0
2024-02-07,0.03251738547457167,0.04030343388585445,0.03251738547457167,0.04030343388585445,0.07282081936042611,-0.007786048411282782,0.0008391755630175251,0.0,0.0,0.0,0.0,0.0,0.0,1.0
2024-02-08,0.03264167652853271,0.0398604434275314,0.03264167652853271,0.0398604434275314,0.07250211995606412,-0.007218766898998693,0.0009580195375088574,0.0,0.0,0.0,0.0,0.0,0.0,1.0
2024-02-09,0.03290796611775788,0.04037207843861962,0.03290796611775788,0.04037207843861962,0.07328004455637749,-0.007464112320861745,0.0007779246003133825,0.0,0.0,0.0,0.0,0.0,0.0,1.0
2024-02-12,0.03293932500419665,0.040572339743736974,0.03293932500419665,0.040572339743736974,0.07351166474793362,-0.007633014739540322,0.0014673372781493928,0.0,0.0,0.0,0.0,0.0,0.0,1.0
2024-02-13,0.032872184124542174,0.04140630573186624,0.032872184124542174,0.04140630573186624,0.07427848985640842,-0.008534121607324061,0.0009011068677837386,0.0,0.0,0.0,0.0,0.0,0.0,1.0
2024-02-14,0.0,-0.0,0.0,0.0,0.0,0.0,0.0,0.0,0.0,0.0,0.0,0.0,0.0,1.0
2024-02-15,0.0,-0.0,0.0,0.0,0.0,0.0,0.0,0.0,0.0,0.0,0.0,0.0,0.0,1.0
2024-02-16,0.0,-0.0,0.0,0.0,0.0,0.0,0.0,0.0,0.0,0.0,0.0,0.0,0.0,1.0
2024-02-20,0.0,-0.0,0.0,0.0,0.0,0.0,0.0,0.0,0.0,0.0,0.0,0.0,0.0,1.0
2024-02-21,0.0,-0.0,0.0,0.0,0.0,0.0,0.0,0.0,0.0,0.0,0.0,0.0,0.0,1.0
2024-02-22,0.0,-0.0,0.0,0.0,0.0,0.0,0.0,0.0,0.0,0.0,0.0,0.0,0.0,1.0
2024-02-23,0.0,-0.0,0.0,0.0,0.0,0.0,0.0,0.0,0.0,0.0,0.0,0.0,0.0,1.0
2024-02-26,0.0,-0.0,0.0,0.0,0.0,0.0,0.0,0.0,0.0,0.0,0.0,0.0,0.0,1.0
2024-02-27,0.0,-0.0,0.0,0.0,0.0,0.0,0.0,0.0,0.0,0.0,0.0,0.0,0.0,1.0
2024-02-28,0.0,-0.0,0.0,0.0,0.0,0.0,0.0,0.0,0.0,0.0,0.0,0.0,0.0,1.0
2024-02-29,0.0,-0.0,0.0,0.0,0.0,0.0,0.0,0.0,0.0,0.0,0.0,0.0,0.0,1.0
2024-03-01,0.0,-0.0,0.0,0.0,0.0,0.0,0.0,0.0,0.0,0.0,0.0,0.0,0.0,1.0
2024-03-04,0.0,-0.0,0.0,0.0,0.0,0.0,0.0,0.0,0.0,0.0,0.0,0.0,0.0,1.0
2024-03-05,0.0,-0.0,0.0,0.0,0.0,0.0,0.0,0.0,0.0,0.0,0.0,0.0,0.0,1.0
2024-03-06,0.0,-0.0,0.0,0.0,0.0,0.0,0.0,0.0,0.0,0.0,0.0,0.0,0.0,1.0
2024-03-07,0.0,-0.0,0.0,0.0,0.0,0.0,0.0,0.0,0.0,0.0,0.0,0.0,0.0,1.0
2024-03-08,0.0,-0.0,0.0,0.0,0.0,0.0,0.0,0.0,0.0,0.0,0.0,0.0,0.0,1.0
2024-03-11,0.0,-0.0,0.0,0.0,0.0,0.0,0.0,0.0,0.0,0.0,0.0,0.0,0.0,1.0
2024-03-12,0.0,-0.0,0.0,0.0,0.0,0.0,0.0,0.0,0.0,0.0,0.0,0.0,0.0,1.0
2024-03-13,0.0,-0.0,0.0,0.0,0.0,0.0,0.0,0.0,0.0,0.0,0.0,0.0,0.0,1.0
2024-03-14,0.0,-0.0,0.0,0.0,0.0,0.0,0.0,0.0,0.0,0.0,0.0,0.0,0.0,1.0
2024-03-15,0.12047304810191226,0.10611630488339077,0.10611630488339077,0.12047304810191226,0.22658935298530303,0.014356743218521484,0.22658935298530303,0.0,0.0,0.0,0.0,0.0,0.0,1.0
2024-03-18,0.13169888651792186,0.11436313451701662,0.11436313451701662,0.13169888651792186,0.24606202103493846,0.017335752000905244,0.019472668049635444,0.0,0.0,0.0,0.0,0.0,0.0,1.0
2024-03-19,0.0,-0.0,0.0,0.0,0.0,0.0,0.24606202103493846,0.0,0.0,0.0,0.0,0.0,0.0,1.0
2024-03-20,0.0,-0.0,0.0,0.0,0.0,0.0,0.0,0.0,0.0,0.0,0.0,0.0,0.0,1.0
2024-03-21,0.0,-0.0,0.0,0.0,0.0,0.0,0.0,0.0,0.0,0.0,0.0,0.0,0.0,1.0
2024-03-22,0.0,-0.0,0.0,0.0,0.0,0.0,0.0,0.0,0.0,0.0,0.0,0.0,0.0,1.0
2024-03-25,0.0,-0.0,0.0,0.0,0.0,0.0,0.0,0.0,0.0,0.0,0.0,0.0,0.0,1.0
2024-03-26,0.0,-0.0,0.0,0.0,0.0,0.0,0.0,0.0,0.0,0.0,0.0,0.0,0.0,1.0
2024-03-27,0.0,-0.0,0.0,0.0,0.0,0.0,0.0,0.0,0.0,0.0,0.0,0.0,0.0,1.0
2024-03-28,0.0,-0.0,0.0,0.0,0.0,0.0,0.0,0.0,0.0,0.0,0.0,0.0,0.0,1.0
2024-04-01,0.0,-0.0,0.0,0.0,0.0,0.0,0.0,0.0,0.0,0.0,0.0,0.0,0.0,1.0
2024-04-02,0.0,-0.0,0.0,0.0,0.0,0.0,0.0,0.0,0.0,0.0,0.0,0.0,0.0,1.0
2024-04-03,0.0,-0.0,0.0,0.0,0.0,0.0,0.0,0.0,0.0,0.0,0.0,0.0,0.0,1.0
2024-04-04,0.0,-0.0,0.0,0.0,0.0,0.0,0.0,0.0,0.0,0.0,0.0,0.0,0.0,1.0
2024-04-05,0.0,-0.0,0.0,0.0,0.0,0.0,0.0,0.0,0.0,0.0,0.0,0.0,0.0,1.0
2024-04-08,0.0,-0.0,0.0,0.0,0.0,0.0,0.0,0.0,0.0,0.0,0.0,0.0,0.0,1.0
2024-04-09,0.0,-0.0,0.0,0.0,0.0,0.0,0.0,0.0,0.0,0.0,0.0,0.0,0.0,1.0
2024-04-10,0.0,-0.0,0.0,0.0,0.0,0.0,0.0,0.0,0.0,0.0,0.0,0.0,0.0,1.0
2024-04-11,0.0,-0.0,0.0,0.0,0.0,0.0,0.0,0.0,0.0,0.0,0.0,0.0,0.0,1.0
2024-04-12,0.0,-0.0,0.0,0.0,0.0,0.0,0.0,0.0,0.0,0.0,0.0,0.0,0.0,1.0
2024-04-15,0.0,-0.0,0.0,0.0,0.0,0.0,0.0,0.0,0.0,0.0,0.0,0.0,0.0,1.0
2024-04-16,0.0,-0.0,0.0,0.0,0.0,0.0,0.0,0.0,0.0,0.0,0.0,0.0,0.0,1.0
2024-04-17,0.0,-0.0,0.0,0.0,0.0,0.0,0.0,0.0,0.0,0.0,0.0,0.0,0.0,1.0
2024-04-18,0.0,-0.0,0.0,0.0,0.0,0.0,0.0,0.0,0.0,0.0,0.0,0.0,0.0,1.0
2024-04-19,0.0,-0.0,0.0,0.0,0.0,0.0,0.0,0.0,0.0,0.0,0.0,0.0,0.0,1.0
2024-04-22,0.1753987058309172,0.18778533156782762,0.1869049100735868,0.176279127325158,0.36318403739874483,-0.01238662573691042,0.3631840373987448,0.0,0.0,0.0,0.0,0.0,0.0,1.0
2024-04-23,0.03587491549625484,0.03515052368410298,0.03515052368410298,0.03587491549625484,0.07102543918035782,0.0007243918121518644,0.29215859821838697,0.0,0.0,0.0,0.0,0.0,0.0,1.0
2024-04-24,0.02981358620509255,0.033867520194217335,0.033867520194217335,0.02981358620509255,0.06368110639930988,-0.004053933989124785,0.007344332781047937,0.0,0.0,0.0,0.0,0.0,0.0,1.0
2024-04-25,0.16407542939089004,0.18399120397773994,0.18399120397773994,0.16407542939089004,0.34806663336863,-0.01991577458684991,0.2843855269693201,0.0,0.0,0.0,0.0,0.0,0.0,1.0
2024-04-26,0.16263369403310335,0.18444454802354768,0.18382181932397149,0.16325642273267954,0.34707824205665105,-0.021810853990444332,0.00518519157016719,0.0,0.0,0.0,0.0,0.0,0.0,1.0
2024-04-29,0.13265971231402113,0.15000000000000002,0.15000000000000002,0.13265971231402113,0.28265971231402115,-0.017340287685978895,0.07420821517416536,0.0,0.0,0.0,0.0,0.0,0.0,1.0
2024-04-30,0.0,-0.0,0.0,0.0,0.0,0.0,0.28265971231402115,0.0,0.0,0.0,0.0,0.0,0.0,1.0
2024-05-01,0.13550952147057174,0.1595473507463617,0.15000000000000002,0.14505687221693342,0.29505687221693344,-0.024037829275789957,0.29505687221693344,0.0,0.0,0.0,0.0,0.0,0.0,1.0
2024-05-02,0.1334384673844393,0.15889450246675657,0.15000000000000002,0.14233296985119584,0.29233296985119583,-0.02545603508231728,0.0027239023657375638,0.0,0.0,0.0,0.0,0.0,0.0,1.0
2024-05-03,0.13351039688947822,0.1575179645449473,0.15000000000000002,0.1410283614344255,0.2910283614344255,-0.024007567655469075,0.0014484674268482227,0.0,0.0,0.0,0.0,0.0,0.0,1.0
2024-05-06,0.13367253427441914,0.15778019161531767,0.15000000000000002,0.14145272588973679,0.2914527258897368,-0.024107657340898536,0.00042436445531130254,0.0,0.0,0.0,0.0,0.0,0.0,1.0
2024-05-07,0.1331063949005352,0.1547279104189417,0.15000000000000002,0.13783430531947688,0.2878343053194769,-0.02162151551840652,0.0036184205702599025,0.0,0.0,0.0,0.0,0.0,0.0,1.0
2024-05-08,0.1293773745248604,0.15188595444787123,0.15000000000000002,0.1312633289727316,0.28126332897273165,-0.022508579923010835,0.006570976346745282,0.0,0.0,0.0,0.0,0.0,0.0,1.0
2024-05-09,0.1300437609809875,0.15227064772730167,0.15000000000000002,0.13231440870828914,0.28231440870828917,-0.02222688674631418,0.0010510797355575492,0.0,0.0,0.0,0.0,0.0,0.0,1.0
2024-05-10,0.1318611927943779,0.1521363652720547,0.15000000000000002,0.1339975580664326,0.2839975580664326,-0.020275172477676795,0.0019517142686373977,0.0,0.0,0.0,0.0,0.0,0.0,1.0
2024-05-13,0.0,-0.0,0.0,0.0,0.0,0.0,0.0,0.0,0.0,0.0,0.0,0.0,0.0,1.0
2024-05-14,0.0,-0.0,0.0,0.0,0.0,0.0,0.0,0.0,0.0,0.0,0.0,0.0,0.0,1.0
2024-05-15,0.0,-0.0,0.0,0.0,0.0,0.0,0.0,0.0,0.0,0.0,0.0,0.0,0.0,1.0
2024-05-16,0.0,-0.0,0.0,0.0,0.0,0.0,0.0,0.0,0.0,0.0,0.0,0.0,0.0,1.0
2024-05-17,0.0,-0.0,0.0,0.0,0.0,0.0,0.0,0.0,0.0,0.0,0.0,0.0,0.0,1.0
2024-05-20,0.0,-0.0,0.0,0.0,0.0,0.0,0.0,0.0,0.0,0.0,0.0,0.0,0.0,1.0
2024-05-21,0.0,-0.0,0.0,0.0,0.0,0.0,0.0,0.0,0.0,0.0,0.0,0.0,0.0,1.0
2024-05-22,0.0,-0.0,0.0,0.0,0.0,0.0,0.0,0.0,0.0,0.0,0.0,0.0,0.0,1.0
2024-05-23,0.0,-0.0,0.0,0.0,0.0,0.0,0.0,0.0,0.0,0.0,0.0,0.0,0.0,1.0
2024-05-24,0.0,-0.0,0.0,0.0,0.0,0.0,0.0,0.0,0.0,0.0,0.0,0.0,0.0,1.0
2024-05-28,0.0,-0.0,0.0,0.0,0.0,0.0,0.0,0.0,0.0,0.0,0.0,0.0,0.0,1.0
2024-05-29,0.0,-0.0,0.0,0.0,0.0,0.0,0.0,0.0,0.0,0.0,0.0,0.0,0.0,1.0
2024-05-30,0.0,-0.0,0.0,0.0,0.0,0.0,0.0,0.0,0.0,0.0,0.0,0.0,0.0,1.0
2024-05-31,0.0,-0.0,0.0,0.0,0.0,0.0,0.0,0.0,0.0,0.0,0.0,0.0,0.0,1.0
2024-06-03,0.0,-0.0,0.0,0.0,0.0,0.0,0.0,0.0,0.0,0.0,0.0,0.0,0.0,1.0
2024-06-04,0.0,-0.0,0.0,0.0,0.0,0.0,0.0,0.0,0.0,0.0,0.0,0.0,0.0,1.0
2024-06-05,0.0,-0.0,0.0,0.0,0.0,0.0,0.0,0.0,0.0,0.0,0.0,0.0,0.0,1.0
2024-06-06,0.0,-0.0,0.0,0.0,0.0,0.0,0.0,0.0,0.0,0.0,0.0,0.0,0.0,1.0
2024-06-07,0.0,-0.0,0.0,0.0,0.0,0.0,0.0,0.0,0.0,0.0,0.0,0.0,0.0,1.0
2024-06-10,0.0,-0.0,0.0,0.0,0.0,0.0,0.0,0.0,0.0,0.0,0.0,0.0,0.0,1.0
2024-06-11,0.0,-0.0,0.0,0.0,0.0,0.0,0.0,0.0,0.0,0.0,0.0,0.0,0.0,1.0
2024-06-12,0.0,-0.0,0.0,0.0,0.0,0.0,0.0,0.0,0.0,0.0,0.0,0.0,0.0,1.0
2024-06-13,0.0,-0.0,0.0,0.0,0.0,0.0,0.0,0.0,0.0,0.0,0.0,0.0,0.0,1.0
2024-06-14,0.0,-0.0,0.0,0.0,0.0,0.0,0.0,0.0,0.0,0.0,0.0,0.0,0.0,1.0
2024-06-17,0.0,-0.0,0.0,0.0,0.0,0.0,0.0,0.0,0.0,0.0,0.0,0.0,0.0,1.0
2024-06-18,0.0,-0.0,0.0,0.0,0.0,0.0,0.0,0.0,0.0,0.0,0.0,0.0,0.0,1.0
2024-06-20,0.0,-0.0,0.0,0.0,0.0,0.0,0.0,0.0,0.0,0.0,0.0,0.0,0.0,1.0
2024-06-21,0.0,-0.0,0.0,0.0,0.0,0.0,0.0,0.0,0.0,0.0,0.0,0.0,0.0,1.0
2024-06-24,0.0,-0.0,0.0,0.0,0.0,0.0,0.0,0.0,0.0,0.0,0.0,0.0,0.0,1.0
2024-06-25,0.0,-0.0,0.0,0.0,0.0,0.0,0.0,0.0,0.0,0.0,0.0,0.0,0.0,1.0
2024-06-26,0.0,-0.0,0.0,0.0,0.0,0.0,0.0,0.0,0.0,0.0,0.0,0.0,0.0,1.0
2024-06-27,0.0,-0.0,0.0,0.0,0.0,0.0,0.0,0.0,0.0,0.0,0.0,0.0,0.0,1.0
2024-06-28,0.0,-0.0,0.0,0.0,0.0,0.0,0.0,0.0,0.0,0.0,0.0,0.0,0.0,1.0
2024-07-01,0.056170929877793,0.046268349003867885,0.056170929877793,0.046268349003867885,0.10243927888166088,0.009902580873925114,0.10243927888166088,0.0,0.0,0.0,0.0,0.0,0.0,1.0
2024-07-02,0.0,-0.0,0.0,0.0,0.0,0.0,0.10243927888166088,0.0,0.0,0.0,0.0,0.0,0.0,1.0
2024-07-03,0.0,-0.0,0.0,0.0,0.0,0.0,0.0,0.0,0.0,0.0,0.0,0.0,0.0,1.0
2024-07-05,0.0,-0.0,0.0,0.0,0.0,0.0,0.0,0.0,0.0,0.0,0.0,0.0,0.0,1.0
2024-07-08,0.0,-0.0,0.0,0.0,0.0,0.0,0.0,0.0,0.0,0.0,0.0,0.0,0.0,1.0
2024-07-09,0.0,-0.0,0.0,0.0,0.0,0.0,0.0,0.0,0.0,0.0,0.0,0.0,0.0,1.0
2024-07-10,0.0,-0.0,0.0,0.0,0.0,0.0,0.0,0.0,0.0,0.0,0.0,0.0,0.0,1.0
2024-07-11,0.0,-0.0,0.0,0.0,0.0,0.0,0.0,0.0,0.0,0.0,0.0,0.0,0.0,1.0
2024-07-12,0.0,-0.0,0.0,0.0,0.0,0.0,0.0,0.0,0.0,0.0,0.0,0.0,0.0,1.0
2024-07-15,0.0,-0.0,0.0,0.0,0.0,0.0,0.0,0.0,0.0,0.0,0.0,0.0,0.0,1.0
2024-07-16,0.0,-0.0,0.0,0.0,0.0,0.0,0.0,0.0,0.0,0.0,0.0,0.0,0.0,1.0
2024-07-17,0.0,-0.0,0.0,0.0,0.0,0.0,0.0,0.0,0.0,0.0,0.0,0.0,0.0,1.0
2024-07-18,0.0,-0.0,0.0,0.0,0.0,0.0,0.0,0.0,0.0,0.0,0.0,0.0,0.0,1.0
2024-07-19,0.0,-0.0,0.0,0.0,0.0,0.0,0.0,0.0,0.0,0.0,0.0,0.0,0.0,1.0
2024-07-22,0.0,-0.0,0.0,0.0,0.0,0.0,0.0,0.0,0.0,0.0,0.0,0.0,0.0,1.0
2024-07-23,0.0,-0.0,0.0,0.0,0.0,0.0,0.0,0.0,0.0,0.0,0.0,0.0,0.0,1.0
2024-07-24,0.0,-0.0,0.0,0.0,0.0,0.0,0.0,0.0,0.0,0.0,0.0,0.0,0.0,1.0
2024-07-25,0.0,-0.0,0.0,0.0,0.0,0.0,0.0,0.0,0.0,0.0,0.0,0.0,0.0,1.0
2024-07-26,0.0,-0.0,0.0,0.0,0.0,0.0,0.0,0.0,0.0,0.0,0.0,0.0,0.0,1.0
2024-07-29,0.0,-0.0,0.0,0.0,0.0,0.0,0.0,0.0,0.0,0.0,0.0,0.0,0.0,1.0
2024-07-30,0.0,-0.0,0.0,0.0,0.0,0.0,0.0,0.0,0.0,0.0,0.0,0.0,0.0,1.0
2024-07-31,0.02969034837403481,0.02299397851817762,0.02969034837403481,0.02299397851817762,0.05268432689221243,0.006696369855857188,0.05268432689221243,0.0,0.0,0.0,0.0,0.0,0.0,1.0
2024-08-01,0.029707931101767966,0.02385260943486417,0.029707931101767966,0.02385260943486417,0.05356054053663213,0.005855321666903796,0.0008762136444197058,0.0,0.0,0.0,0.0,0.0,0.0,1.0
2024-08-02,0.0296539383074099,0.023885477015152194,0.0296539383074099,0.023885477015152194,0.053539415322562095,0.005768461292257707,8.686037464608956e-05,0.0,0.0,0.0,0.0,0.0,0.0,1.0
2024-08-05,0.029097926116334945,0.02131021472432654,0.029097926116334945,0.02131021472432654,0.05040814084066149,0.007787711392008404,0.0031312744819006096,0.0,0.0,0.0,0.0,0.0,0.0,1.0
2024-08-06,0.02909151318006835,0.021972909850137935,0.02909151318006835,0.021972909850137935,0.05106442303020628,0.007118603329930414,0.0006691080620779902,0.0,0.0,0.0,0.0,0.0,0.0,1.0
2024-08-07,0.029077983604964937,0.021424097418854465,0.029077983604964937,0.021424097418854465,0.0505020810238194,0.007653886186110473,0.000562342006386881,0.0,0.0,0.0,0.0,0.0,0.0,1.0
2024-08-08,0.0,-0.0,0.0,0.0,0.0,0.0,0.0,0.0,0.0,0.0,0.0,0.0,0.0,1.0
2024-08-09,0.0,-0.0,0.0,0.0,0.0,0.0,0.0,0.0,0.0,0.0,0.0,0.0,0.0,1.0
2024-08-12,0.0,-0.0,0.0,0.0,0.0,0.0,0.0,0.0,0.0,0.0,0.0,0.0,0.0,1.0
2024-08-13,0.0,-0.0,0.0,0.0,0.0,0.0,0.0,0.0,0.0,0.0,0.0,0.0,0.0,1.0
2024-08-14,0.0,-0.0,0.0,0.0,0.0,0.0,0.0,0.0,0.0,0.0,0.0,0.0,0.0,1.0
2024-08-15,0.0,-0.0,0.0,0.0,0.0,0.0,0.0,0.0,0.0,0.0,0.0,0.0,0.0,1.0
2024-08-16,0.0,-0.0,0.0,0.0,0.0,0.0,0.0,0.0,0.0,0.0,0.0,0.0,0.0,1.0
2024-08-19,0.0,-0.0,0.0,0.0,0.0,0.0,0.0,0.0,0.0,0.0,0.0,0.0,0.0,1.0
2024-08-20,0.0,-0.0,0.0,0.0,0.0,0.0,0.0,0.0,0.0,0.0,0.0,0.0,0.0,1.0
2024-08-21,0.0,-0.0,0.0,0.0,0.0,0.0,0.0,0.0,0.0,0.0,0.0,0.0,0.0,1.0
2024-08-22,0.0,-0.0,0.0,0.0,0.0,0.0,0.0,0.0,0.0,0.0,0.0,0.0,0.0,1.0
2024-08-23,0.0,-0.0,0.0,0.0,0.0,0.0,0.0,0.0,0.0,0.0,0.0,0.0,0.0,1.0
2024-08-26,0.0,-0.0,0.0,0.0,0.0,0.0,0.0,0.0,0.0,0.0,0.0,0.0,0.0,1.0
2024-08-27,0.0,-0.0,0.0,0.0,0.0,0.0,0.0,0.0,0.0,0.0,0.0,0.0,0.0,1.0
2024-08-28,0.0,-0.0,0.0,0.0,0.0,0.0,0.0,0.0,0.0,0.0,0.0,0.0,0.0,1.0
2024-08-29,0.0,-0.0,0.0,0.0,0.0,0.0,0.0,0.0,0.0,0.0,0.0,0.0,0.0,1.0
2024-08-30,0.0,-0.0,0.0,0.0,0.0,0.0,0.0,0.0,0.0,0.0,0.0,0.0,0.0,1.0
2024-09-03,0.0,-0.0,0.0,0.0,0.0,0.0,0.0,0.0,0.0,0.0,0.0,0.0,0.0,1.0
2024-09-04,0.0,-0.0,0.0,0.0,0.0,0.0,0.0,0.0,0.0,0.0,0.0,0.0,0.0,1.0
2024-09-05,0.0,-0.0,0.0,0.0,0.0,0.0,0.0,0.0,0.0,0.0,0.0,0.0,0.0,1.0
2024-09-06,0.0,-0.0,0.0,0.0,0.0,0.0,0.0,0.0,0.0,0.0,0.0,0.0,0.0,1.0
2024-09-09,0.0,-0.0,0.0,0.0,0.0,0.0,0.0,0.0,0.0,0.0,0.0,0.0,0.0,1.0
2024-09-10,0.0,-0.0,0.0,0.0,0.0,0.0,0.0,0.0,0.0,0.0,0.0,0.0,0.0,1.0
2024-09-11,0.0,-0.0,0.0,0.0,0.0,0.0,0.0,0.0,0.0,0.0,0.0,0.0,0.0,1.0
2024-09-12,0.0,-0.0,0.0,0.0,0.0,0.0,0.0,0.0,0.0,0.0,0.0,0.0,0.0,1.0
2024-09-13,0.0,-0.0,0.0,0.0,0.0,0.0,0.0,0.0,0.0,0.0,0.0,0.0,0.0,1.0
2024-09-16,0.0,-0.0,0.0,0.0,0.0,0.0,0.0,0.0,0.0,0.0,0.0,0.0,0.0,1.0
2024-09-17,0.0,-0.0,0.0,0.0,0.0,0.0,0.0,0.0,0.0,0.0,0.0,0.0,0.0,1.0
2024-09-18,0.0,-0.0,0.0,0.0,0.0,0.0,0.0,0.0,0.0,0.0,0.0,0.0,0.0,1.0
2024-09-19,0.0,-0.0,0.0,0.0,0.0,0.0,0.0,0.0,0.0,0.0,0.0,0.0,0.0,1.0
2024-09-20,0.0,-0.0,0.0,0.0,0.0,0.0,0.0,0.0,0.0,0.0,0.0,0.0,0.0,1.0
2024-09-23,0.1895425985245931,0.17500353055466822,0.187505003598177,0.1770411254810843,0.3645461290792613,0.014539067969924886,0.3645461290792613,0.0,0.0,0.0,0.0,0.0,0.0,1.0
2024-09-24,0.0,-0.0,0.0,0.0,0.0,0.0,0.3645461290792613,0.0,0.0,0.0,0.0,0.0,0.0,1.0
2024-09-25,0.0,-0.0,0.0,0.0,0.0,0.0,0.0,0.0,0.0,0.0,0.0,0.0,0.0,1.0
2024-09-26,0.0,-0.0,0.0,0.0,0.0,0.0,0.0,0.0,0.0,0.0,0.0,0.0,0.0,1.0
2024-09-27,0.0,-0.0,0.0,0.0,0.0,0.0,0.0,0.0,0.0,0.0,0.0,0.0,0.0,1.0
2024-09-30,0.0,-0.0,0.0,0.0,0.0,0.0,0.0,0.0,0.0,0.0,0.0,0.0,0.0,1.0
2024-10-01,0.0,-0.0,0.0,0.0,0.0,0.0,0.0,0.0,0.0,0.0,0.0,0.0,0.0,1.0
2024-10-02,0.0,-0.0,0.0,0.0,0.0,0.0,0.0,0.0,0.0,0.0,0.0,0.0,0.0,1.0
2024-10-03,0.0,-0.0,0.0,0.0,0.0,0.0,0.0,0.0,0.0,0.0,0.0,0.0,0.0,1.0
2024-10-04,0.0,-0.0,0.0,0.0,0.0,0.0,0.0,0.0,0.0,0.0,0.0,0.0,0.0,1.0
2024-10-07,0.0,-0.0,0.0,0.0,0.0,0.0,0.0,0.0,0.0,0.0,0.0,0.0,0.0,1.0
2024-10-08,0.0,-0.0,0.0,0.0,0.0,0.0,0.0,0.0,0.0,0.0,0.0,0.0,0.0,1.0
2024-10-09,0.0,-0.0,0.0,0.0,0.0,0.0,0.0,0.0,0.0,0.0,0.0,0.0,0.0,1.0
2024-10-10,0.0,-0.0,0.0,0.0,0.0,0.0,0.0,0.0,0.0,0.0,0.0,0.0,0.0,1.0
2024-10-11,0.0,-0.0,0.0,0.0,0.0,0.0,0.0,0.0,0.0,0.0,0.0,0.0,0.0,1.0
2024-10-14,0.0,-0.0,0.0,0.0,0.0,0.0,0.0,0.0,0.0,0.0,0.0,0.0,0.0,1.0
2024-10-15,0.0,-0.0,0.0,0.0,0.0,0.0,0.0,0.0,0.0,0.0,0.0,0.0,0.0,1.0
2024-10-16,0.0,-0.0,0.0,0.0,0.0,0.0,0.0,0.0,0.0,0.0,0.0,0.0,0.0,1.0
2024-10-17,0.0,-0.0,0.0,0.0,0.0,0.0,0.0,0.0,0.0,0.0,0.0,0.0,0.0,1.0
2024-10-18,0.0,-0.0,0.0,0.0,0.0,0.0,0.0,0.0,0.0,0.0,0.0,0.0,0.0,1.0
2024-10-21,0.0,-0.0,0.0,0.0,0.0,0.0,0.0,0.0,0.0,0.0,0.0,0.0,0.0,1.0
2024-10-22,0.0,-0.0,0.0,0.0,0.0,0.0,0.0,0.0,0.0,0.0,0.0,0.0,0.0,1.0
2024-10-23,0.0,-0.0,0.0,0.0,0.0,0.0,0.0,0.0,0.0,0.0,0.0,0.0,0.0,1.0
2024-10-24,0.0,-0.0,0.0,0.0,0.0,0.0,0.0,0.0,0.0,0.0,0.0,0.0,0.0,1.0
2024-10-25,0.0,-0.0,0.0,0.0,0.0,0.0,0.0,0.0,0.0,0.0,0.0,0.0,0.0,1.0
2024-10-28,0.0,-0.0,0.0,0.0,0.0,0.0,0.0,0.0,0.0,0.0,0.0,0.0,0.0,1.0
2024-10-29,0.0,-0.0,0.0,0.0,0.0,0.0,0.0,0.0,0.0,0.0,0.0,0.0,0.0,1.0
2024-10-30,0.0,-0.0,0.0,0.0,0.0,0.0,0.0,0.0,0.0,0.0,0.0,0.0,0.0,1.0
2024-10-31,0.0,-0.0,0.0,0.0,0.0,0.0,0.0,0.0,0.0,0.0,0.0,0.0,0.0,1.0
2024-11-01,0.0,-0.0,0.0,0.0,0.0,0.0,0.0,0.0,0.0,0.0,0.0,0.0,0.0,1.0
2024-11-04,0.0,-0.0,0.0,0.0,0.0,0.0,0.0,0.0,0.0,0.0,0.0,0.0,0.0,1.0
2024-11-05,0.0,-0.0,0.0,0.0,0.0,0.0,0.0,0.0,0.0,0.0,0.0,0.0,0.0,1.0
2024-11-06,0.0,-0.0,0.0,0.0,0.0,0.0,0.0,0.0,0.0,0.0,0.0,0.0,0.0,1.0
2024-11-07,0.0,-0.0,0.0,0.0,0.0,0.0,0.0,0.0,0.0,0.0,0.0,0.0,0.0,1.0
2024-11-08,0.0,-0.0,0.0,0.0,0.0,0.0,0.0,0.0,0.0,0.0,0.0,0.0,0.0,1.0
2024-11-11,0.0,-0.0,0.0,0.0,0.0,0.0,0.0,0.0,0.0,0.0,0.0,0.0,0.0,1.0
2024-11-12,0.0,-0.0,0.0,0.0,0.0,0.0,0.0,0.0,0.0,0.0,0.0,0.0,0.0,1.0
2024-11-13,0.0,-0.0,0.0,0.0,0.0,0.0,0.0,0.0,0.0,0.0,0.0,0.0,0.0,1.0
2024-11-14,0.0,-0.0,0.0,0.0,0.0,0.0,0.0,0.0,0.0,0.0,0.0,0.0,0.0,1.0
2024-11-15,0.0,-0.0,0.0,0.0,0.0,0.0,0.0,0.0,0.0,0.0,0.0,0.0,0.0,1.0
2024-11-18,0.15862787803675651,0.12227933500739319,0.11914648385186362,0.16176072919228607,0.2809072130441497,0.03634854302936333,0.2809072130441497,0.0,0.0,0.0,0.0,0.0,0.0,1.0
2024-11-19,0.15462296476317627,0.1203462994915383,0.11589311524989143,0.15907614900482314,0.2749692642547146,0.034276665271637974,0.008578614961669735,0.0,0.0,0.0,0.0,0.0,0.0,1.0
2024-11-20,0.0,-0.0,0.0,0.0,0.0,0.0,0.2749692642547146,0.0,0.0,0.0,0.0,0.0,0.0,1.0
2024-11-21,0.0,-0.0,0.0,0.0,0.0,0.0,0.0,0.0,0.0,0.0,0.0,0.0,0.0,1.0
2024-11-22,0.0,-0.0,0.0,0.0,0.0,0.0,0.0,0.0,0.0,0.0,0.0,0.0,0.0,1.0
2024-11-25,0.0,-0.0,0.0,0.0,0.0,0.0,0.0,0.0,0.0,0.0,0.0,0.0,0.0,1.0
2024-11-26,0.0,-0.0,0.0,0.0,0.0,0.0,0.0,0.0,0.0,0.0,0.0,0.0,0.0,1.0
2024-11-27,0.0,-0.0,0.0,0.0,0.0,0.0,0.0,0.0,0.0,0.0,0.0,0.0,0.0,1.0
2024-11-29,0.0,-0.0,0.0,0.0,0.0,0.0,0.0,0.0,0.0,0.0,0.0,0.0,0.0,1.0
2024-12-02,0.0,-0.0,0.0,0.0,0.0,0.0,0.0,0.0,0.0,0.0,0.0,0.0,0.0,1.0
2024-12-03,0.0,-0.0,0.0,0.0,0.0,0.0,0.0,0.0,0.0,0.0,0.0,0.0,0.0,1.0
2024-12-04,0.0,-0.0,0.0,0.0,0.0,0.0,0.0,0.0,0.0,0.0,0.0,0.0,0.0,1.0
2024-12-05,0.0,-0.0,0.0,0.0,0.0,0.0,0.0,0.0,0.0,0.0,0.0,0.0,0.0,1.0
2024-12-06,0.0,-0.0,0.0,0.0,0.0,0.0,0.0,0.0,0.0,0.0,0.0,0.0,0.0,1.0
2024-12-09,0.0,-0.0,0.0,0.0,0.0,0.0,0.0,0.0,0.0,0.0,0.0,0.0,0.0,1.0
2024-12-10,0.0,-0.0,0.0,0.0,0.0,0.0,0.0,0.0,0.0,0.0,0.0,0.0,0.0,1.0
2024-12-11,0.0,-0.0,0.0,0.0,0.0,0.0,0.0,0.0,0.0,0.0,0.0,0.0,0.0,1.0
2024-12-12,0.0,-0.0,0.0,0.0,0.0,0.0,0.0,0.0,0.0,0.0,0.0,0.0,0.0,1.0
2024-12-13,0.0,-0.0,0.0,0.0,0.0,0.0,0.0,0.0,0.0,0.0,0.0,0.0,0.0,1.0
2024-12-16,0.0,-0.0,0.0,0.0,0.0,0.0,0.0,0.0,0.0,0.0,0.0,0.0,0.0,1.0
2024-12-17,0.0,-0.0,0.0,0.0,0.0,0.0,0.0,0.0,0.0,0.0,0.0,0.0,0.0,1.0
2024-12-18,0.0,-0.0,0.0,0.0,0.0,0.0,0.0,0.0,0.0,0.0,0.0,0.0,0.0,1.0
2024-12-19,0.0,-0.0,0.0,0.0,0.0,0.0,0.0,0.0,0.0,0.0,0.0,0.0,0.0,1.0
2024-12-20,0.0,-0.0,0.0,0.0,0.0,0.0,0.0,0.0,0.0,0.0,0.0,0.0,0.0,1.0
2024-12-23,0.0,-0.0,0.0,0.0,0.0,0.0,0.0,0.0,0.0,0.0,0.0,0.0,0.0,1.0
2024-12-24,0.0,-0.0,0.0,0.0,0.0,0.0,0.0,0.0,0.0,0.0,0.0,0.0,0.0,1.0
2024-12-26,0.0,-0.0,0.0,0.0,0.0,0.0,0.0,0.0,0.0,0.0,0.0,0.0,0.0,1.0
2024-12-27,0.0,-0.0,0.0,0.0,0.0,0.0,0.0,0.0,0.0,0.0,0.0,0.0,0.0,1.0
2024-12-30,0.0,-0.0,0.0,0.0,0.0,0.0,0.0,0.0,0.0,0.0,0.0,0.0,0.0,1.0
2024-12-31,0.0,-0.0,0.0,0.0,0.0,0.0,0.0,0.0,0.0,0.0,0.0,0.0,0.0,1.0
2025-01-02,0.0,-0.0,0.0,0.0,0.0,0.0,0.0,0.0,0.0,0.0,0.0,0.0,0.0,1.0
2025-01-03,0.0,-0.0,0.0,0.0,0.0,0.0,0.0,0.0,0.0,0.0,0.0,0.0,0.0,1.0
2025-01-06,0.0,-0.0,0.0,0.0,0.0,0.0,0.0,0.0,0.0,0.0,0.0,0.0,0.0,1.0
2025-01-07,0.0,-0.0,0.0,0.0,0.0,0.0,0.0,0.0,0.0,0.0,0.0,0.0,0.0,1.0
2025-01-08,0.0,-0.0,0.0,0.0,0.0,0.0,0.0,0.0,0.0,0.0,0.0,0.0,0.0,1.0
2025-01-10,0.0,-0.0,0.0,0.0,0.0,0.0,0.0,0.0,0.0,0.0,0.0,0.0,0.0,1.0
2025-01-13,0.0,-0.0,0.0,0.0,0.0,0.0,0.0,0.0,0.0,0.0,0.0,0.0,0.0,1.0
2025-01-14,0.0,-0.0,0.0,0.0,0.0,0.0,0.0,0.0,0.0,0.0,0.0,0.0,0.0,1.0
2025-01-15,0.0,-0.0,0.0,0.0,0.0,0.0,0.0,0.0,0.0,0.0,0.0,0.0,0.0,1.0
2025-01-16,0.0,-0.0,0.0,0.0,0.0,0.0,0.0,0.0,0.0,0.0,0.0,0.0,0.0,1.0
2025-01-17,0.0,-0.0,0.0,0.0,0.0,0.0,0.0,0.0,0.0,0.0,0.0,0.0,0.0,1.0
2025-01-21,0.0,-0.0,0.0,0.0,0.0,0.0,0.0,0.0,0.0,0.0,0.0,0.0,0.0,1.0
2025-01-22,0.0,-0.0,0.0,0.0,0.0,0.0,0.0,0.0,0.0,0.0,0.0,0.0,0.0,1.0
2025-01-23,0.0,-0.0,0.0,0.0,0.0,0.0,0.0,0.0,0.0,0.0,0.0,0.0,0.0,1.0
2025-01-24,0.0,-0.0,0.0,0.0,0.0,0.0,0.0,0.0,0.0,0.0,0.0,0.0,0.0,1.0
2025-01-27,0.0,-0.0,0.0,0.0,0.0,0.0,0.0,0.0,0.0,0.0,0.0,0.0,0.0,1.0
2025-01-28,0.0,-0.0,0.0,0.0,0.0,0.0,0.0,0.0,0.0,0.0,0.0,0.0,0.0,1.0
2025-01-29,0.0,-0.0,0.0,0.0,0.0,0.0,0.0,0.0,0.0,0.0,0.0,0.0,0.0,1.0
2025-01-30,0.0,-0.0,0.0,0.0,0.0,0.0,0.0,0.0,0.0,0.0,0.0,0.0,0.0,1.0
2025-01-31,0.019732350036025272,0.005644110365610635,0.019732350036025272,0.005644110365610635,0.02537646040163591,0.014088239670414638,0.02537646040163591,0.0,0.0,0.0,0.0,0.0,0.0,1.0
2025-02-03,0.019782031062402287,0.0056781970159007576,0.019782031062402287,0.0056781970159007576,0.025460228078303046,0.01410383404650153,8.376767666713747e-05,0.0,0.0,0.0,0.0,0.0,0.0,1.0
2025-02-04,0.019740766188822242,0.006304648709937081,0.019740766188822242,0.006304648709937081,0.026045414898759323,0.013436117478885162,0.0006677165676163676,0.0,0.0,0.0,0.0,0.0,0.0,1.0
2025-02-05,0.04778925652152606,0.05784997890413878,0.08996959419614721,0.01566964122951763,0.10563923542566483,-0.010060722382612724,0.13168465032442417,0.0,0.0,0.0,0.0,0.0,0.0,1.0
2025-02-06,0.04940557431591193,0.0581395167823604,0.09030499561625492,0.017240095482017413,0.10754509109827233,-0.008733942466448468,0.0019058556726074954,0.0,0.0,0.0,0.0,0.0,0.0,1.0
2025-02-07,0.05153920211397587,0.059899563068806075,0.09255698863078224,0.018881776551999706,0.11143876518278195,-0.008360360954830205,0.003893674084509611,0.0,0.0,0.0,0.0,0.0,0.0,1.0
2025-02-10,0.11182582076417188,0.10814474138996331,0.14085207589206994,0.07911848626206525,0.21997056215413519,0.003681079374208557,0.10853179697135325,0.0,0.0,0.0,0.0,0.0,0.0,1.0
2025-02-11,0.11365949055163646,0.1085615521055647,0.14132252484435695,0.08089851781284421,0.22222104265720116,0.005097938446071759,0.002792020226463812,0.0,0.0,0.0,0.0,0.0,0.0,1.0
2025-02-12,0.1147388636670581,0.10942456508448517,0.14237984978203494,0.08178357896950834,0.22416342875154327,0.005314298582572943,0.0023216189059049527,0.0,0.0,0.0,0.0,0.0,0.0,1.0
2025-02-13,0.12826085877219773,0.11864017879872413,0.15161426183218302,0.09528677573873882,0.24690103757092186,0.009620679973473586,0.02441813488156319,0.0,0.0,0.0,0.0,0.0,0.0,1.0
2025-02-14,0.1249613540624798,0.11760370978506898,0.15066605267424804,0.09189901117330075,0.24256506384754878,0.007357644277410827,0.004512493434813372,0.0,0.0,0.0,0.0,0.0,0.0,1.0
2025-02-18,0.07773276363249197,0.0764196557743135,0.10972587783756785,0.04442654156923762,0.15415241940680546,0.0013131078581784666,0.09742101189514829,0.0,0.0,0.0,0.0,0.0,0.0,1.0
2025-02-19,0.07696939006692385,0.07516766234411329,0.10835294754913899,0.04378410486189814,0.15213705241103714,0.0018017277228105574,0.0020153669957683404,0.0,0.0,0.0,0.0,0.0,0.0,1.0
2025-02-20,0.07516084139428089,0.07495447261669023,0.10789485876922095,0.04222045524175018,0.1501153140109711,0.0002063687775906639,0.0020217384000660032,0.0,0.0,0.0,0.0,0.0,0.0,1.0
2025-02-21,0.08682695468951446,0.08513035161286558,0.11695011906869303,0.055007187233687006,0.17195730630238004,0.0016966030766488657,0.024083229684815452,0.0,0.0,0.0,0.0,0.0,0.0,1.0
2025-02-24,0.07870658626985276,0.0781500111533811,0.10869411583326702,0.04816248158996685,0.15685659742323388,0.0005565751164716623,0.015100708879146166,0.0,0.0,0.0,0.0,0.0,0.0,1.0
2025-02-25,0.07081384379267938,0.09553681397678065,0.14884260184578318,0.017508055923676845,0.16635065776946004,-0.02472297018410126,0.10665283581805537,0.0,0.0,0.0,0.0,0.0,0.0,1.0
2025-02-26,0.0756491598369709,0.09783608299667267,0.16814404681137105,0.0053411960222725235,0.17348524283364358,-0.022186923159701763,0.04354830389959537,0.0,0.0,0.0,0.0,0.0,0.0,1.0
2025-02-27,0.07689643147848214,0.09593634969433149,0.16655302379407388,0.006279757378739731,0.17283278117281362,-0.01903991821584934,0.0035591659544503274,0.0,0.0,0.0,0.0,0.0,0.0,1.0
2025-02-28,0.08059095647943057,0.09721084214344505,0.1655017205123705,0.012300078110505146,0.17780179862287565,-0.016619885664014476,0.009620608911695961,0.0,0.0,0.0,0.0,0.0,0.0,1.0
2025-03-03,0.06930310019402036,0.09491721408195863,0.1331565582511187,0.031063756024860292,0.164220314275979,-0.02561411388793828,0.051108840175606934,0.0,0.0,0.0,0.0,0.0,0.0,1.0
2025-03-04,0.19946032654046786,0.21211385691991153,0.24466598279721177,0.16690820066316758,0.41157418346037933,-0.012653530379443709,0.2481962704532711,0.0,0.0,0.0,0.0,0.0,0.0,1.0
2025-03-05,0.1999052537043426,0.20749313440417305,0.23684124147868013,0.1705571466298355,0.40739838810851564,-0.00758788069983049,0.022228326329593342,0.0,0.0,0.0,0.0,0.0,0.0,1.0
2025-03-06,0.18970402096743638,0.20098946618310837,0.22993081160354126,0.1607626755470035,0.39069348715054475,-0.011285445215671992,0.01709725847269884,0.0,0.0,0.0,0.0,0.0,0.0,1.0
2025-03-07,0.19208297871033259,0.19956323401386056,0.2279777671655254,0.16366844555866777,0.3916462127241932,-0.0074802553035279995,0.012346831460109706,0.0,0.0,0.0,0.0,0.0,0.0,1.0
2025-03-10,0.19886544416176222,0.20555416002978671,0.2308623029915439,0.17355730120000507,0.404419604191549,-0.006688715868024518,0.01369483473690092,0.0,0.0,0.0,0.0,0.0,0.0,1.0
2025-03-11,0.29005780435493944,0.4205408149268688,0.4698276035344045,0.2407710157474036,0.7105986192818081,-0.1304830105719292,0.5900718014948428,0.0,0.0,0.0,0.0,0.0,0.0,1.0
2025-03-12,0.20284582293971484,0.295433353791832,0.2706552362723175,0.2276239404592293,0.4982791767315468,-0.09258753085211718,0.2957280908418417,0.0,0.0,0.0,0.0,0.0,0.0,1.0
2025-03-13,0.16016725766481998,0.2188066364202865,0.17369051847778103,0.20528337560732543,0.37897389408510646,-0.058639378755466494,0.22953070358099,0.0,0.0,0.0,0.0,0.0,0.0,1.0
2025-03-14,0.1574366071948764,0.2235057198566848,0.17314780717344563,0.2077945198781156,0.3809423270515612,-0.0660691126618084,0.016458551418443712,0.0,0.0,0.0,0.0,0.0,0.0,1.0
2025-03-17,0.15601237328799608,0.22275545596162527,0.1740466069128423,0.20472122233677906,0.3787678292496214,-0.06674308267362918,0.005200470998931759,0.0,0.0,0.0,0.0,0.0,0.0,1.0
2025-03-18,0.16411422024953187,0.23724429218025883,0.18429544911400064,0.21706306331579006,0.4013585124297907,-0.07313007193072699,0.02695962010026529,0.0,0.0,0.0,0.0,0.0,0.0,1.0
2025-03-19,0.16205607290944274,0.2333167033438139,0.1825163029947871,0.21285647325846954,0.3953727762532566,-0.07126063043437117,0.006008887967667978,0.0,0.0,0.0,0.0,0.0,0.0,1.0
2025-03-20,0.16453984458402043,0.23738636030428184,0.18461404676932006,0.21731215811898222,0.4019262048883023,-0.0728465157202614,0.00989560004725274,0.0,0.0,0.0,0.0,0.0,0.0,1.0
2025-03-21,0.16806347128312885,0.24326253103016154,0.1879200523868544,0.22340594992643595,0.41132600231329036,-0.07519905974703266,0.010431968318766735,0.0,0.0,0.0,0.0,0.0,0.0,1.0
2025-03-24,0.1293400489179971,0.1813154927087863,0.1293400489179971,0.1813154927087863,0.31065554162678344,-0.0519754437907892,0.10067046068650692,0.0,0.0,0.0,0.0,0.0,0.0,1.0
2025-03-25,0.0513173952955316,0.0451706076965248,0.04728312313586558,0.04920487985619082,0.0964880029920564,0.006146787599006803,0.22223608295405906,0.0,0.0,0.0,0.0,0.0,0.0,1.0
2025-03-26,0.05146256657155354,0.044913090178694534,0.04707928093699049,0.04929637581325758,0.09637565675024808,0.006549476392859008,0.0008103731916023751,0.0,0.0,0.0,0.0,0.0,0.0,1.0
2025-03-27,0.05167455532239426,0.04474776363035717,0.0464902668996959,0.04993205205305553,0.09642231895275144,0.006926791692037089,0.001555343373767266,0.0,0.0,0.0,0.0,0.0,0.0,1.0
2025-03-28,0.051653455935158146,0.04513445783364182,0.046311211673385755,0.050476702095414216,0.09678791376879997,0.006518998101516328,0.0007237052686688292,0.0,0.0,0.0,0.0,0.0,0.0,1.0
2025-03-31,0.0,-0.0,0.0,0.0,0.0,0.0,0.09678791376879997,0.0,0.0,0.0,0.0,0.0,0.0,1.0
2025-04-01,0.0,-0.0,0.0,0.0,0.0,0.0,0.0,0.0,0.0,0.0,0.0,0.0,0.0,1.0
2025-04-02,0.0,-0.0,0.0,0.0,0.0,0.0,0.0,0.0,0.0,0.0,0.0,0.0,0.0,1.0
2025-04-03,0.0,-0.0,0.0,0.0,0.0,0.0,0.0,0.0,0.0,0.0,0.0,0.0,0.0,1.0
2025-04-04,0.15430546204208764,0.20114948826689277,0.16440763222142557,0.19104731808755487,0.35545495030898044,-0.04684402622480512,0.35545495030898044,0.0,0.0,0.0,0.0,0.0,0.0,1.0
2025-04-07,0.1470877411948847,0.20281460033879356,0.16443946264499626,0.18546287888868201,0.3499023415336783,-0.05572685914390886,0.01190142200385503,0.0,0.0,0.0,0.0,0.0,0.0,1.0
2025-04-08,0.15006004787140795,0.18280515938980568,0.2633779112806732,0.06948729598054039,0.3328652072612136,-0.03274511151839771,0.21930741485674904,0.0,0.0,0.0,0.0,0.0,0.0,1.0
2025-04-09,0.16633207329365868,0.20830348875271285,0.2819048687087252,0.09273069333764632,0.37463556204637155,-0.04197141545905417,0.10927624529664667,0.0,0.0,0.0,0.0,0.0,0.0,1.0
2025-04-10,0.28731974367828056,0.3564908007142614,0.3170416621174482,0.3267688822750937,0.6438105443925419,-0.06917105703598089,0.4910169997673103,0.0,0.0,0.0,0.0,0.0,0.0,1.0
2025-04-11,0.31762520051637055,0.3725310148884303,0.33271959394810857,0.3574366214566923,0.6901562154048009,-0.05490581437205972,0.07963898566025886,0.0,0.0,0.0,0.0,0.0,0.0,1.0
2025-04-14,0.31307632369888155,0.36483655240072094,0.327068220410535,0.3508446556890675,0.6779128760996025,-0.051760228701839356,0.013195270781470307,0.0,0.0,0.0,0.0,0.0,0.0,1.0
2025-04-15,0.22897452189391282,0.2803799195999325,0.3354351030932779,0.17391933840056736,0.5093544414938452,-0.05140539770601971,0.3361636453749235,0.0,0.0,0.0,0.0,0.0,0.0,1.0
2025-04-16,0.2303600359099997,0.2808758679328117,0.33980526833261837,0.1714306355101931,0.5112359038428115,-0.05051583202281204,0.01183901065061238,0.0,0.0,0.0,0.0,0.0,0.0,1.0
2025-04-17,0.22179048593616052,0.2693463450388246,0.33293571218966406,0.15820111878532106,0.4911368309749851,-0.04755585910266405,0.026652814944639943,0.0,0.0,0.0,0.0,0.0,0.0,1.0
2025-04-21,0.22740525755310684,0.2520553069771139,0.3161075269114695,0.1633530376187513,0.4794605645302208,-0.02465004942400707,0.07015987376363679,0.0,0.0,0.0,0.0,0.0,0.0,1.0
2025-04-22,0.22837462554136778,0.25339942190730996,0.3197136036058283,0.1620604438428494,0.4817740474486777,-0.025024796365942154,0.008364886590695782,0.0,0.0,0.0,0.0,0.0,0.0,1.0
2025-04-23,0.22171839562227724,0.2592655953509691,0.22311132811105897,0.25787266286218735,0.4809839909732463,-0.03754719972869186,0.19472415053335776,0.0,0.0,0.0,0.0,0.0,0.0,1.0
2025-04-24,0.218563471420492,0.25707362257528465,0.22218443886511002,0.25345265513066667,0.4756370939957767,-0.03851015115479268,0.00571743755312254,0.0,0.0,0.0,0.0,0.0,0.0,1.0
2025-04-25,0.1811805200872658,0.23058699851954131,0.19709805742843678,0.21466946117837035,0.41176751860680716,-0.04940647843227555,0.06808065171699514,0.0,0.0,0.0,0.0,0.0,0.0,1.0
2025-04-28,0.18336967644174068,0.2330469166454961,0.19941528250170612,0.21700131058553063,0.4164165930872368,-0.04967724020375539,0.004649074480429668,0.0,0.0,0.0,0.0,0.0,0.0,1.0
2025-04-29,0.13407395412127862,0.16059150678370107,0.1283749994225405,0.1662904614824392,0.2946654609049797,-0.026517552662422453,0.12175113218225707,0.0,0.0,0.0,0.0,0.0,0.0,1.0
2025-04-30,0.0,-0.0,0.0,0.0,0.0,0.0,0.0,0.0,0.0,0.0,0.0,0.0,0.0,1.0
2025-05-01,0.0,-0.0,0.0,0.0,0.0,0.0,0.0,0.0,0.0,0.0,0.0,0.0,0.0,1.0
2025-05-02,0.0,-0.0,0.0,0.0,0.0,0.0,0.0,0.0,0.0,0.0,0.0,0.0,0.0,1.0
2025-05-05,0.0,-0.0,0.0,0.0,0.0,0.0,0.0,0.0,0.0,0.0,0.0,0.0,0.0,1.0
2025-05-06,0.06057650512713739,0.05133823385110498,0.043036845913569745,0.06887789306467262,0.11191473897824236,0.009238271276032405,0.11191473897824236,0.0,0.0,0.0,0.0,0.0,0.0,1.0
2025-05-07,0.0697283884566426,0.059102004934859065,0.049534206146961954,0.07929618724453971,0.12883039339150165,0.010626383521783536,0.016915654413259297,0.0,0.0,0.0,0.0,0.0,0.0,1.0
2025-05-08,0.0,-0.0,0.0,0.0,0.0,0.0,0.12883039339150165,0.0,0.0,0.0,0.0,0.0,0.0,1.0
2025-05-09,0.0,-0.0,0.0,0.0,0.0,0.0,0.0,0.0,0.0,0.0,0.0,0.0,0.0,1.0
2025-05-12,0.0,-0.0,0.0,0.0,0.0,0.0,0.0,0.0,0.0,0.0,0.0,0.0,0.0,1.0
2025-05-13,0.0,-0.0,0.0,0.0,0.0,0.0,0.0,0.0,0.0,0.0,0.0,0.0,0.0,1.0
2025-05-14,0.06188925682809948,0.03905985372701687,0.06188925682809948,0.03905985372701687,0.10094911055511635,0.022829403101082613,0.10094911055511635,0.0,0.0,0.0,0.0,0.0,0.0,1.0
2025-05-15,0.06184206138462475,0.0389540907577564,0.06184206138462475,0.0389540907577564,0.10079615214238116,0.02288797062686835,0.0001529584127351949,0.0,0.0,0.0,0.0,0.0,0.0,1.0
2025-05-16,0.060659540145412486,0.03843753872203912,0.060659540145412486,0.03843753872203912,0.09909707886745162,0.022222001423373362,0.0016990732749295467,0.0,0.0,0.0,0.0,0.0,0.0,1.0
2025-05-19,0.0,-0.0,0.0,0.0,0.0,0.0,0.09909707886745162,0.0,0.0,0.0,0.0,0.0,0.0,1.0
2025-05-20,0.0,-0.0,0.0,0.0,0.0,0.0,0.0,0.0,0.0,0.0,0.0,0.0,0.0,1.0
2025-05-21,0.0,-0.0,0.0,0.0,0.0,0.0,0.0,0.0,0.0,0.0,0.0,0.0,0.0,1.0
2025-05-22,0.0,-0.0,0.0,0.0,0.0,0.0,0.0,0.0,0.0,0.0,0.0,0.0,0.0,1.0
2025-05-23,0.0,-0.0,0.0,0.0,0.0,0.0,0.0,0.0,0.0,0.0,0.0,0.0,0.0,1.0
2025-05-27,0.0,-0.0,0.0,0.0,0.0,0.0,0.0,0.0,0.0,0.0,0.0,0.0,0.0,1.0
2025-05-28,0.0,-0.0,0.0,0.0,0.0,0.0,0.0,0.0,0.0,0.0,0.0,0.0,0.0,1.0
2025-05-29,0.0,-0.0,0.0,0.0,0.0,0.0,0.0,0.0,0.0,0.0,0.0,0.0,0.0,1.0
2025-05-30,0.0,-0.0,0.0,0.0,0.0,0.0,0.0,0.0,0.0,0.0,0.0,0.0,0.0,1.0
2025-06-02,0.0,-0.0,0.0,0.0,0.0,0.0,0.0,0.0,0.0,0.0,0.0,0.0,0.0,1.0
2025-06-03,0.0,-0.0,0.0,0.0,0.0,0.0,0.0,0.0,0.0,0.0,0.0,0.0,0.0,1.0
2025-06-04,0.0,-0.0,0.0,0.0,0.0,0.0,0.0,0.0,0.0,0.0,0.0,0.0,0.0,1.0
2025-06-05,0.0,-0.0,0.0,0.0,0.0,0.0,0.0,0.0,0.0,0.0,0.0,0.0,0.0,1.0
2025-06-06,0.0,-0.0,0.0,0.0,0.0,0.0,0.0,0.0,0.0,0.0,0.0,0.0,0.0,1.0
2025-06-09,0.0,-0.0,0.0,0.0,0.0,0.0,0.0,0.0,0.0,0.0,0.0,0.0,0.0,1.0
2025-06-10,0.0,-0.0,0.0,0.0,0.0,0.0,0.0,0.0,0.0,0.0,0.0,0.0,0.0,1.0
2025-06-11,0.0,-0.0,0.0,0.0,0.0,0.0,0.0,0.0,0.0,0.0,0.0,0.0,0.0,1.0
2025-06-12,0.0,-0.0,0.0,0.0,0.0,0.0,0.0,0.0,0.0,0.0,0.0,0.0,0.0,1.0
2025-06-13,0.0,-0.0,0.0,0.0,0.0,0.0,0.0,0.0,0.0,0.0,0.0,0.0,0.0,1.0
2025-06-16,0.10719613034192485,0.10540214222095712,0.10039858898883114,0.11219968357405083,0.21259827256288197,0.0017939881209677322,0.21259827256288197,0.0,0.0,0.0,0.0,0.0,0.0,1.0
2025-06-17,0.0972926658134443,0.09626601242615887,0.0891819756761445,0.10437670256345867,0.19355867823960315,0.0010266533872854283,0.023200561359055585,0.0,0.0,0.0,0.0,0.0,0.0,1.0
2025-06-18,0.09755484237164108,0.09635243548041117,0.0891491918054941,0.10475808604655815,0.19390727785205225,0.0012024068912299124,0.00041416735374987055,0.0,0.0,0.0,0.0,0.0,0.0,1.0
2025-06-20,0.10019642453854506,0.1002872624224439,0.08943483758013769,0.11104884938085127,0.20048368696098895,-9.08378838988394e-05,0.006576409108936713,0.0,0.0,0.0,0.0,0.0,0.0,1.0
2025-06-23,0.10215835948763734,0.10216693495839599,0.09093603715613362,0.11338925728989971,0.2043252944460333,-8.57547075865106e-06,0.003841607485044354,0.0,0.0,0.0,0.0,0.0,0.0,1.0
2025-06-24,0.09510235907380356,0.0945460712020737,0.08844264287677514,0.10120578739910212,0.18964843027587724,0.0005562878717298575,0.014676864170156066,0.0,0.0,0.0,0.0,0.0,0.0,1.0
2025-06-25,0.0977969668474567,0.09724516857448241,0.0917390844311719,0.10330305099076721,0.1950421354219391,0.0005517982729742882,0.006588393510037945,0.0,0.0,0.0,0.0,0.0,0.0,1.0
2025-06-26,0.09614382938110944,0.09543748963689487,0.09038724490333094,0.10119407411467336,0.1915813190180043,0.0007063397442145652,0.003460816403934806,0.0,0.0,0.0,0.0,0.0,0.0,1.0
2025-06-27,0.0,-0.0,0.0,0.0,0.0,0.0,0.1915813190180043,0.0,0.0,0.0,0.0,0.0,0.0,1.0
2025-06-30,0.0,-0.0,0.0,0.0,0.0,0.0,0.0,0.0,0.0,0.0,0.0,0.0,0.0,1.0
2025-07-01,0.0,-0.0,0.0,0.0,0.0,0.0,0.0,0.0,0.0,0.0,0.0,0.0,0.0,1.0
2025-07-02,0.0,-0.0,0.0,0.0,0.0,0.0,0.0,0.0,0.0,0.0,0.0,0.0,0.0,1.0
2025-07-03,0.0,-0.0,0.0,0.0,0.0,0.0,0.0,0.0,0.0,0.0,0.0,0.0,0.0,1.0
2025-07-07,0.0,-0.0,0.0,0.0,0.0,0.0,0.0,0.0,0.0,0.0,0.0,0.0,0.0,1.0
2025-07-08,0.0,-0.0,0.0,0.0,0.0,0.0,0.0,0.0,0.0,0.0,0.0,0.0,0.0,1.0
2025-07-09,0.0,-0.0,0.0,0.0,0.0,0.0,0.0,0.0,0.0,0.0,0.0,0.0,0.0,1.0
2025-07-10,0.0,-0.0,0.0,0.0,0.0,0.0,0.0,0.0,0.0,0.0,0.0,0.0,0.0,1.0
2025-07-11,0.0,-0.0,0.0,0.0,0.0,0.0,0.0,0.0,0.0,0.0,0.0,0.0,0.0,1.0
2025-07-14,0.0,-0.0,0.0,0.0,0.0,0.0,0.0,0.0,0.0,0.0,0.0,0.0,0.0,1.0
2025-07-15,0.09622835722382388,0.09888695304982414,0.09888695304982414,0.09622835722382388,0.19511531027364803,-0.002658595826000268,0.19511531027364803,0.0,0.0,0.0,0.0,0.0,0.0,1.0
2025-07-16,0.10163019306766448,0.10680117226633308,0.10561318422481963,0.10281818110917793,0.20843136533399756,-0.0051709791986686016,0.014479923434628495,0.0,0.0,0.0,0.0,0.0,0.0,1.0
2025-07-17,0.10246395327441252,0.10747767804924524,0.10582447291837876,0.10411715840527899,0.20994163132365776,-0.005013724774832723,0.0015102659896602034,0.0,0.0,0.0,0.0,0.0,0.0,1.0
2025-07-18,0.10606231783339008,0.11547614197381233,0.11040936572763949,0.11112909407956292,0.2215384598072024,-0.009413824140422244,0.011596828483544645,0.0,0.0,0.0,0.0,0.0,0.0,1.0
2025-07-21,0.0,-0.0,0.0,0.0,0.0,0.0,0.2215384598072024,0.0,0.0,0.0,0.0,0.0,0.0,1.0
2025-07-22,0.0,-0.0,0.0,0.0,0.0,0.0,0.0,0.0,0.0,0.0,0.0,0.0,0.0,1.0
2025-07-23,0.027755008384663545,0.0030882452408323474,0.027755008384663545,0.0030882452408323474,0.030843253625495892,0.024666763143831198,0.030843253625495892,0.0,0.0,0.0,0.0,0.0,0.0,1.0
2025-07-24,0.027560009866941487,0.005976983058265623,0.027560009866941487,0.005976983058265623,0.03353699292520711,0.021583026808675864,0.0030837363351553337,0.0,0.0,0.0,0.0,0.0,0.0,1.0
2025-07-25,0.0,-0.0,0.0,0.0,0.0,0.0,0.03353699292520711,0.0,0.0,0.0,0.0,0.0,0.0,1.0
2025-07-28,0.0,-0.0,0.0,0.0,0.0,0.0,0.0,0.0,0.0,0.0,0.0,0.0,0.0,1.0
2025-07-29,0.0,-0.0,0.0,0.0,0.0,0.0,0.0,0.0,0.0,0.0,0.0,0.0,0.0,1.0
2025-07-30,0.0,-0.0,0.0,0.0,0.0,0.0,0.0,0.0,0.0,0.0,0.0,0.0,0.0,1.0
2025-07-31,0.0,-0.0,0.0,0.0,0.0,0.0,0.0,0.0,0.0,0.0,0.0,0.0,0.0,1.0
2025-08-01,0.0,-0.0,0.0,0.0,0.0,0.0,0.0,0.0,0.0,0.0,0.0,0.0,0.0,1.0
2025-08-04,0.0,-0.0,0.0,0.0,0.0,0.0,0.0,0.0,0.0,0.0,0.0,0.0,0.0,1.0
2025-08-05,0.0,-0.0,0.0,0.0,0.0,0.0,0.0,0.0,0.0,0.0,0.0,0.0,0.0,1.0
2025-08-06,0.0,-0.0,0.0,0.0,0.0,0.0,0.0,0.0,0.0,0.0,0.0,0.0,0.0,1.0
2025-08-07,0.0,-0.0,0.0,0.0,0.0,0.0,0.0,0.0,0.0,0.0,0.0,0.0,0.0,1.0
2025-08-08,0.0,-0.0,0.0,0.0,0.0,0.0,0.0,0.0,0.0,0.0,0.0,0.0,0.0,1.0
2025-08-11,0.0,-0.0,0.0,0.0,0.0,0.0,0.0,0.0,0.0,0.0,0.0,0.0,0.0,1.0
2025-08-12,0.0,-0.0,0.0,0.0,0.0,0.0,0.0,0.0,0.0,0.0,0.0,0.0,0.0,1.0
2025-08-13,0.0,-0.0,0.0,0.0,0.0,0.0,0.0,0.0,0.0,0.0,0.0,0.0,0.0,1.0
2025-08-14,0.0,-0.0,0.0,0.0,0.0,0.0,0.0,0.0,0.0,0.0,0.0,0.0,0.0,1.0
2025-08-15,0.0,-0.0,0.0,0.0,0.0,0.0,0.0,0.0,0.0,0.0,0.0,0.0,0.0,1.0
2025-08-18,0.0,-0.0,0.0,0.0,0.0,0.0,0.0,0.0,0.0,0.0,0.0,0.0,0.0,1.0
2025-08-19,0.0,-0.0,0.0,0.0,0.0,0.0,0.0,0.0,0.0,0.0,0.0,0.0,0.0,1.0
2025-08-20,0.0,-0.0,0.0,0.0,0.0,0.0,0.0,0.0,0.0,0.0,0.0,0.0,0.0,1.0
2025-08-21,0.0,-0.0,0.0,0.0,0.0,0.0,0.0,0.0,0.0,0.0,0.0,0.0,0.0,1.0
2025-08-22,0.0,-0.0,0.0,0.0,0.0,0.0,0.0,0.0,0.0,0.0,0.0,0.0,0.0,1.0
2025-08-25,0.0,-0.0,0.0,0.0,0.0,0.0,0.0,0.0,0.0,0.0,0.0,0.0,0.0,1.0
2025-08-26,0.0,-0.0,0.0,0.0,0.0,0.0,0.0,0.0,0.0,0.0,0.0,0.0,0.0,1.0
2025-08-27,0.0,-0.0,0.0,0.0,0.0,0.0,0.0,0.0,0.0,0.0,0.0,0.0,0.0,1.0
2025-08-28,0.0,-0.0,0.0,0.0,0.0,0.0,0.0,0.0,0.0,0.0,0.0,0.0,0.0,1.0
2025-08-29,0.0,-0.0,0.0,0.0,0.0,0.0,0.0,0.0,0.0,0.0,0.0,0.0,0.0,1.0
2025-09-02,0.0,-0.0,0.0,0.0,0.0,0.0,0.0,0.0,0.0,0.0,0.0,0.0,0.0,1.0
2025-09-03,0.0,-0.0,0.0,0.0,0.0,0.0,0.0,0.0,0.0,0.0,0.0,0.0,0.0,1.0
2025-09-04,0.0,-0.0,0.0,0.0,0.0,0.0,0.0,0.0,0.0,0.0,0.0,0.0,0.0,1.0
2025-09-05,0.0,-0.0,0.0,0.0,0.0,0.0,0.0,0.0,0.0,0.0,0.0,0.0,0.0,1.0
2025-09-08,0.0,-0.0,0.0,0.0,0.0,0.0,0.0,0.0,0.0,0.0,0.0,0.0,0.0,1.0
2025-09-09,0.0,-0.0,0.0,0.0,0.0,0.0,0.0,0.0,0.0,0.0,0.0,0.0,0.0,1.0
2025-09-10,0.0,-0.0,0.0,0.0,0.0,0.0,0.0,0.0,0.0,0.0,0.0,0.0,0.0,1.0
2025-09-11,0.0,-0.0,0.0,0.0,0.0,0.0,0.0,0.0,0.0,0.0,0.0,0.0,0.0,1.0
2025-09-12,0.038030437181614696,0.05826199808945317,0.038030437181614696,0.05826199808945317,0.09629243527106787,-0.020231560907838474,0.09629243527106787,0.0,0.0,0.0,0.0,0.0,0.0,1.0
2025-09-15,0.03605010141731337,0.056003052201033736,0.03605010141731337,0.056003052201033736,0.09205315361834711,-0.019952950783720363,0.004239281652720757,0.0,0.0,0.0,0.0,0.0,0.0,1.0
2025-09-16,0.035766131754221824,0.055615478684077756,0.035766131754221824,0.055615478684077756,0.09138161043829958,-0.019849346929855932,0.0006715431800475291,0.0,0.0,0.0,0.0,0.0,0.0,1.0
2025-09-17,0.0,-0.0,0.0,0.0,0.0,0.0,0.09138161043829958,0.0,0.0,0.0,0.0,0.0,0.0,1.0
2025-09-18,0.0,-0.0,0.0,0.0,0.0,0.0,0.0,0.0,0.0,0.0,0.0,0.0,0.0,1.0
2025-09-19,0.035367332533109995,0.04712866304944335,0.035367332533109995,0.04712866304944335,0.08249599558255336,-0.011761330516333358,0.08249599558255336,0.0,0.0,0.0,0.0,0.0,0.0,1.0
2025-09-22,0.03529911962581852,0.044647538794779486,0.03529911962581852,0.044647538794779486,0.079946658420598,-0.009348419168960967,0.0025493371619553437,0.0,0.0,0.0,0.0,0.0,0.0,1.0
2025-09-23,0.03525865456541579,0.044744361799628644,0.03525865456541579,0.044744361799628644,0.08000301636504444,-0.009485707234212853,0.00013728806525188653,0.0,0.0,0.0,0.0,0.0,0.0,1.0
2025-09-24,0.03434902852363499,0.0421920548641624,0.03434902852363499,0.0421920548641624,0.07654108338779739,-0.007843026340527408,0.003461932977247041,0.0,0.0,0.0,0.0,0.0,0.0,1.0
2025-09-25,0.0,-0.0,0.0,0.0,0.0,0.0,0.07654108338779739,0.0,0.0,0.0,0.0,0.0,0.0,1.0
2025-09-26,0.0,-0.0,0.0,0.0,0.0,0.0,0.0,0.0,0.0,0.0,0.0,0.0,0.0,1.0
2025-09-29,0.0,-0.0,0.0,0.0,0.0,0.0,0.0,0.0,0.0,0.0,0.0,0.0,0.0,1.0
2025-09-30,0.0,-0.0,0.0,0.0,0.0,0.0,0.0,0.0,0.0,0.0,0.0,0.0,0.0,1.0
2025-10-01,0.0,-0.0,0.0,0.0,0.0,0.0,0.0,0.0,0.0,0.0,0.0,0.0,0.0,1.0
2025-10-02,0.0,-0.0,0.0,0.0,0.0,0.0,0.0,0.0,0.0,0.0,0.0,0.0,0.0,1.0
2025-10-03,0.0,-0.0,0.0,0.0,0.0,0.0,0.0,0.0,0.0,0.0,0.0,0.0,0.0,1.0
2025-10-06,0.0,-0.0,0.0,0.0,0.0,0.0,0.0,0.0,0.0,0.0,0.0,0.0,0.0,1.0
2025-10-07,0.0,-0.0,0.0,0.0,0.0,0.0,0.0,0.0,0.0,0.0,0.0,0.0,0.0,1.0
2025-10-08,0.0,-0.0,0.0,0.0,0.0,0.0,0.0,0.0,0.0,0.0,0.0,0.0,0.0,1.0
2025-10-09,0.0,-0.0,0.0,0.0,0.0,0.0,0.0,0.0,0.0,0.0,0.0,0.0,0.0,1.0
2025-10-10,0.0,-0.0,0.0,0.0,0.0,0.0,0.0,0.0,0.0,0.0,0.0,0.0,0.0,1.0
2025-10-13,0.0,-0.0,0.0,0.0,0.0,0.0,0.0,0.0,0.0,0.0,0.0,0.0,0.0,1.0
2025-10-14,0.0,-0.0,0.0,0.0,0.0,0.0,0.0,0.0,0.0,0.0,0.0,0.0,0.0,1.0
2025-10-15,0.0,-0.0,0.0,0.0,0.0,0.0,0.0,0.0,0.0,0.0,0.0,0.0,0.0,1.0
2025-10-16,0.0,-0.0,0.0,0.0,0.0,0.0,0.0,0.0,0.0,0.0,0.0,0.0,0.0,1.0
2025-10-17,0.0,-0.0,0.0,0.0,0.0,0.0,0.0,0.0,0.0,0.0,0.0,0.0,0.0,1.0
2025-10-20,0.0,-0.0,0.0,0.0,0.0,0.0,0.0,0.0,0.0,0.0,0.0,0.0,0.0,1.0
2025-10-21,0.0,-0.0,0.0,0.0,0.0,0.0,0.0,0.0,0.0,0.0,0.0,0.0,0.0,1.0
2025-10-22,0.0,-0.0,0.0,0.0,0.0,0.0,0.0,0.0,0.0,0.0,0.0,0.0,0.0,1.0
2025-10-23,0.0,-0.0,0.0,0.0,0.0,0.0,0.0,0.0,0.0,0.0,0.0,0.0,0.0,1.0
2025-10-24,0.0,-0.0,0.0,0.0,0.0,0.0,0.0,0.0,0.0,0.0,0.0,0.0,0.0,1.0
2025-10-27,0.0,-0.0,0.0,0.0,0.0,0.0,0.0,0.0,0.0,0.0,0.0,0.0,0.0,1.0
2025-10-28,0.0,-0.0,0.0,0.0,0.0,0.0,0.0,0.0,0.0,0.0,0.0,0.0,0.0,1.0
2025-10-29,0.0,-0.0,0.0,0.0,0.0,0.0,0.0,0.0,0.0,0.0,0.0,0.0,0.0,1.0
2025-10-30,0.05126909786109463,0.045664172630195454,0.045664172630195454,0.05126909786109463,0.09693327049129008,0.0056049252308991784,0.09693327049129008,0.0,0.0,0.0,0.0,0.0,0.0,1.0
2025-10-31,0.04144074875486078,0.03536911048790011,0.03536911048790011,0.04144074875486078,0.07680985924276089,0.006071638266960666,0.020123411248529198,0.0,0.0,0.0,0.0,0.0,0.0,1.0
2025-11-03,0.041431471319438314,0.035414473572263516,0.035414473572263516,0.041431471319438314,0.07684594489170182,0.006016997747174797,5.464051978586876e-05,0.0,0.0,0.0,0.0,0.0,0.0,1.0
2025-11-04,0.04167856491513613,0.035187659203334956,0.035187659203334956,0.04167856491513613,0.07686622411847108,0.006490905711801172,0.0004739079646263744,0.0,0.0,0.0,0.0,0.0,0.0,1.0
2025-11-05,0.04079086225298823,0.03513082845713814,0.03513082845713814,0.04079086225298823,0.07592169071012637,0.005660033795850089,0.0009445334083447096,0.0,0.0,0.0,0.0,0.0,0.0,1.0
2025-11-06,0.04155019480146135,0.03512908365837591,0.03512908365837591,0.04155019480146135,0.07667927845983726,0.0064211111430854395,0.0007610773472353505,0.0,0.0,0.0,0.0,0.0,0.0,1.0
2025-11-07,0.04147752173000955,0.035399535250259385,0.035399535250259385,0.04147752173000955,0.07687705698026893,0.006077986479750164,0.0003431246633352758,0.0,0.0,0.0,0.0,0.0,0.0,1.0
2025-11-10,0.0,-0.0,0.0,0.0,0.0,0.0,0.07687705698026893,0.0,0.0,0.0,0.0,0.0,0.0,1.0
2025-11-11,0.0,-0.0,0.0,0.0,0.0,0.0,0.0,0.0,0.0,0.0,0.0,0.0,0.0,1.0
2025-11-12,0.0,-0.0,0.0,0.0,0.0,0.0,0.0,0.0,0.0,0.0,0.0,0.0,0.0,1.0
2025-11-13,0.0,-0.0,0.0,0.0,0.0,0.0,0.0,0.0,0.0,0.0,0.0,0.0,0.0,1.0
2025-11-14,0.0,-0.0,0.0,0.0,0.0,0.0,0.0,0.0,0.0,0.0,0.0,0.0,0.0,1.0
2025-11-17,0.0,-0.0,0.0,0.0,0.0,0.0,0.0,0.0,0.0,0.0,0.0,0.0,0.0,1.0
2025-11-18,0.0,-0.0,0.0,0.0,0.0,0.0,0.0,0.0,0.0,0.0,0.0,0.0,0.0,1.0
2025-11-19,0.0,-0.0,0.0,0.0,0.0,0.0,0.0,0.0,0.0,0.0,0.0,0.0,0.0,1.0
2025-11-20,0.0,-0.0,0.0,0.0,0.0,0.0,0.0,0.0,0.0,0.0,0.0,0.0,0.0,1.0
2025-11-21,0.0,-0.0,0.0,0.0,0.0,0.0,0.0,0.0,0.0,0.0,0.0,0.0,0.0,1.0
2025-11-24,0.0,-0.0,0.0,0.0,0.0,0.0,0.0,0.0,0.0,0.0,0.0,0.0,0.0,1.0
2025-11-25,0.0,-0.0,0.0,0.0,0.0,0.0,0.0,0.0,0.0,0.0,0.0,0.0,0.0,1.0
2025-11-26,0.0,-0.0,0.0,0.0,0.0,0.0,0.0,0.0,0.0,0.0,0.0,0.0,0.0,1.0
2025-11-28,0.0,-0.0,0.0,0.0,0.0,0.0,0.0,0.0,0.0,0.0,0.0,0.0,0.0,1.0
2025-12-01,0.0,-0.0,0.0,0.0,0.0,0.0,0.0,0.0,0.0,0.0,0.0,0.0,0.0,1.0
2025-12-02,0.0,-0.0,0.0,0.0,0.0,0.0,0.0,0.0,0.0,0.0,0.0,0.0,0.0,1.0
2025-12-03,0.0,-0.0,0.0,0.0,0.0,0.0,0.0,0.0,0.0,0.0,0.0,0.0,0.0,1.0
2025-12-04,0.0,-0.0,0.0,0.0,0.0,0.0,0.0,0.0,0.0,0.0,0.0,0.0,0.0,1.0
2025-12-05,0.0,-0.0,0.0,0.0,0.0,0.0,0.0,0.0,0.0,0.0,0.0,0.0,0.0,1.0
2025-12-08,0.17807202462631683,0.12858973639919655,0.12858973639919655,0.17807202462631683,0.30666176102551335,0.04948228822712028,0.30666176102551335,0.0,0.0,0.0,0.0,0.0,0.0,1.0
2025-12-09,0.18217435428175702,0.13356055778314743,0.13356055778314743,0.18217435428175702,0.31573491206490445,0.0486137964986096,0.009073151039391087,0.0,0.0,0.0,0.0,0.0,0.0,1.0
2025-12-10,0.0,-0.0,0.0,0.0,0.0,0.0,0.31573491206490445,0.0,0.0,0.0,0.0,0.0,0.0,1.0
2025-12-11,0.15532691691736247,0.11017829787916396,0.11017829787916396,0.15532691691736247,0.26550521479652645,0.0451486190381985,0.26550521479652645,0.0,0.0,0.0,0.0,0.0,0.0,1.0
2025-12-12,0.15498831042343367,0.11021037529163454,0.11021037529163454,0.15498831042343367,0.2651986857150682,0.04477793513179913,0.00039324511486881625,0.0,0.0,0.0,0.0,0.0,0.0,1.0
2025-12-15,0.0,-0.0,0.0,0.0,0.0,0.0,0.2651986857150682,0.0,0.0,0.0,0.0,0.0,0.0,1.0
2025-12-16,0.0619521736378842,0.08865583189102147,0.0619521736378842,0.08865583189102147,0.1506080055289057,-0.026703658253137266,0.1506080055289057,0.0,0.0,0.0,0.0,0.0,0.0,1.0
2025-12-17,0.06253826943033455,0.08930598074625955,0.06253826943033455,0.08930598074625955,0.1518442501765941,-0.026767711315924994,0.0012362446476884281,0.0,0.0,0.0,0.0,0.0,0.0,1.0
2025-12-18,0.057515643717650056,0.08768889241537584,0.057515643717650056,0.08768889241537584,0.1452045361330259,-0.03017324869772578,0.0066397140435682095,0.0,0.0,0.0,0.0,0.0,0.0,1.0
2025-12-19,0.05800305042516765,0.08810841280779445,0.05800305042516765,0.08810841280779445,0.1461114632329621,-0.030105362382626802,0.0009069270999362139,0.0,0.0,0.0,0.0,0.0,0.0,1.0
2025-12-22,0.3318676874401729,0.2798124884300328,0.24937917338472843,0.3623010024854773,0.6116801758702057,0.052055199010140066,0.46556871263724364,0.0,0.0,0.0,0.0,0.0,0.0,1.0
2025-12-23,0.0599711950166503,0.0918310299787017,0.0599711950166503,0.0918310299787017,0.151802224995352,-0.0318598349620514,0.4661249234032897,0.0,0.0,0.0,0.0,0.0,0.0,1.0
2025-12-24,0.061881655591687935,0.09461080391449048,0.061881655591687935,0.09461080391449048,0.1564924595061784,-0.03272914832280254,0.004690234510826417,0.0,0.0,0.0,0.0,0.0,0.0,1.0
2025-12-26,0.06210992177061399,0.09503524390008963,0.06210992177061399,0.09503524390008963,0.15714516567070363,-0.032925322129475645,0.0006527061645252089,0.0,0.0,0.0,0.0,0.0,0.0,1.0
2025-12-29,0.06223300425078866,0.09565888726693254,0.06223300425078866,0.09565888726693254,0.1578918915177212,-0.03342588301614388,0.0007467258470175847,0.0,0.0,0.0,0.0,0.0,0.0,1.0
2025-12-30,0.06237004971895729,0.0956740888182549,0.06237004971895729,0.0956740888182549,0.1580441385372122,-0.033304039099297605,0.0001522470194909864,0.0,0.0,0.0,0.0,0.0,0.0,1.0
2025-12-31,0.06254479632541636,0.09577960337999512,0.06254479632541636,0.09577960337999512,0.15832439970541148,-0.03323480705457876,0.0002802611681992917,0.0,0.0,0.0,0.0,0.0,0.0,1.0
