date,long_gross,short_gross,stock_gross,hedge_gross,gross_exposure,net_exposure,turnover,net_XLK_exposure
2021-12-08,0.0,-0.0,0.0,0.0,0.0,0.0,0.0,0.0
2021-12-09,0.0,-0.0,0.0,0.0,0.0,0.0,0.0,0.0
2021-12-10,0.0,-0.0,0.0,0.0,0.0,0.0,0.0,0.0
2021-12-13,0.0,-0.0,0.0,0.0,0.0,0.0,0.0,0.0
2021-12-14,0.0,-0.0,0.0,0.0,0.0,0.0,0.0,0.0
2021-12-15,0.0,-0.0,0.0,0.0,0.0,0.0,0.0,0.0
2021-12-16,0.0,-0.0,0.0,0.0,0.0,0.0,0.0,0.0
2021-12-17,0.035851729025725323,0.05,0.05,0.035851729025725323,0.08585172902572533,-0.01414827097427468,0.08585172902572533,0.0
2021-12-20,0.0,-0.0,0.0,0.0,0.0,0.0,0.08585172902572533,0.0
2021-12-21,0.0,-0.0,0.0,0.0,0.0,0.0,0.0,0.0
2021-12-22,0.0,-0.0,0.0,0.0,0.0,0.0,0.0,0.0
2021-12-23,0.0,-0.0,0.0,0.0,0.0,0.0,0.0,0.0
2021-12-27,0.0,-0.0,0.0,0.0,0.0,0.0,0.0,0.0
2021-12-28,0.0,-0.0,0.0,0.0,0.0,0.0,0.0,0.0
2021-12-29,0.0,-0.0,0.0,0.0,0.0,0.0,0.0,0.0
2021-12-30,0.01904438792775691,0.05,0.05,0.01904438792775691,0.06904438792775691,-0.030955612072243094,0.06904438792775691,0.0
2021-12-31,0.019175718228245254,0.05,0.05,0.019175718228245254,0.06917571822824525,-0.03082428177175475,0.00013133030048834496,0.0
2022-01-03,0.019711450797020642,0.05,0.05,0.019711450797020642,0.06971145079702065,-0.03028854920297936,0.0005357325687753885,0.0
2022-01-04,0.018858155921686305,0.05,0.05,0.018858155921686305,0.06885815592168631,-0.031141844078313698,0.0008532948753343372,0.0
2022-01-05,0.0,-0.0,0.0,0.0,0.0,0.0,0.06885815592168631,0.0
2022-01-06,0.0,-0.0,0.0,0.0,0.0,0.0,0.0,0.0
2022-01-07,0.0,-0.0,0.0,0.0,0.0,0.0,0.0,0.0
2022-01-10,0.0,-0.0,0.0,0.0,0.0,0.0,0.0,0.0
2022-01-11,0.0,-0.0,0.0,0.0,0.0,0.0,0.0,0.0
2022-01-12,0.0,-0.0,0.0,0.0,0.0,0.0,0.0,0.0
2022-01-13,0.0,-0.0,0.0,0.0,0.0,0.0,0.0,0.0
2022-01-14,0.0,-0.0,0.0,0.0,0.0,0.0,0.0,0.0
2022-01-18,0.0,-0.0,0.0,0.0,0.0,0.0,0.0,0.0
2022-01-19,0.0,-0.0,0.0,0.0,0.0,0.0,0.0,0.0
2022-01-20,0.040854705553073946,0.05,0.05,0.040854705553073946,0.09085470555307396,-0.009145294446926057,0.09085470555307396,0.0
2022-01-21,0.04159365189601881,0.05,0.05,0.04159365189601881,0.09159365189601881,-0.008406348103981193,0.0007389463429448642,0.0
2022-01-24,0.039312679691414214,0.05,0.05,0.039312679691414214,0.08931267969141421,-0.010687320308585789,0.0022809722046045963,0.0
2022-01-25,0.03951244506903003,0.05,0.05,0.03951244506903003,0.08951244506903003,-0.010487554930969971,0.00019976537761581814,0.0
2022-01-26,0.04017702397868684,0.05,0.05,0.04017702397868684,0.09017702397868685,-0.009822976021313164,0.0006645789096568072,0.0
2022-01-27,0.04083158659790939,0.05,0.05,0.04083158659790939,0.0908315865979094,-0.009168413402090611,0.0006545626192225526,0.0
2022-01-28,0.041159934085670404,0.05,0.05,0.041159934085670404,0.09115993408567041,-0.0088400659143296,0.0003283474877610118,0.0
2022-01-31,0.037970966969453956,0.05,0.05,0.037970966969453956,0.08797096696945396,-0.012029033030546046,0.003188967116216447,0.0
2022-02-01,0.0375832330326412,0.05,0.05,0.0375832330326412,0.0875832330326412,-0.0124167669673588,0.0003877339368127536,0.0
2022-02-02,0.037714486312382556,0.05,0.05,0.037714486312382556,0.08771448631238256,-0.012285513687617447,0.00013125327974135292,0.0
2022-02-03,0.03840021476753514,0.05,0.05,0.03840021476753514,0.08840021476753515,-0.011599785232464861,0.0006857284551525858,0.0
2022-02-04,0.042617004127819325,0.05,0.05,0.042617004127819325,0.09261700412781933,-0.007382995872180678,0.004216789360284183,0.0
2022-02-07,0.0,-0.0,0.0,0.0,0.0,0.0,0.09261700412781933,0.0
2022-02-08,0.0,-0.0,0.0,0.0,0.0,0.0,0.0,0.0
2022-02-09,0.0,-0.0,0.0,0.0,0.0,0.0,0.0,0.0
2022-02-10,0.0,-0.0,0.0,0.0,0.0,0.0,0.0,0.0
2022-02-11,0.0,-0.0,0.0,0.0,0.0,0.0,0.0,0.0
2022-02-14,0.0,-0.0,0.0,0.0,0.0,0.0,0.0,0.0
2022-02-15,0.0,-0.0,0.0,0.0,0.0,0.0,0.0,0.0
2022-02-16,0.0,-0.0,0.0,0.0,0.0,0.0,0.0,0.0
2022-02-17,0.0,-0.0,0.0,0.0,0.0,0.0,0.0,0.0
2022-02-18,0.0,-0.0,0.0,0.0,0.0,0.0,0.0,0.0
2022-02-22,0.0,-0.0,0.0,0.0,0.0,0.0,0.0,0.0
2022-02-23,0.0,-0.0,0.0,0.0,0.0,0.0,0.0,0.0
2022-02-24,0.0,-0.0,0.0,0.0,0.0,0.0,0.0,0.0
2022-02-25,0.0,-0.0,0.0,0.0,0.0,0.0,0.0,0.0
2022-02-28,0.0,-0.0,0.0,0.0,0.0,0.0,0.0,0.0
2022-03-01,0.0,-0.0,0.0,0.0,0.0,0.0,0.0,0.0
2022-03-02,0.0,-0.0,0.0,0.0,0.0,0.0,0.0,0.0
2022-03-03,0.0,-0.0,0.0,0.0,0.0,0.0,0.0,0.0
2022-03-04,0.04059118307652715,0.05,0.05,0.04059118307652715,0.09059118307652715,-0.009408816923472854,0.09059118307652715,0.0
2022-03-07,0.0,-0.0,0.0,0.0,0.0,0.0,0.0,0.0
2022-03-08,0.0,-0.0,0.0,0.0,0.0,0.0,0.0,0.0
2022-03-09,0.0,-0.0,0.0,0.0,0.0,0.0,0.0,0.0
2022-03-10,0.0,-0.0,0.0,0.0,0.0,0.0,0.0,0.0
2022-03-11,0.040080854487109824,0.05,0.05,0.040080854487109824,0.09008085448710983,-0.009919145512890179,0.09008085448710983,0.0
2022-03-14,0.03999906227411717,0.05,0.05,0.03999906227411717,0.08999906227411716,-0.010000937725882834,8.179221299265543e-05,0.0
2022-03-15,0.040594162437104286,0.05,0.05,0.040594162437104286,0.09059416243710429,-0.009405837562895716,0.000595100162987118,0.0
2022-03-16,0.04082267698637465,0.05,0.05,0.04082267698637465,0.09082267698637465,-0.009177323013625352,0.0002285145492703644,0.0
2022-03-17,0.040491153000933075,0.05,0.05,0.040491153000933075,0.09049115300093308,-0.009508846999066928,0.0003315239854415758,0.0
2022-03-18,0.04058999349188495,0.05,0.05,0.04058999349188495,0.09058999349188496,-0.009410006508115056,9.884049095187225e-05,0.0
2022-03-21,0.040761581421306425,0.05,0.05,0.040761581421306425,0.09076158142130643,-0.009238418578693577,0.0001715879294214781,0.0
2022-03-22,0.041020222759991926,0.05,0.05,0.041020222759991926,0.09102022275999193,-0.008979777240008077,0.0002586413386855002,0.0
2022-03-23,0.040990151796681085,0.05,0.05,0.040990151796681085,0.09099015179668109,-0.009009848203318918,3.0070963310840915e-05,0.0
2022-03-24,0.040904824023263564,0.05,0.05,0.040904824023263564,0.09090482402326357,-0.009095175976736439,8.532777341752062e-05,0.0
2022-03-25,0.041301525344611956,0.05,0.05,0.041301525344611956,0.09130152534461196,-0.008698474655388047,0.00039670132134839164,0.0
2022-03-28,0.041328226924778805,0.05,0.05,0.041328226924778805,0.09132822692477881,-0.008671773075221198,2.6701580166849093e-05,0.0
2022-03-29,0.0,-0.0,0.0,0.0,0.0,0.0,0.09132822692477881,0.0
2022-03-30,0.0,-0.0,0.0,0.0,0.0,0.0,0.0,0.0
2022-03-31,0.0,-0.0,0.0,0.0,0.0,0.0,0.0,0.0
2022-04-01,0.0,-0.0,0.0,0.0,0.0,0.0,0.0,0.0
2022-04-04,0.0,-0.0,0.0,0.0,0.0,0.0,0.0,0.0
2022-04-05,0.0,-0.0,0.0,0.0,0.0,0.0,0.0,0.0
2022-04-06,0.0,-0.0,0.0,0.0,0.0,0.0,0.0,0.0
2022-04-07,0.0,-0.0,0.0,0.0,0.0,0.0,0.0,0.0
2022-04-08,0.0,-0.0,0.0,0.0,0.0,0.0,0.0,0.0
2022-04-11,0.0,-0.0,0.0,0.0,0.0,0.0,0.0,0.0
2022-04-12,0.0,-0.0,0.0,0.0,0.0,0.0,0.0,0.0
2022-04-13,0.0,-0.0,0.0,0.0,0.0,0.0,0.0,0.0
2022-04-14,0.0,-0.0,0.0,0.0,0.0,0.0,0.0,0.0
2022-04-18,0.0,-0.0,0.0,0.0,0.0,0.0,0.0,0.0
2022-04-19,0.0,-0.0,0.0,0.0,0.0,0.0,0.0,0.0
2022-04-20,0.0,-0.0,0.0,0.0,0.0,0.0,0.0,0.0
2022-04-21,0.0,-0.0,0.0,0.0,0.0,0.0,0.0,0.0
2022-04-22,0.0,-0.0,0.0,0.0,0.0,0.0,0.0,0.0
2022-04-25,0.0,-0.0,0.0,0.0,0.0,0.0,0.0,0.0
2022-04-26,0.0,-0.0,0.0,0.0,0.0,0.0,0.0,0.0
2022-04-27,0.0,-0.0,0.0,0.0,0.0,0.0,0.0,0.0
2022-04-28,0.0,-0.0,0.0,0.0,0.0,0.0,0.0,0.0
2022-04-29,0.0,-0.0,0.0,0.0,0.0,0.0,0.0,0.0
2022-05-02,0.0,-0.0,0.0,0.0,0.0,0.0,0.0,0.0
2022-05-03,0.0,-0.0,0.0,0.0,0.0,0.0,0.0,0.0
2022-05-04,0.0,-0.0,0.0,0.0,0.0,0.0,0.0,0.0
2022-05-05,0.0,-0.0,0.0,0.0,0.0,0.0,0.0,0.0
2022-05-06,0.0,-0.0,0.0,0.0,0.0,0.0,0.0,0.0
2022-05-09,0.0,-0.0,0.0,0.0,0.0,0.0,0.0,0.0
2022-05-10,0.0,-0.0,0.0,0.0,0.0,0.0,0.0,0.0
2022-05-11,0.0,-0.0,0.0,0.0,0.0,0.0,0.0,0.0
2022-05-12,0.0,-0.0,0.0,0.0,0.0,0.0,0.0,0.0
2022-05-13,0.0,-0.0,0.0,0.0,0.0,0.0,0.0,0.0
2022-05-16,0.0,-0.0,0.0,0.0,0.0,0.0,0.0,0.0
2022-05-17,0.0,-0.0,0.0,0.0,0.0,0.0,0.0,0.0
2022-05-18,0.0,-0.0,0.0,0.0,0.0,0.0,0.0,0.0
2022-05-19,0.0,-0.0,0.0,0.0,0.0,0.0,0.0,0.0
2022-05-20,0.0,-0.0,0.0,0.0,0.0,0.0,0.0,0.0
2022-05-23,0.0,-0.0,0.0,0.0,0.0,0.0,0.0,0.0
2022-05-24,0.0,-0.0,0.0,0.0,0.0,0.0,0.0,0.0
2022-05-25,0.0,-0.0,0.0,0.0,0.0,0.0,0.0,0.0
2022-05-26,0.0,-0.0,0.0,0.0,0.0,0.0,0.0,0.0
2022-05-27,0.0,-0.0,0.0,0.0,0.0,0.0,0.0,0.0
2022-05-31,0.0,-0.0,0.0,0.0,0.0,0.0,0.0,0.0
2022-06-01,0.0,-0.0,0.0,0.0,0.0,0.0,0.0,0.0
2022-06-02,0.0,-0.0,0.0,0.0,0.0,0.0,0.0,0.0
2022-06-03,0.05741842311381789,0.05,0.05,0.05741842311381789,0.10741842311381788,0.007418423113817886,0.10741842311381788,0.0
2022-06-06,0.05628042740046087,0.05,0.05,0.05628042740046087,0.10628042740046087,0.006280427400460864,0.001137995713357022,0.0
2022-06-07,0.056414215198434196,0.05,0.05,0.056414215198434196,0.10641421519843419,0.006414215198434194,0.00013378779797332957,0.0
2022-06-08,0.0,-0.0,0.0,0.0,0.0,0.0,0.10641421519843419,0.0
2022-06-09,0.0,-0.0,0.0,0.0,0.0,0.0,0.0,0.0
2022-06-10,0.0,-0.0,0.0,0.0,0.0,0.0,0.0,0.0
2022-06-13,0.0,-0.0,0.0,0.0,0.0,0.0,0.0,0.0
2022-06-14,0.0,-0.0,0.0,0.0,0.0,0.0,0.0,0.0
2022-06-15,0.0,-0.0,0.0,0.0,0.0,0.0,0.0,0.0
2022-06-16,0.0,-0.0,0.0,0.0,0.0,0.0,0.0,0.0
2022-06-17,0.0,-0.0,0.0,0.0,0.0,0.0,0.0,0.0
2022-06-21,0.0,-0.0,0.0,0.0,0.0,0.0,0.0,0.0
2022-06-22,0.0,-0.0,0.0,0.0,0.0,0.0,0.0,0.0
2022-06-23,0.0,-0.0,0.0,0.0,0.0,0.0,0.0,0.0
2022-06-24,0.0,-0.0,0.0,0.0,0.0,0.0,0.0,0.0
2022-06-27,0.0,-0.0,0.0,0.0,0.0,0.0,0.0,0.0
2022-06-28,0.0,-0.0,0.0,0.0,0.0,0.0,0.0,0.0
2022-06-29,0.0,-0.0,0.0,0.0,0.0,0.0,0.0,0.0
2022-06-30,0.0,-0.0,0.0,0.0,0.0,0.0,0.0,0.0
2022-07-01,0.0,-0.0,0.0,0.0,0.0,0.0,0.0,0.0
2022-07-05,0.0,-0.0,0.0,0.0,0.0,0.0,0.0,0.0
2022-07-06,0.0,-0.0,0.0,0.0,0.0,0.0,0.0,0.0
2022-07-07,0.047764527767983886,0.05,0.05,0.047764527767983886,0.09776452776798389,-0.002235472232016117,0.09776452776798389,0.0
2022-07-08,0.04732147906993828,0.05,0.05,0.04732147906993828,0.09732147906993828,-0.0026785209300617258,0.00044304869804560887,0.0
2022-07-11,0.04671348976859138,0.05,0.05,0.04671348976859138,0.09671348976859138,-0.003286510231408621,0.0006079893013468951,0.0
2022-07-12,0.04667687986062291,0.05,0.05,0.04667687986062291,0.09667687986062291,-0.003323120139377092,3.660990796847119e-05,0.0
2022-07-13,0.047079903403256185,0.05,0.05,0.047079903403256185,0.09707990340325619,-0.002920096596743818,0.000403023542633274,0.0
2022-07-14,0.0,-0.0,0.0,0.0,0.0,0.0,0.09707990340325619,0.0
2022-07-15,0.0,-0.0,0.0,0.0,0.0,0.0,0.0,0.0
2022-07-18,0.0,-0.0,0.0,0.0,0.0,0.0,0.0,0.0
2022-07-19,0.0,-0.0,0.0,0.0,0.0,0.0,0.0,0.0
2022-07-20,0.0,-0.0,0.0,0.0,0.0,0.0,0.0,0.0
2022-07-21,0.0,-0.0,0.0,0.0,0.0,0.0,0.0,0.0
2022-07-22,0.0,-0.0,0.0,0.0,0.0,0.0,0.0,0.0
2022-07-25,0.0,-0.0,0.0,0.0,0.0,0.0,0.0,0.0
2022-07-26,0.0,-0.0,0.0,0.0,0.0,0.0,0.0,0.0
2022-07-27,0.0,-0.0,0.0,0.0,0.0,0.0,0.0,0.0
2022-07-28,0.0,-0.0,0.0,0.0,0.0,0.0,0.0,0.0
2022-07-29,0.0,-0.0,0.0,0.0,0.0,0.0,0.0,0.0
2022-08-01,0.0,-0.0,0.0,0.0,0.0,0.0,0.0,0.0
2022-08-02,0.0,-0.0,0.0,0.0,0.0,0.0,0.0,0.0
2022-08-03,0.0,-0.0,0.0,0.0,0.0,0.0,0.0,0.0
2022-08-04,0.0,-0.0,0.0,0.0,0.0,0.0,0.0,0.0
2022-08-05,0.0,-0.0,0.0,0.0,0.0,0.0,0.0,0.0
2022-08-08,0.0,-0.0,0.0,0.0,0.0,0.0,0.0,0.0
2022-08-09,0.0,-0.0,0.0,0.0,0.0,0.0,0.0,0.0
2022-08-10,0.05128589786884633,0.05,0.05,0.05128589786884633,0.10128589786884634,0.0012858978688463293,0.10128589786884634,0.0
2022-08-11,0.051339373717090735,0.05,0.05,0.051339373717090735,0.10133937371709073,0.0013393737170907319,5.3475848244402546e-05,0.0
2022-08-12,0.05130039519096694,0.05,0.05,0.05130039519096694,0.10130039519096695,0.0013003951909669395,3.897852612379238e-05,0.0
2022-08-15,0.05159451243912784,0.05,0.05,0.05159451243912784,0.10159451243912784,0.0015945124391278376,0.00029411724816089807,0.0
2022-08-16,0.050353194920405964,0.05,0.05,0.050353194920405964,0.10035319492040597,0.0003531949204059609,0.0012413175187218767,0.0
2022-08-17,0.04986896916613538,0.05,0.05,0.04986896916613538,0.09986896916613539,-0.00013103083386462044,0.00048422575427058134,0.0
2022-08-18,0.04954811784016394,0.05,0.05,0.04954811784016394,0.09954811784016394,-0.0004518821598360617,0.0003208513259714413,0.0
2022-08-19,0.0487256521351576,0.05,0.05,0.0487256521351576,0.0987256521351576,-0.0012743478648424011,0.0008224657050063394,0.0
2022-08-22,0.04841457427584477,0.05,0.05,0.04841457427584477,0.09841457427584477,-0.0015854257241552303,0.0003110778593128291,0.0
2022-08-23,0.048514001312436876,0.05,0.05,0.048514001312436876,0.09851400131243687,-0.0014859986875631268,9.94270365921035e-05,0.0
2022-08-24,0.048622197304251685,0.05,0.05,0.048622197304251685,0.09862219730425169,-0.0013778026957483175,0.00010819599181480927,0.0
2022-08-25,0.048142991951230514,0.05,0.05,0.048142991951230514,0.09814299195123052,-0.0018570080487694887,0.00047920535302117123,0.0
2022-08-26,0.04802404401722496,0.05,0.05,0.04802404401722496,0.09802404401722496,-0.0019759559827750434,0.00011894793400555465,0.0
2022-08-29,0.047840536350329046,0.05,0.05,0.047840536350329046,0.09784053635032905,-0.0021594636496709563,0.0001835076668959129,0.0
2022-08-30,0.0,-0.0,0.0,0.0,0.0,0.0,0.0,0.0
2022-08-31,0.0,-0.0,0.0,0.0,0.0,0.0,0.0,0.0
2022-09-01,0.0,-0.0,0.0,0.0,0.0,0.0,0.0,0.0
2022-09-02,0.05,0.08749619619567622,0.05,0.08749619619567622,0.1374961961956762,-0.03749619619567622,0.1374961961956762,0.0
2022-09-06,0.05,0.08755246701283222,0.05,0.08755246701283222,0.13755246701283222,-0.037552467012832214,5.62708171559928e-05,0.0
2022-09-07,0.0,-0.0,0.0,0.0,0.0,0.0,0.13755246701283222,0.0
2022-09-08,0.0,-0.0,0.0,0.0,0.0,0.0,0.0,0.0
2022-09-09,0.0,-0.0,0.0,0.0,0.0,0.0,0.0,0.0
2022-09-12,0.0,-0.0,0.0,0.0,0.0,0.0,0.0,0.0
2022-09-13,0.0,-0.0,0.0,0.0,0.0,0.0,0.0,0.0
2022-09-14,0.030420231827049865,0.05,0.05,0.030420231827049865,0.08042023182704987,-0.019579768172950138,0.08042023182704987,0.0
2022-09-15,0.03048396223664736,0.05,0.05,0.03048396223664736,0.08048396223664736,-0.01951603776335264,6.373040959749623e-05,0.0
2022-09-16,0.0,-0.0,0.0,0.0,0.0,0.0,0.08048396223664736,0.0
2022-09-19,0.0,-0.0,0.0,0.0,0.0,0.0,0.0,0.0
2022-09-20,0.0,-0.0,0.0,0.0,0.0,0.0,0.0,0.0
2022-09-21,0.048704429179962115,0.05,0.05,0.048704429179962115,0.09870442917996211,-0.0012955708200378876,0.09870442917996211,0.0
2022-09-22,0.0490943761588979,0.05,0.05,0.0490943761588979,0.0990943761588979,-0.0009056238411021059,0.0003899469789357818,0.0
2022-09-23,0.04882698396607832,0.05,0.05,0.04882698396607832,0.09882698396607832,-0.0011730160339216839,0.000267392192819578,0.0
2022-09-26,0.048924779464064164,0.05,0.05,0.048924779464064164,0.09892477946406417,-0.001075220535935839,9.779549798584475e-05,0.0
2022-09-27,0.04852163943061637,0.05,0.05,0.04852163943061637,0.09852163943061637,-0.0014783605693836355,0.00040314003344779636,0.0
2022-09-28,0.04844002491479886,0.05,0.05,0.04844002491479886,0.09844002491479886,-0.001559975085201143,8.161451581750745e-05,0.0
2022-09-29,0.05,0.07034283068385981,0.05,0.07034283068385981,0.12034283068385981,-0.02034283068385981,0.21878285559865868,0.0
2022-09-30,0.05,0.0679282506529252,0.05,0.0679282506529252,0.1179282506529252,-0.017928250652925193,0.0024145800309346155,0.0
2022-10-03,0.05,0.06717646030495084,0.05,0.06717646030495084,0.11717646030495084,-0.017176460304950833,0.0007517903479743598,0.0
2022-10-04,0.05,0.0670227172403785,0.05,0.0670227172403785,0.11702271724037851,-0.0170227172403785,0.00015374306457233144,0.0
2022-10-05,0.05,0.06666793089246269,0.05,0.06666793089246269,0.11666793089246269,-0.016667930892462685,0.000354786347915817,0.0
2022-10-06,0.05,0.06671203584356852,0.05,0.06671203584356852,0.11671203584356853,-0.01671203584356852,4.410495110583612e-05,0.0
2022-10-07,0.05,0.06632853118092938,0.05,0.06632853118092938,0.11632853118092938,-0.016328531180929376,0.00038350466263914473,0.0
2022-10-10,0.0,-0.0,0.0,0.0,0.0,0.0,0.11632853118092938,0.0
2022-10-11,0.0,-0.0,0.0,0.0,0.0,0.0,0.0,0.0
2022-10-12,0.0,-0.0,0.0,0.0,0.0,0.0,0.0,0.0
2022-10-13,0.0,-0.0,0.0,0.0,0.0,0.0,0.0,0.0
2022-10-14,0.0,-0.0,0.0,0.0,0.0,0.0,0.0,0.0
2022-10-17,0.0,-0.0,0.0,0.0,0.0,0.0,0.0,0.0
2022-10-18,0.0,-0.0,0.0,0.0,0.0,0.0,0.0,0.0
2022-10-19,0.0,-0.0,0.0,0.0,0.0,0.0,0.0,0.0
2022-10-20,0.0,-0.0,0.0,0.0,0.0,0.0,0.0,0.0
2022-10-21,0.0,-0.0,0.0,0.0,0.0,0.0,0.0,0.0
2022-10-24,0.0,-0.0,0.0,0.0,0.0,0.0,0.0,0.0
2022-10-25,0.0,-0.0,0.0,0.0,0.0,0.0,0.0,0.0
2022-10-26,0.0,-0.0,0.0,0.0,0.0,0.0,0.0,0.0
2022-10-27,0.05,0.052628271549526956,0.05,0.052628271549526956,0.10262827154952696,-0.002628271549526953,0.10262827154952696,0.0
2022-10-28,0.05,0.0527528913275907,0.05,0.0527528913275907,0.1027528913275907,-0.002752891327590698,0.0001246197780637448,0.0
2022-10-31,0.05,0.05227415858878819,0.05,0.05227415858878819,0.10227415858878819,-0.00227415858878819,0.00047873273880250783,0.0
2022-11-01,0.05,0.052305056693018395,0.05,0.052305056693018395,0.1023050566930184,-0.0023050566930183924,3.0898104230202283e-05,0.0
2022-11-02,0.05,0.052416147759346526,0.05,0.052416147759346526,0.10241614775934653,-0.0024161477593465236,0.00011109106632813115,0.0
2022-11-03,0.05,0.052580120454048807,0.05,0.052580120454048807,0.10258012045404881,-0.0025801204540488037,0.00016397269470228015,0.0
2022-11-04,0.05,0.052459064525176215,0.05,0.052459064525176215,0.10245906452517622,-0.002459064525176212,0.00012105592887259181,0.0
2022-11-07,0.05,0.05313302105379025,0.05,0.05313302105379025,0.10313302105379026,-0.0031330210537902498,0.0006739565286140378,0.0
2022-11-08,0.05,0.05380473044632825,0.05,0.05380473044632825,0.10380473044632825,-0.0038047304463282444,0.0006717093925379947,0.0
2022-11-09,0.05,0.05367646042498645,0.05,0.05367646042498645,0.10367646042498646,-0.0036764604249864483,0.00012827002134179616,0.0
2022-11-10,0.05,0.05322146373191831,0.05,0.05322146373191831,0.10322146373191832,-0.0032214637319183045,0.0004549966930681437,0.0
2022-11-11,0.05,0.05264937777759343,0.05,0.05264937777759343,0.10264937777759343,-0.0026493777775934285,0.000572085954324876,0.0
2022-11-14,0.05,0.052740234319890916,0.05,0.052740234319890916,0.10274023431989092,-0.0027402343198909135,9.085654229748497e-05,0.0
2022-11-15,0.05,0.05303909772332054,0.05,0.05303909772332054,0.10303909772332054,-0.00303909772332054,0.0002988634034296264,0.0
2022-11-16,0.05,0.05285862900426996,0.05,0.05285862900426996,0.10285862900426995,-0.002858629004269954,0.00018046871905058604,0.0
2022-11-17,0.07437666717233965,0.05,0.1,0.02437666717233964,0.12437666717233964,0.02437666717233964,0.1272352961766096,0.0
2022-11-18,0.07429252486574481,0.05,0.1,0.024292524865744805,0.12429252486574481,0.024292524865744805,8.414230659483518e-05,0.0
2022-11-21,0.07637051373492536,0.05,0.05,0.07637051373492536,0.12637051373492536,0.026370513734925355,0.10207798886918056,0.0
2022-11-22,0.0,-0.0,0.0,0.0,0.0,0.0,0.12637051373492536,0.0
2022-11-23,0.0,-0.0,0.0,0.0,0.0,0.0,0.0,0.0
2022-11-25,0.0,-0.0,0.0,0.0,0.0,0.0,0.0,0.0
2022-11-28,0.0,-0.0,0.0,0.0,0.0,0.0,0.0,0.0
2022-11-29,0.0,-0.0,0.0,0.0,0.0,0.0,0.0,0.0
2022-11-30,0.0,-0.0,0.0,0.0,0.0,0.0,0.0,0.0
2022-12-01,0.049461970416602455,0.05,0.05,0.049461970416602455,0.09946197041660246,-0.0005380295833975479,0.09946197041660246,0.0
2022-12-02,0.05,0.05266928446817683,0.1,0.0026692844681768246,0.10266928446817683,-0.0026692844681768246,0.10213125488477928,0.0
2022-12-05,0.05,0.052567963323056986,0.1,0.0025679633230569834,0.10256796332305698,-0.0025679633230569834,0.0001013211451198412,0.0
2022-12-06,0.05,0.0534507130722222,0.1,0.0034507130722221946,0.1034507130722222,-0.0034507130722221946,0.0008827497491652112,0.0
2022-12-07,0.05,0.052925649865081616,0.1,0.002925649865081613,0.10292564986508163,-0.002925649865081613,0.0005250632071405817,0.0
2022-12-08,0.05,0.05384905776777687,0.1,0.003849057767776866,0.10384905776777686,-0.003849057767776866,0.000923407902695253,0.0
2022-12-09,0.04999743881469851,0.05,0.05,0.04999743881469851,0.09999743881469851,-2.5611853014945174e-06,0.10384649658247538,0.0
2022-12-12,0.049713529894971825,0.05,0.05,0.049713529894971825,0.09971352989497183,-0.0002864701050281776,0.0002839089197266831,0.0
2022-12-13,0.0,-0.0,0.0,0.0,0.0,0.0,0.09971352989497183,0.0
2022-12-14,0.0,-0.0,0.0,0.0,0.0,0.0,0.0,0.0
2022-12-15,0.0,-0.0,0.0,0.0,0.0,0.0,0.0,0.0
2022-12-16,0.0,-0.0,0.0,0.0,0.0,0.0,0.0,0.0
2022-12-19,0.0,-0.0,0.0,0.0,0.0,0.0,0.0,0.0
2022-12-20,0.0,-0.0,0.0,0.0,0.0,0.0,0.0,0.0
2022-12-21,0.0,-0.0,0.0,0.0,0.0,0.0,0.0,0.0
2022-12-22,0.0,-0.0,0.0,0.0,0.0,0.0,0.0,0.0
2022-12-23,0.0,-0.0,0.0,0.0,0.0,0.0,0.0,0.0
2022-12-27,0.0,-0.0,0.0,0.0,0.0,0.0,0.0,0.0
2022-12-28,0.0,-0.0,0.0,0.0,0.0,0.0,0.0,0.0
2022-12-29,0.0,-0.0,0.0,0.0,0.0,0.0,0.0,0.0
2022-12-30,0.0,-0.0,0.0,0.0,0.0,0.0,0.0,0.0
2023-01-03,0.0,-0.0,0.0,0.0,0.0,0.0,0.0,0.0
2023-01-04,0.0,-0.0,0.0,0.0,0.0,0.0,0.0,0.0
2023-01-05,0.0,-0.0,0.0,0.0,0.0,0.0,0.0,0.0
2023-01-06,0.0,-0.0,0.0,0.0,0.0,0.0,0.0,0.0
2023-01-09,0.04684485132791222,0.05,0.05,0.04684485132791222,0.09684485132791222,-0.0031551486720877847,0.09684485132791222,0.0
2023-01-10,0.04618671386466608,0.05,0.05,0.04618671386466608,0.09618671386466608,-0.0038132861353339237,0.000658137463246139,0.0
2023-01-11,0.046884218627300384,0.05,0.05,0.046884218627300384,0.09688421862730039,-0.003115781372699619,0.0006975047626343045,0.0
2023-01-12,0.046344486796883036,0.05,0.05,0.046344486796883036,0.09634448679688304,-0.003655513203116967,0.0005397318304173476,0.0
2023-01-13,0.046985290274886245,0.05,0.05,0.046985290274886245,0.09698529027488625,-0.003014709725113758,0.0006408034780032087,0.0
2023-01-17,0.047131101253492985,0.05,0.05,0.047131101253492985,0.09713110125349299,-0.0028688987465070176,0.00014581097860674047,0.0
2023-01-18,0.0,-0.0,0.0,0.0,0.0,0.0,0.09713110125349299,0.0
2023-01-19,0.0,-0.0,0.0,0.0,0.0,0.0,0.0,0.0
2023-01-20,0.0,-0.0,0.0,0.0,0.0,0.0,0.0,0.0
2023-01-23,0.0,-0.0,0.0,0.0,0.0,0.0,0.0,0.0
2023-01-24,0.0,-0.0,0.0,0.0,0.0,0.0,0.0,0.0
2023-01-25,0.0,-0.0,0.0,0.0,0.0,0.0,0.0,0.0
2023-01-26,0.0,-0.0,0.0,0.0,0.0,0.0,0.0,0.0
2023-01-27,0.0,-0.0,0.0,0.0,0.0,0.0,0.0,0.0
2023-01-30,0.0,-0.0,0.0,0.0,0.0,0.0,0.0,0.0
2023-01-31,0.0,-0.0,0.0,0.0,0.0,0.0,0.0,0.0
2023-02-01,0.0,-0.0,0.0,0.0,0.0,0.0,0.0,0.0
2023-02-02,0.0,-0.0,0.0,0.0,0.0,0.0,0.0,0.0
2023-02-03,0.0,-0.0,0.0,0.0,0.0,0.0,0.0,0.0
2023-02-06,0.0,-0.0,0.0,0.0,0.0,0.0,0.0,0.0
2023-02-07,0.0,-0.0,0.0,0.0,0.0,0.0,0.0,0.0
2023-02-08,0.0,-0.0,0.0,0.0,0.0,0.0,0.0,0.0
2023-02-09,0.0,-0.0,0.0,0.0,0.0,0.0,0.0,0.0
2023-02-10,0.05,0.04408453895290836,0.05,0.04408453895290836,0.09408453895290836,0.00591546104709164,0.09408453895290836,0.0
2023-02-13,0.05,0.04411921395268876,0.05,0.04411921395268876,0.09411921395268877,0.005880786047311244,3.467499978039579e-05,0.0
2023-02-14,0.05934943693138823,0.05,0.1,0.009349436931388226,0.10934943693138824,0.009349436931388226,0.10346865088407699,0.0
2023-02-15,0.06063096780631228,0.05,0.1,0.010630967806312279,0.11063096780631229,0.010630967806312279,0.0012815308749240528,0.0
2023-02-16,0.060436722811230345,0.05,0.1,0.010436722811230342,0.11043672281123035,0.010436722811230342,0.00019424499508193666,0.0
2023-02-17,0.05,0.042881739421028776,0.05,0.042881739421028776,0.09288173942102879,0.007118260578971226,0.10331846223225913,0.0
2023-02-21,0.05,0.04328506023293375,0.05,0.04328506023293375,0.09328506023293376,0.006714939767066254,0.0004033208119049725,0.0
2023-02-22,0.0,-0.0,0.0,0.0,0.0,0.0,0.0,0.0
2023-02-23,0.0,-0.0,0.0,0.0,0.0,0.0,0.0,0.0
2023-02-24,0.0,-0.0,0.0,0.0,0.0,0.0,0.0,0.0
2023-02-27,0.0,-0.0,0.0,0.0,0.0,0.0,0.0,0.0
2023-02-28,0.0,-0.0,0.0,0.0,0.0,0.0,0.0,0.0
2023-03-01,0.0,-0.0,0.0,0.0,0.0,0.0,0.0,0.0
2023-03-02,0.05,0.0523128898411071,0.05,0.0523128898411071,0.1023128898411071,-0.002312889841107099,0.1023128898411071,0.0
2023-03-03,0.05,0.05423138893261659,0.1,0.004231388932616584,0.10423138893261659,-0.004231388932616584,0.09808150090849052,0.0
2023-03-06,0.05,0.06037313817053029,0.1,0.010373138170530288,0.1103731381705303,-0.010373138170530288,0.0061417492379137045,0.0
2023-03-07,0.05,0.061185454750413995,0.1,0.011185454750413992,0.111185454750414,-0.011185454750413992,0.000812316579883704,0.0
2023-03-08,0.05,0.0612989740578002,0.1,0.011298974057800198,0.1112989740578002,-0.011298974057800198,0.00011351930738620619,0.0
2023-03-09,0.05,0.0603143813942683,0.1,0.010314381394268296,0.1103143813942683,-0.010314381394268296,0.0009845926635319024,0.0
2023-03-10,0.05,0.05961179308295604,0.1,0.009611793082956038,0.10961179308295604,-0.009611793082956038,0.0007025883113122577,0.0
2023-03-13,0.04672747267443142,0.05,0.05,0.04672747267443142,0.09672747267443142,-0.0032725273255685833,0.10633926575738746,0.0
2023-03-14,0.046657886739383335,0.05,0.05,0.046657886739383335,0.09665788673938333,-0.003342113260616668,6.958593504808458e-05,0.0
2023-03-15,0.04778812242057392,0.05,0.05,0.04778812242057392,0.09778812242057391,-0.0022118775794260845,0.0011302356811905834,0.0
2023-03-16,0.047720589694149676,0.05,0.05,0.047720589694149676,0.09772058969414968,-0.0022794103058503268,6.75327264242423e-05,0.0
2023-03-17,0.04654724234400952,0.05,0.05,0.04654724234400952,0.09654724234400952,-0.003452757655990485,0.0011733473501401581,0.0
2023-03-20,0.10320450292312207,0.1,0.1,0.10320450292312207,0.2032045029231221,0.003204502923122063,0.10665726057911255,0.0
2023-03-21,0.04794502310774471,0.05,0.05,0.04794502310774471,0.09794502310774472,-0.0020549768922552905,0.10525947981537737,0.0
2023-03-22,0.04840531404540742,0.05,0.05,0.04840531404540742,0.09840531404540742,-0.001594685954592584,0.0004602909376627065,0.0
2023-03-23,0.0,-0.0,0.0,0.0,0.0,0.0,0.09840531404540742,0.0
2023-03-24,0.0,-0.0,0.0,0.0,0.0,0.0,0.0,0.0
2023-03-27,0.0,-0.0,0.0,0.0,0.0,0.0,0.0,0.0
2023-03-28,0.0,-0.0,0.0,0.0,0.0,0.0,0.0,0.0
2023-03-29,0.0,-0.0,0.0,0.0,0.0,0.0,0.0,0.0
2023-03-30,0.0,-0.0,0.0,0.0,0.0,0.0,0.0,0.0
2023-03-31,0.0,-0.0,0.0,0.0,0.0,0.0,0.0,0.0
2023-04-03,0.0,-0.0,0.0,0.0,0.0,0.0,0.0,0.0
2023-04-04,0.0,-0.0,0.0,0.0,0.0,0.0,0.0,0.0
2023-04-05,0.05,0.05794698196740883,0.05,0.05794698196740883,0.10794698196740883,-0.007946981967408825,0.10794698196740883,0.0
2023-04-06,0.05,0.05721925592636509,0.05,0.05721925592636509,0.1072192559263651,-0.00721925592636509,0.0007277260410437358,0.0
2023-04-10,0.05,0.05691527530616328,0.05,0.05691527530616328,0.10691527530616328,-0.006915275306163274,0.0003039806202018158,0.0
2023-04-11,0.05,0.05706607780306708,0.05,0.05706607780306708,0.10706607780306708,-0.007066077803067075,0.00015080249690380132,0.0
2023-04-12,0.05,0.05619964390401341,0.05,0.05619964390401341,0.10619964390401342,-0.0061996439040134105,0.0008664338990536646,0.0
2023-04-13,0.05,0.0569086149968613,0.05,0.0569086149968613,0.1069086149968613,-0.006908614996861295,0.0007089710928478848,0.0
2023-04-14,0.05,0.05608158752455475,0.05,0.05608158752455475,0.10608158752455475,-0.006081587524554746,0.000827027472306549,0.0
2023-04-17,0.0,-0.0,0.0,0.0,0.0,0.0,0.10608158752455475,0.0
2023-04-18,0.0,-0.0,0.0,0.0,0.0,0.0,0.0,0.0
2023-04-19,0.0,-0.0,0.0,0.0,0.0,0.0,0.0,0.0
2023-04-20,0.0,-0.0,0.0,0.0,0.0,0.0,0.0,0.0
2023-04-21,0.0,-0.0,0.0,0.0,0.0,0.0,0.0,0.0
2023-04-24,0.0,-0.0,0.0,0.0,0.0,0.0,0.0,0.0
2023-04-25,0.0,-0.0,0.0,0.0,0.0,0.0,0.0,0.0
2023-04-26,0.0,-0.0,0.0,0.0,0.0,0.0,0.0,0.0
2023-04-27,0.07173776338340546,0.05,0.1,0.021737763383405447,0.12173776338340545,0.021737763383405447,0.12173776338340545,0.0
2023-04-28,0.07381561124488478,0.05,0.1,0.023815611244884773,0.12381561124488477,0.023815611244884773,0.002077847861479326,0.0
2023-05-01,0.07573037064575422,0.05,0.1,0.02573037064575421,0.1257303706457542,0.02573037064575421,0.0019147594008694369,0.0
2023-05-02,0.05,0.03846042886821177,0.05,0.03846042886821177,0.08846042886821177,0.011539571131788232,0.11419079951396598,0.0
2023-05-03,0.05,0.03862945709200667,0.05,0.03862945709200667,0.08862945709200667,0.01137054290799333,0.0001690282237949009,0.0
2023-05-04,0.05,0.038703414711749644,0.05,0.038703414711749644,0.08870341471174964,0.011296585288250359,7.395761974297171e-05,0.0
2023-05-05,0.05,0.03914330256706262,0.05,0.03914330256706262,0.08914330256706263,0.010856697432937386,0.00043988785531297314,0.0
2023-05-08,0.05,0.0377316315745943,0.05,0.0377316315745943,0.0877316315745943,0.012268368425405705,0.0014116709924683196,0.0
2023-05-09,0.0,-0.0,0.0,0.0,0.0,0.0,0.0877316315745943,0.0
2023-05-10,0.0,-0.0,0.0,0.0,0.0,0.0,0.0,0.0
2023-05-11,0.0,-0.0,0.0,0.0,0.0,0.0,0.0,0.0
2023-05-12,0.0,-0.0,0.0,0.0,0.0,0.0,0.0,0.0
2023-05-15,0.0,-0.0,0.0,0.0,0.0,0.0,0.0,0.0
2023-05-16,0.0,-0.0,0.0,0.0,0.0,0.0,0.0,0.0
2023-05-17,0.0,-0.0,0.0,0.0,0.0,0.0,0.0,0.0
2023-05-18,0.0,-0.0,0.0,0.0,0.0,0.0,0.0,0.0
2023-05-19,0.0,-0.0,0.0,0.0,0.0,0.0,0.0,0.0
2023-05-22,0.0,-0.0,0.0,0.0,0.0,0.0,0.0,0.0
2023-05-23,0.0,-0.0,0.0,0.0,0.0,0.0,0.0,0.0
2023-05-24,0.0,-0.0,0.0,0.0,0.0,0.0,0.0,0.0
2023-05-25,0.0,-0.0,0.0,0.0,0.0,0.0,0.0,0.0
2023-05-26,0.18282201508789248,0.1,0.1,0.18282201508789248,0.2828220150878925,0.08282201508789247,0.2828220150878925,0.0
2023-05-30,0.17885199707060184,0.1,0.1,0.17885199707060184,0.2788519970706018,0.07885199707060184,0.003970018017290633,0.0
2023-05-31,0.24288569553034872,0.15000000000000002,0.15000000000000002,0.24288569553034872,0.39288569553034874,0.0928856955303487,0.11403369845974688,0.0
2023-06-01,0.2479682481165385,0.15000000000000002,0.15000000000000002,0.2479682481165385,0.3979682481165385,0.09796824811653848,0.005082552586189781,0.0
2023-06-02,0.1746700120011872,0.1,0.15000000000000002,0.12467001200118721,0.27467001200118724,0.07467001200118721,0.2232982361153513,0.0
2023-06-05,0.17383780780721697,0.1,0.15000000000000002,0.12383780780721698,0.273837807807217,0.07383780780721698,0.0008322041939702318,0.0
2023-06-06,0.1052303757841798,0.05,0.05,0.1052303757841798,0.1552303757841798,0.0552303757841798,0.11860743202303718,0.0
2023-06-07,0.10741941293229812,0.05,0.05,0.10741941293229812,0.1574194129322981,0.05741941293229812,0.002189037148118314,0.0
2023-06-08,0.10761540995396118,0.05,0.05,0.10761540995396118,0.15761540995396117,0.05761540995396118,0.00019599702166306354,0.0
2023-06-09,0.10822234054718279,0.05,0.05,0.10822234054718279,0.1582223405471828,0.05822234054718278,0.0006069305932216024,0.0
2023-06-12,0.10820300554345111,0.05,0.05,0.10820300554345111,0.15820300554345113,0.058203005543451106,1.933500373167696e-05,0.0
2023-06-13,0.03807769619721589,0.05,0.05,0.03807769619721589,0.0880776961972159,-0.011922303802784112,0.1701253093462352,0.0
2023-06-14,0.03804878419205328,0.05,0.05,0.03804878419205328,0.08804878419205328,-0.011951215807946725,2.8912005162612386e-05,0.0
2023-06-15,0.039895162487993685,0.05,0.05,0.039895162487993685,0.08989516248799369,-0.010104837512006318,0.0018463782959404068,0.0
2023-06-16,0.04120256250044393,0.05,0.05,0.04120256250044393,0.09120256250044392,-0.008797437499556075,0.0013074000124502425,0.0
2023-06-20,0.042249748629042544,0.05,0.05,0.042249748629042544,0.09224974862904255,-0.007750251370957459,0.0010471861285986164,0.0
2023-06-21,0.04541855049831503,0.05,0.05,0.04541855049831503,0.09541855049831503,-0.004581449501684973,0.003168801869272486,0.0
2023-06-22,0.044287683021420304,0.05,0.05,0.044287683021420304,0.09428768302142031,-0.0057123169785796984,0.0011308674768947258,0.0
2023-06-23,0.0,-0.0,0.0,0.0,0.0,0.0,0.09428768302142031,0.0
2023-06-26,0.0,-0.0,0.0,0.0,0.0,0.0,0.0,0.0
2023-06-27,0.0,-0.0,0.0,0.0,0.0,0.0,0.0,0.0
2023-06-28,0.0,-0.0,0.0,0.0,0.0,0.0,0.0,0.0
2023-06-29,0.0,-0.0,0.0,0.0,0.0,0.0,0.0,0.0
2023-06-30,0.0,-0.0,0.0,0.0,0.0,0.0,0.0,0.0
2023-07-03,0.0,-0.0,0.0,0.0,0.0,0.0,0.0,0.0
2023-07-05,0.0,-0.0,0.0,0.0,0.0,0.0,0.0,0.0
2023-07-06,0.0,-0.0,0.0,0.0,0.0,0.0,0.0,0.0
2023-07-07,0.0,-0.0,0.0,0.0,0.0,0.0,0.0,0.0
2023-07-10,0.0,-0.0,0.0,0.0,0.0,0.0,0.0,0.0
2023-07-11,0.0,-0.0,0.0,0.0,0.0,0.0,0.0,0.0
2023-07-12,0.0,-0.0,0.0,0.0,0.0,0.0,0.0,0.0
2023-07-13,0.0,-0.0,0.0,0.0,0.0,0.0,0.0,0.0
2023-07-14,0.0,-0.0,0.0,0.0,0.0,0.0,0.0,0.0
2023-07-17,0.0,-0.0,0.0,0.0,0.0,0.0,0.0,0.0
2023-07-18,0.0,-0.0,0.0,0.0,0.0,0.0,0.0,0.0
2023-07-19,0.0,-0.0,0.0,0.0,0.0,0.0,0.0,0.0
2023-07-20,0.0,-0.0,0.0,0.0,0.0,0.0,0.0,0.0
2023-07-21,0.0,-0.0,0.0,0.0,0.0,0.0,0.0,0.0
2023-07-24,0.0,-0.0,0.0,0.0,0.0,0.0,0.0,0.0
2023-07-25,0.0,-0.0,0.0,0.0,0.0,0.0,0.0,0.0
2023-07-26,0.0,-0.0,0.0,0.0,0.0,0.0,0.0,0.0
2023-07-27,0.0,-0.0,0.0,0.0,0.0,0.0,0.0,0.0
2023-07-28,0.0,-0.0,0.0,0.0,0.0,0.0,0.0,0.0
2023-07-31,0.0,-0.0,0.0,0.0,0.0,0.0,0.0,0.0
2023-08-01,0.0,-0.0,0.0,0.0,0.0,0.0,0.0,0.0
2023-08-02,0.0,-0.0,0.0,0.0,0.0,0.0,0.0,0.0
2023-08-03,0.0,-0.0,0.0,0.0,0.0,0.0,0.0,0.0
2023-08-04,0.0,-0.0,0.0,0.0,0.0,0.0,0.0,0.0
2023-08-07,0.0,-0.0,0.0,0.0,0.0,0.0,0.0,0.0
2023-08-08,0.0,-0.0,0.0,0.0,0.0,0.0,0.0,0.0
2023-08-09,0.0,-0.0,0.0,0.0,0.0,0.0,0.0,0.0
2023-08-10,0.0,-0.0,0.0,0.0,0.0,0.0,0.0,0.0
2023-08-11,0.0,-0.0,0.0,0.0,0.0,0.0,0.0,0.0
2023-08-14,0.0,-0.0,0.0,0.0,0.0,0.0,0.0,0.0
2023-08-15,0.0,-0.0,0.0,0.0,0.0,0.0,0.0,0.0
2023-08-16,0.0,-0.0,0.0,0.0,0.0,0.0,0.0,0.0
2023-08-17,0.0,-0.0,0.0,0.0,0.0,0.0,0.0,0.0
2023-08-18,0.0,-0.0,0.0,0.0,0.0,0.0,0.0,0.0
2023-08-21,0.0,-0.0,0.0,0.0,0.0,0.0,0.0,0.0
2023-08-22,0.0,-0.0,0.0,0.0,0.0,0.0,0.0,0.0
2023-08-23,0.0,-0.0,0.0,0.0,0.0,0.0,0.0,0.0
2023-08-24,0.0,-0.0,0.0,0.0,0.0,0.0,0.0,0.0
2023-08-25,0.08925198523088154,0.05,0.05,0.08925198523088154,0.13925198523088156,0.03925198523088154,0.13925198523088156,0.0
2023-08-28,0.083330439722331,0.05,0.05,0.083330439722331,0.133330439722331,0.033330439722331004,0.005921545508550535,0.0
2023-08-29,0.08131868212742849,0.05,0.05,0.08131868212742849,0.13131868212742848,0.031318682127428485,0.002011757594902519,0.0
2023-08-30,0.08291976251139585,0.05,0.05,0.08291976251139585,0.13291976251139587,0.03291976251139585,0.0016010803839673626,0.0
2023-08-31,0.08282390406178564,0.05,0.05,0.08282390406178564,0.13282390406178562,0.03282390406178563,9.585844961021439e-05,0.0
2023-09-01,0.0,-0.0,0.0,0.0,0.0,0.0,0.13282390406178562,0.0
2023-09-05,0.0,-0.0,0.0,0.0,0.0,0.0,0.0,0.0
2023-09-06,0.0,-0.0,0.0,0.0,0.0,0.0,0.0,0.0
2023-09-07,0.0,-0.0,0.0,0.0,0.0,0.0,0.0,0.0
2023-09-08,0.0,-0.0,0.0,0.0,0.0,0.0,0.0,0.0
2023-09-11,0.0,-0.0,0.0,0.0,0.0,0.0,0.0,0.0
2023-09-12,0.0,-0.0,0.0,0.0,0.0,0.0,0.0,0.0
2023-09-13,0.0,-0.0,0.0,0.0,0.0,0.0,0.0,0.0
2023-09-14,0.0,-0.0,0.0,0.0,0.0,0.0,0.0,0.0
2023-09-15,0.0,-0.0,0.0,0.0,0.0,0.0,0.0,0.0
2023-09-18,0.0,-0.0,0.0,0.0,0.0,0.0,0.0,0.0
2023-09-19,0.0,-0.0,0.0,0.0,0.0,0.0,0.0,0.0
2023-09-20,0.0,-0.0,0.0,0.0,0.0,0.0,0.0,0.0
2023-09-21,0.0,-0.0,0.0,0.0,0.0,0.0,0.0,0.0
2023-09-22,0.0,-0.0,0.0,0.0,0.0,0.0,0.0,0.0
2023-09-25,0.0,-0.0,0.0,0.0,0.0,0.0,0.0,0.0
2023-09-26,0.0,-0.0,0.0,0.0,0.0,0.0,0.0,0.0
2023-09-27,0.0,-0.0,0.0,0.0,0.0,0.0,0.0,0.0
2023-09-28,0.0,-0.0,0.0,0.0,0.0,0.0,0.0,0.0
2023-09-29,0.0,-0.0,0.0,0.0,0.0,0.0,0.0,0.0
2023-10-02,0.0,-0.0,0.0,0.0,0.0,0.0,0.0,0.0
2023-10-03,0.0,-0.0,0.0,0.0,0.0,0.0,0.0,0.0
2023-10-04,0.0,-0.0,0.0,0.0,0.0,0.0,0.0,0.0
2023-10-05,0.0,-0.0,0.0,0.0,0.0,0.0,0.0,0.0
2023-10-06,0.0,-0.0,0.0,0.0,0.0,0.0,0.0,0.0
2023-10-09,0.0,-0.0,0.0,0.0,0.0,0.0,0.0,0.0
2023-10-10,0.0,-0.0,0.0,0.0,0.0,0.0,0.0,0.0
2023-10-11,0.0,-0.0,0.0,0.0,0.0,0.0,0.0,0.0
2023-10-12,0.0,-0.0,0.0,0.0,0.0,0.0,0.0,0.0
2023-10-13,0.0,-0.0,0.0,0.0,0.0,0.0,0.0,0.0
2023-10-16,0.0,-0.0,0.0,0.0,0.0,0.0,0.0,0.0
2023-10-17,0.0,-0.0,0.0,0.0,0.0,0.0,0.0,0.0
2023-10-18,0.0,-0.0,0.0,0.0,0.0,0.0,0.0,0.0
2023-10-19,0.0,-0.0,0.0,0.0,0.0,0.0,0.0,0.0
2023-10-20,0.0,-0.0,0.0,0.0,0.0,0.0,0.0,0.0
2023-10-23,0.0,-0.0,0.0,0.0,0.0,0.0,0.0,0.0
2023-10-24,0.0,-0.0,0.0,0.0,0.0,0.0,0.0,0.0
2023-10-25,0.0,-0.0,0.0,0.0,0.0,0.0,0.0,0.0
2023-10-26,0.0,-0.0,0.0,0.0,0.0,0.0,0.0,0.0
2023-10-27,0.0,-0.0,0.0,0.0,0.0,0.0,0.0,0.0
2023-10-30,0.0,-0.0,0.0,0.0,0.0,0.0,0.0,0.0
2023-10-31,0.0,-0.0,0.0,0.0,0.0,0.0,0.0,0.0
2023-11-01,0.0,-0.0,0.0,0.0,0.0,0.0,0.0,0.0
2023-11-02,0.09668976927240322,0.05,0.05,0.09668976927240322,0.14668976927240324,0.04668976927240322,0.14668976927240324,0.0
2023-11-03,0.0,-0.0,0.0,0.0,0.0,0.0,0.14668976927240324,0.0
2023-11-06,0.0,-0.0,0.0,0.0,0.0,0.0,0.0,0.0
2023-11-07,0.0,-0.0,0.0,0.0,0.0,0.0,0.0,0.0
2023-11-08,0.0,-0.0,0.0,0.0,0.0,0.0,0.0,0.0
2023-11-09,0.0,-0.0,0.0,0.0,0.0,0.0,0.0,0.0
2023-11-10,0.0,-0.0,0.0,0.0,0.0,0.0,0.0,0.0
2023-11-13,0.0,-0.0,0.0,0.0,0.0,0.0,0.0,0.0
2023-11-14,0.0,-0.0,0.0,0.0,0.0,0.0,0.0,0.0
2023-11-15,0.0,-0.0,0.0,0.0,0.0,0.0,0.0,0.0
2023-11-16,0.0,-0.0,0.0,0.0,0.0,0.0,0.0,0.0
2023-11-17,0.0,-0.0,0.0,0.0,0.0,0.0,0.0,0.0
2023-11-20,0.0,-0.0,0.0,0.0,0.0,0.0,0.0,0.0
2023-11-21,0.0,-0.0,0.0,0.0,0.0,0.0,0.0,0.0
2023-11-22,0.0,-0.0,0.0,0.0,0.0,0.0,0.0,0.0
2023-11-24,0.05,0.07546925515074929,0.05,0.07546925515074929,0.1254692551507493,-0.025469255150749284,0.1254692551507493,0.0
2023-11-27,0.05,0.07577257006041598,0.05,0.07577257006041598,0.12577257006041598,-0.025772570060415972,0.00030331490966668817,0.0
2023-11-28,0.05,0.07580623045137838,0.05,0.07580623045137838,0.1258062304513784,-0.02580623045137838,3.366039096240614e-05,0.0
2023-11-29,0.05,0.07606071072890129,0.05,0.07606071072890129,0.1260607107289013,-0.026060710728901287,0.0002544802775229088,0.0
2023-11-30,0.05,0.07612651355026391,0.05,0.07612651355026391,0.1261265135502639,-0.026126513550263908,6.58028213626205e-05,0.0
2023-12-01,0.05,0.07484958952965026,0.05,0.07484958952965026,0.12484958952965027,-0.02484958952965026,0.0012769240206136484,0.0
2023-12-04,0.05,0.07552683773193561,0.05,0.07552683773193561,0.12552683773193563,-0.025526837731935606,0.0006772482022853465,0.0
2023-12-05,0.05,0.0763506646313917,0.05,0.0763506646313917,0.12635066463139172,-0.0263506646313917,0.0008238268994560927,0.0
2023-12-06,0.04326766595712144,0.05,0.05,0.04326766595712144,0.09326766595712144,-0.006732334042878561,0.21961833058851316,0.0
2023-12-07,0.042907442220295744,0.05,0.05,0.042907442220295744,0.09290744222029575,-0.007092557779704259,0.00036022373682569747,0.0
2023-12-08,0.13893746471858096,0.1,0.1,0.13893746471858096,0.23893746471858096,0.03893746471858095,0.14603002249828523,0.0
2023-12-11,0.13923407981513555,0.1,0.1,0.13923407981513555,0.23923407981513556,0.03923407981513555,0.0002966150965545977,0.0
2023-12-12,0.0955680913662354,0.05,0.05,0.0955680913662354,0.14556809136623539,0.045568091366235394,0.09366598844890016,0.0
2023-12-13,0.09592209010067361,0.05,0.05,0.09592209010067361,0.1459220901006736,0.04592209010067361,0.00035399873443821284,0.0
2023-12-14,0.09501066589965682,0.05,0.05,0.09501066589965682,0.14501066589965683,0.04501066589965681,0.0009114242010167944,0.0
2023-12-15,0.09740307757977647,0.05,0.05,0.09740307757977647,0.14740307757977647,0.047403077579776465,0.002392411680119652,0.0
2023-12-18,0.0,-0.0,0.0,0.0,0.0,0.0,0.14740307757977647,0.0
2023-12-19,0.0,-0.0,0.0,0.0,0.0,0.0,0.0,0.0
2023-12-20,0.0,-0.0,0.0,0.0,0.0,0.0,0.0,0.0
2023-12-21,0.0,-0.0,0.0,0.0,0.0,0.0,0.0,0.0
2023-12-22,0.0,-0.0,0.0,0.0,0.0,0.0,0.0,0.0
2023-12-26,0.0,-0.0,0.0,0.0,0.0,0.0,0.0,0.0
2023-12-27,0.0,-0.0,0.0,0.0,0.0,0.0,0.0,0.0
2023-12-28,0.0,-0.0,0.0,0.0,0.0,0.0,0.0,0.0
2023-12-29,0.0,-0.0,0.0,0.0,0.0,0.0,0.0,0.0
2024-01-02,0.0,-0.0,0.0,0.0,0.0,0.0,0.0,0.0
2024-01-03,0.0,-0.0,0.0,0.0,0.0,0.0,0.0,0.0
2024-01-04,0.0,-0.0,0.0,0.0,0.0,0.0,0.0,0.0
2024-01-05,0.0,-0.0,0.0,0.0,0.0,0.0,0.0,0.0
2024-01-08,0.0,-0.0,0.0,0.0,0.0,0.0,0.0,0.0
2024-01-09,0.10250864979792354,0.05,0.05,0.10250864979792354,0.15250864979792356,0.05250864979792354,0.15250864979792356,0.0
2024-01-10,0.10250425449730505,0.05,0.05,0.10250425449730505,0.15250425449730504,0.052504254497305045,4.395300618492692e-06,0.0
2024-01-11,0.10030616923985924,0.05,0.05,0.10030616923985924,0.15030616923985923,0.05030616923985924,0.002198085257445803,0.0
2024-01-12,0.10040723495289738,0.05,0.05,0.10040723495289738,0.15040723495289737,0.05040723495289738,0.00010106571303813983,0.0
2024-01-16,0.0,-0.0,0.0,0.0,0.0,0.0,0.15040723495289737,0.0
2024-01-17,0.0990802618543716,0.05,0.05,0.0990802618543716,0.14908026185437162,0.0490802618543716,0.14908026185437162,0.0
2024-01-18,0.09883510106772342,0.05,0.05,0.09883510106772342,0.1488351010677234,0.048835101067723416,0.0002451607866481853,0.0
2024-01-19,0.09916558258096289,0.05,0.05,0.09916558258096289,0.1491655825809629,0.04916558258096289,0.0003304815132394723,0.0
2024-01-22,0.10218512194522587,0.05,0.05,0.10218512194522587,0.15218512194522588,0.05218512194522587,0.0030195393642629825,0.0
2024-01-23,0.1017596232263422,0.05,0.05,0.1017596232263422,0.1517596232263422,0.0517596232263422,0.0004254987188836712,0.0
2024-01-24,0.0,-0.0,0.0,0.0,0.0,0.0,0.1517596232263422,0.0
2024-01-25,0.0,-0.0,0.0,0.0,0.0,0.0,0.0,0.0
2024-01-26,0.0,-0.0,0.0,0.0,0.0,0.0,0.0,0.0
2024-01-29,0.0,-0.0,0.0,0.0,0.0,0.0,0.0,0.0
2024-01-30,0.0,-0.0,0.0,0.0,0.0,0.0,0.0,0.0
2024-01-31,0.0,-0.0,0.0,0.0,0.0,0.0,0.0,0.0
2024-02-01,0.0,-0.0,0.0,0.0,0.0,0.0,0.0,0.0
2024-02-02,0.0,-0.0,0.0,0.0,0.0,0.0,0.0,0.0
2024-02-05,0.0,-0.0,0.0,0.0,0.0,0.0,0.0,0.0
2024-02-06,0.0,-0.0,0.0,0.0,0.0,0.0,0.0,0.0
2024-02-07,0.0,-0.0,0.0,0.0,0.0,0.0,0.0,0.0
2024-02-08,0.0,-0.0,0.0,0.0,0.0,0.0,0.0,0.0
2024-02-09,0.0,-0.0,0.0,0.0,0.0,0.0,0.0,0.0
2024-02-12,0.0,-0.0,0.0,0.0,0.0,0.0,0.0,0.0
2024-02-13,0.0,-0.0,0.0,0.0,0.0,0.0,0.0,0.0
2024-02-14,0.0,-0.0,0.0,0.0,0.0,0.0,0.0,0.0
2024-02-15,0.0,-0.0,0.0,0.0,0.0,0.0,0.0,0.0
2024-02-16,0.0,-0.0,0.0,0.0,0.0,0.0,0.0,0.0
2024-02-20,0.0,-0.0,0.0,0.0,0.0,0.0,0.0,0.0
2024-02-21,0.0,-0.0,0.0,0.0,0.0,0.0,0.0,0.0
2024-02-22,0.0,-0.0,0.0,0.0,0.0,0.0,0.0,0.0
2024-02-23,0.0,-0.0,0.0,0.0,0.0,0.0,0.0,0.0
2024-02-26,0.0,-0.0,0.0,0.0,0.0,0.0,0.0,0.0
2024-02-27,0.0,-0.0,0.0,0.0,0.0,0.0,0.0,0.0
2024-02-28,0.0,-0.0,0.0,0.0,0.0,0.0,0.0,0.0
2024-02-29,0.0,-0.0,0.0,0.0,0.0,0.0,0.0,0.0
2024-03-01,0.0,-0.0,0.0,0.0,0.0,0.0,0.0,0.0
2024-03-04,0.0,-0.0,0.0,0.0,0.0,0.0,0.0,0.0
2024-03-05,0.0,-0.0,0.0,0.0,0.0,0.0,0.0,0.0
2024-03-06,0.0,-0.0,0.0,0.0,0.0,0.0,0.0,0.0
2024-03-07,0.0,-0.0,0.0,0.0,0.0,0.0,0.0,0.0
2024-03-08,0.0,-0.0,0.0,0.0,0.0,0.0,0.0,0.0
2024-03-11,0.0,-0.0,0.0,0.0,0.0,0.0,0.0,0.0
2024-03-12,0.0,-0.0,0.0,0.0,0.0,0.0,0.0,0.0
2024-03-13,0.05615684647325197,0.05,0.05,0.05615684647325197,0.10615684647325196,0.006156846473251966,0.10615684647325196,0.0
2024-03-14,0.05595860228606539,0.05,0.05,0.05595860228606539,0.10595860228606539,0.005958602286065387,0.00019824418718657894,0.0
2024-03-15,0.05549510694857686,0.05,0.05,0.05549510694857686,0.10549510694857686,0.0054951069485768556,0.00046349533748853144,0.0
2024-03-18,0.054050274295931615,0.05,0.05,0.054050274295931615,0.10405027429593161,0.004050274295931612,0.0014448326526452435,0.0
2024-03-19,0.05411294225979009,0.05,0.05,0.05411294225979009,0.10411294225979009,0.004112942259790087,6.266796385847456e-05,0.0
2024-03-20,0.0,-0.0,0.0,0.0,0.0,0.0,0.10411294225979009,0.0
2024-03-21,0.0,-0.0,0.0,0.0,0.0,0.0,0.0,0.0
2024-03-22,0.0,-0.0,0.0,0.0,0.0,0.0,0.0,0.0
2024-03-25,0.0,-0.0,0.0,0.0,0.0,0.0,0.0,0.0
2024-03-26,0.0,-0.0,0.0,0.0,0.0,0.0,0.0,0.0
2024-03-27,0.0,-0.0,0.0,0.0,0.0,0.0,0.0,0.0
2024-03-28,0.0,-0.0,0.0,0.0,0.0,0.0,0.0,0.0
2024-04-01,0.0,-0.0,0.0,0.0,0.0,0.0,0.0,0.0
2024-04-02,0.0,-0.0,0.0,0.0,0.0,0.0,0.0,0.0
2024-04-03,0.0,-0.0,0.0,0.0,0.0,0.0,0.0,0.0
2024-04-04,0.0,-0.0,0.0,0.0,0.0,0.0,0.0,0.0
2024-04-05,0.0,-0.0,0.0,0.0,0.0,0.0,0.0,0.0
2024-04-08,0.0,-0.0,0.0,0.0,0.0,0.0,0.0,0.0
2024-04-09,0.0,-0.0,0.0,0.0,0.0,0.0,0.0,0.0
2024-04-10,0.0,-0.0,0.0,0.0,0.0,0.0,0.0,0.0
2024-04-11,0.0,-0.0,0.0,0.0,0.0,0.0,0.0,0.0
2024-04-12,0.0,-0.0,0.0,0.0,0.0,0.0,0.0,0.0
2024-04-15,0.028778532071318214,0.05,0.05,0.028778532071318214,0.07877853207131821,-0.02122146792868179,0.07877853207131821,0.0
2024-04-16,0.027341463748473252,0.05,0.05,0.027341463748473252,0.07734146374847325,-0.02265853625152675,0.0014370683228449622,0.0
2024-04-17,0.026511158779238105,0.05,0.05,0.026511158779238105,0.07651115877923811,-0.023488841220761898,0.0008303049692351475,0.0
2024-04-18,0.026009142589161843,0.05,0.05,0.026009142589161843,0.07600914258916185,-0.02399085741083816,0.0005020161900762612,0.0
2024-04-19,0.0,-0.0,0.0,0.0,0.0,0.0,0.07600914258916185,0.0
2024-04-22,0.0,-0.0,0.0,0.0,0.0,0.0,0.0,0.0
2024-04-23,0.0,-0.0,0.0,0.0,0.0,0.0,0.0,0.0
2024-04-24,0.0,-0.0,0.0,0.0,0.0,0.0,0.0,0.0
2024-04-25,0.0,-0.0,0.0,0.0,0.0,0.0,0.0,0.0
2024-04-26,0.0,-0.0,0.0,0.0,0.0,0.0,0.0,0.0
2024-04-29,0.0,-0.0,0.0,0.0,0.0,0.0,0.0,0.0
2024-04-30,0.0,-0.0,0.0,0.0,0.0,0.0,0.0,0.0
2024-05-01,0.0,-0.0,0.0,0.0,0.0,0.0,0.0,0.0
2024-05-02,0.0,-0.0,0.0,0.0,0.0,0.0,0.0,0.0
2024-05-03,0.09437622793792792,0.1,0.1,0.09437622793792792,0.19437622793792791,-0.005623772062072083,0.19437622793792791,0.0
2024-05-06,0.09557292554680846,0.1,0.1,0.09557292554680846,0.19557292554680847,-0.004427074453191543,0.0011966976088805398,0.0
2024-05-07,0.09413420390423727,0.1,0.1,0.09413420390423727,0.19413420390423727,-0.0058657960957627375,0.0014387216425711946,0.0
2024-05-08,0.0,-0.0,0.0,0.0,0.0,0.0,0.0,0.0
2024-05-09,0.0,-0.0,0.0,0.0,0.0,0.0,0.0,0.0
2024-05-10,0.0,-0.0,0.0,0.0,0.0,0.0,0.0,0.0
2024-05-13,0.0,-0.0,0.0,0.0,0.0,0.0,0.0,0.0
2024-05-14,0.0,-0.0,0.0,0.0,0.0,0.0,0.0,0.0
2024-05-15,0.0,-0.0,0.0,0.0,0.0,0.0,0.0,0.0
2024-05-16,0.0,-0.0,0.0,0.0,0.0,0.0,0.0,0.0
2024-05-17,0.0,-0.0,0.0,0.0,0.0,0.0,0.0,0.0
2024-05-20,0.0,-0.0,0.0,0.0,0.0,0.0,0.0,0.0
2024-05-21,0.0,-0.0,0.0,0.0,0.0,0.0,0.0,0.0
2024-05-22,0.0,-0.0,0.0,0.0,0.0,0.0,0.0,0.0
2024-05-23,0.0,-0.0,0.0,0.0,0.0,0.0,0.0,0.0
2024-05-24,0.0,-0.0,0.0,0.0,0.0,0.0,0.0,0.0
2024-05-28,0.0,-0.0,0.0,0.0,0.0,0.0,0.0,0.0
2024-05-29,0.0,-0.0,0.0,0.0,0.0,0.0,0.0,0.0
2024-05-30,0.0,-0.0,0.0,0.0,0.0,0.0,0.0,0.0
2024-05-31,0.05,0.07171230266250828,0.05,0.07171230266250828,0.12171230266250828,-0.021712302662508273,0.12171230266250828,0.0
2024-06-03,0.05,0.07182247182974469,0.05,0.07182247182974469,0.12182247182974469,-0.021822471829744686,0.00011016916723641246,0.0
2024-06-04,0.0,-0.0,0.0,0.0,0.0,0.0,0.12182247182974469,0.0
2024-06-05,0.0,-0.0,0.0,0.0,0.0,0.0,0.0,0.0
2024-06-06,0.0,-0.0,0.0,0.0,0.0,0.0,0.0,0.0
2024-06-07,0.0,-0.0,0.0,0.0,0.0,0.0,0.0,0.0
2024-06-10,0.0,-0.0,0.0,0.0,0.0,0.0,0.0,0.0
2024-06-11,0.0,-0.0,0.0,0.0,0.0,0.0,0.0,0.0
2024-06-12,0.047120927666854634,0.05,0.05,0.047120927666854634,0.09712092766685464,-0.002879072333145369,0.09712092766685464,0.0
2024-06-13,0.047856051647619746,0.05,0.05,0.047856051647619746,0.09785605164761975,-0.0021439483523802566,0.0007351239807651122,0.0
2024-06-14,0.04752828887189119,0.05,0.05,0.04752828887189119,0.09752828887189119,-0.0024717111281088097,0.0003277627757285531,0.0
2024-06-17,0.0,-0.0,0.0,0.0,0.0,0.0,0.09752828887189119,0.0
2024-06-18,0.0,-0.0,0.0,0.0,0.0,0.0,0.0,0.0
2024-06-20,0.0,-0.0,0.0,0.0,0.0,0.0,0.0,0.0
2024-06-21,0.0,-0.0,0.0,0.0,0.0,0.0,0.0,0.0
2024-06-24,0.0,-0.0,0.0,0.0,0.0,0.0,0.0,0.0
2024-06-25,0.0,-0.0,0.0,0.0,0.0,0.0,0.0,0.0
2024-06-26,0.0,-0.0,0.0,0.0,0.0,0.0,0.0,0.0
2024-06-27,0.0,-0.0,0.0,0.0,0.0,0.0,0.0,0.0
2024-06-28,0.0,-0.0,0.0,0.0,0.0,0.0,0.0,0.0
2024-07-01,0.04912008472510279,0.05,0.05,0.04912008472510279,0.0991200847251028,-0.0008799152748972111,0.0991200847251028,0.0
2024-07-02,0.049182339367059326,0.05,0.05,0.049182339367059326,0.09918233936705934,-0.0008176606329406769,6.225464195653424e-05,0.0
2024-07-03,0.04945191973742655,0.05,0.05,0.04945191973742655,0.09945191973742655,-0.0005480802625734554,0.00026958037036722143,0.0
2024-07-05,0.0,-0.0,0.0,0.0,0.0,0.0,0.09945191973742655,0.0
2024-07-08,0.0,-0.0,0.0,0.0,0.0,0.0,0.0,0.0
2024-07-09,0.0,-0.0,0.0,0.0,0.0,0.0,0.0,0.0
2024-07-10,0.0,-0.0,0.0,0.0,0.0,0.0,0.0,0.0
2024-07-11,0.0,-0.0,0.0,0.0,0.0,0.0,0.0,0.0
2024-07-12,0.0,-0.0,0.0,0.0,0.0,0.0,0.0,0.0
2024-07-15,0.0,-0.0,0.0,0.0,0.0,0.0,0.0,0.0
2024-07-16,0.0,-0.0,0.0,0.0,0.0,0.0,0.0,0.0
2024-07-17,0.0,-0.0,0.0,0.0,0.0,0.0,0.0,0.0
2024-07-18,0.0,-0.0,0.0,0.0,0.0,0.0,0.0,0.0
2024-07-19,0.0,-0.0,0.0,0.0,0.0,0.0,0.0,0.0
2024-07-22,0.0,-0.0,0.0,0.0,0.0,0.0,0.0,0.0
2024-07-23,0.0,-0.0,0.0,0.0,0.0,0.0,0.0,0.0
2024-07-24,0.0,-0.0,0.0,0.0,0.0,0.0,0.0,0.0
2024-07-25,0.0,-0.0,0.0,0.0,0.0,0.0,0.0,0.0
2024-07-26,0.0,-0.0,0.0,0.0,0.0,0.0,0.0,0.0
2024-07-29,0.0,-0.0,0.0,0.0,0.0,0.0,0.0,0.0
2024-07-30,0.0,-0.0,0.0,0.0,0.0,0.0,0.0,0.0
2024-07-31,0.0,-0.0,0.0,0.0,0.0,0.0,0.0,0.0
2024-08-01,0.0,-0.0,0.0,0.0,0.0,0.0,0.0,0.0
2024-08-02,0.0,-0.0,0.0,0.0,0.0,0.0,0.0,0.0
2024-08-05,0.05,0.06619697061931441,0.05,0.06619697061931441,0.11619697061931442,-0.01619697061931441,0.11619697061931442,0.0
2024-08-06,0.05,0.06800277345863416,0.05,0.06800277345863416,0.11800277345863416,-0.018002773458634158,0.0018058028393197478,0.0
2024-08-07,0.05,0.0668537212960374,0.05,0.0668537212960374,0.1168537212960374,-0.01685372129603739,0.001149052162596767,0.0
2024-08-08,0.05,0.06766292073301876,0.05,0.06766292073301876,0.11766292073301876,-0.017662920733018755,0.0008091994369813643,0.0
2024-08-09,0.05,0.07081760124694189,0.05,0.07081760124694189,0.1208176012469419,-0.02081760124694189,0.003154680513923133,0.0
2024-08-12,0.0,-0.0,0.0,0.0,0.0,0.0,0.1208176012469419,0.0
2024-08-13,0.0,-0.0,0.0,0.0,0.0,0.0,0.0,0.0
2024-08-14,0.0,-0.0,0.0,0.0,0.0,0.0,0.0,0.0
2024-08-15,0.0,-0.0,0.0,0.0,0.0,0.0,0.0,0.0
2024-08-16,0.009274234491600508,0.05,0.05,0.009274234491600508,0.05927423449160051,-0.04072576550839949,0.05927423449160051,0.0
2024-08-19,0.009345079155827732,0.05,0.05,0.009345079155827732,0.059345079155827735,-0.04065492084417227,7.084466422722403e-05,0.0
2024-08-20,0.00958246094739204,0.05,0.05,0.00958246094739204,0.059582460947392044,-0.04041753905260796,0.00023738179156430894,0.0
2024-08-21,0.009121873162416192,0.05,0.05,0.009121873162416192,0.0591218731624162,-0.04087812683758381,0.00046058778497584836,0.0
2024-08-22,0.009280505184201296,0.05,0.05,0.009280505184201296,0.0592805051842013,-0.04071949481579871,0.0001586320217851038,0.0
2024-08-23,0.00942204946413118,0.05,0.05,0.00942204946413118,0.05942204946413118,-0.04057795053586882,0.00014154427992988348,0.0
2024-08-26,0.009576671349913019,0.05,0.05,0.009576671349913019,0.05957667134991302,-0.040423328650086986,0.00015462188578183912,0.0
2024-08-27,0.00974719414512036,0.05,0.05,0.00974719414512036,0.059747194145120364,-0.04025280585487964,0.00017052279520734202,0.0
2024-08-28,0.009681172772164072,0.05,0.05,0.009681172772164072,0.05968117277216407,-0.04031882722783593,6.602137295628856e-05,0.0
2024-08-29,0.010262509591743952,0.05,0.05,0.010262509591743952,0.06026250959174395,-0.039737490408256054,0.0005813368195798797,0.0
2024-08-30,0.0,-0.0,0.0,0.0,0.0,0.0,0.06026250959174395,0.0
2024-09-03,0.0,-0.0,0.0,0.0,0.0,0.0,0.0,0.0
2024-09-04,0.05,0.09903935072769832,0.05,0.09903935072769832,0.1490393507276983,-0.049039350727698314,0.1490393507276983,0.0
2024-09-05,0.05,0.09911945757521913,0.05,0.09911945757521913,0.14911945757521913,-0.04911945757521913,8.010684752081387e-05,0.0
2024-09-06,0.0,-0.0,0.0,0.0,0.0,0.0,0.14911945757521913,0.0
2024-09-09,0.0,-0.0,0.0,0.0,0.0,0.0,0.0,0.0
2024-09-10,0.0,-0.0,0.0,0.0,0.0,0.0,0.0,0.0
2024-09-11,0.030343765175994665,0.05,0.05,0.030343765175994665,0.08034376517599467,-0.019656234824005338,0.08034376517599467,0.0
2024-09-12,0.0294063889234058,0.05,0.05,0.0294063889234058,0.0794063889234058,-0.020593611076594204,0.0009373762525888667,0.0
2024-09-13,0.02938954838721161,0.05,0.05,0.02938954838721161,0.07938954838721161,-0.02061045161278839,1.6840536194186878e-05,0.0
2024-09-16,0.029278041687856544,0.05,0.05,0.029278041687856544,0.07927804168785654,-0.02072195831214346,0.00011150669935506771,0.0
2024-09-17,0.028748402350957564,0.05,0.05,0.028748402350957564,0.07874840235095756,-0.02125159764904244,0.0005296393368989794,0.0
2024-09-18,0.028773569837825988,0.05,0.05,0.028773569837825988,0.07877356983782599,-0.021226430162174015,2.51674868684236e-05,0.0
2024-09-19,0.02912473284350969,0.05,0.05,0.02912473284350969,0.0791247328435097,-0.020875267156490313,0.0003511630056837016,0.0
2024-09-20,0.02978735554401716,0.05,0.05,0.02978735554401716,0.07978735554401717,-0.020212644455982844,0.0006626227005074696,0.0
2024-09-23,0.029747430060427255,0.05,0.05,0.029747430060427255,0.07974743006042725,-0.020252569939572748,3.9925483589903915e-05,0.0
2024-09-24,0.029782690510373917,0.05,0.05,0.029782690510373917,0.07978269051037393,-0.020217309489626085,3.5260449946662026e-05,0.0
2024-09-25,0.0,-0.0,0.0,0.0,0.0,0.0,0.07978269051037393,0.0
2024-09-26,0.0,-0.0,0.0,0.0,0.0,0.0,0.0,0.0
2024-09-27,0.0,-0.0,0.0,0.0,0.0,0.0,0.0,0.0
2024-09-30,0.05,0.024298430884482903,0.05,0.024298430884482903,0.0742984308844829,0.0257015691155171,0.0742984308844829,0.0
2024-10-01,0.05,0.02421993257078811,0.05,0.02421993257078811,0.07421993257078811,0.025780067429211892,7.849831369479213e-05,0.0
2024-10-02,0.05,0.025146371715824147,0.05,0.025146371715824147,0.07514637171582415,0.024853628284175856,0.0009264391450360364,0.0
2024-10-03,0.05,0.025220658606734114,0.05,0.025220658606734114,0.07522065860673412,0.02477934139326589,7.428689090996712e-05,0.0
2024-10-04,0.05,0.02545337408710448,0.05,0.02545337408710448,0.07545337408710448,0.024546625912895522,0.0002327154803703664,0.0
2024-10-07,0.09557337461285698,0.05,0.1,0.04557337461285697,0.14557337461285697,0.04557337461285697,0.12102674869996145,0.0
2024-10-08,0.09523086595485629,0.05,0.1,0.045230865954856286,0.1452308659548563,0.045230865954856286,0.00034250865800068697,0.0
2024-10-09,0.09426270141615042,0.05,0.1,0.04426270141615042,0.14426270141615044,0.04426270141615042,0.0009681645387058652,0.0
2024-10-10,0.0,-0.0,0.0,0.0,0.0,0.0,0.14426270141615044,0.0
2024-10-11,0.0,-0.0,0.0,0.0,0.0,0.0,0.0,0.0
2024-10-14,0.0,-0.0,0.0,0.0,0.0,0.0,0.0,0.0
2024-10-15,0.0,-0.0,0.0,0.0,0.0,0.0,0.0,0.0
2024-10-16,0.0,-0.0,0.0,0.0,0.0,0.0,0.0,0.0
2024-10-17,0.0,-0.0,0.0,0.0,0.0,0.0,0.0,0.0
2024-10-18,0.0,-0.0,0.0,0.0,0.0,0.0,0.0,0.0
2024-10-21,0.0,-0.0,0.0,0.0,0.0,0.0,0.0,0.0
2024-10-22,0.0,-0.0,0.0,0.0,0.0,0.0,0.0,0.0
2024-10-23,0.0,-0.0,0.0,0.0,0.0,0.0,0.0,0.0
2024-10-24,0.0,-0.0,0.0,0.0,0.0,0.0,0.0,0.0
2024-10-25,0.0,-0.0,0.0,0.0,0.0,0.0,0.0,0.0
2024-10-28,0.0,-0.0,0.0,0.0,0.0,0.0,0.0,0.0
2024-10-29,0.0,-0.0,0.0,0.0,0.0,0.0,0.0,0.0
2024-10-30,0.0,-0.0,0.0,0.0,0.0,0.0,0.0,0.0
2024-10-31,0.05,0.08289437510464387,0.05,0.08289437510464387,0.13289437510464386,-0.032894375104643866,0.13289437510464386,0.0
2024-11-01,0.05,0.08101085104460219,0.05,0.08101085104460219,0.1310108510446022,-0.03101085104460219,0.0018835240600416775,0.0
2024-11-04,0.05,0.08045956978144504,0.05,0.08045956978144504,0.13045956978144505,-0.03045956978144504,0.0005512812631571495,0.0
2024-11-05,0.05,0.06128843051516722,0.1,0.011288430515167217,0.11128843051516722,-0.011288430515167217,0.11917113926627783,0.0
2024-11-06,0.0708990949782856,0.05,0.05,0.0708990949782856,0.1208990949782856,0.0208990949782856,0.1321875254934528,0.0
2024-11-07,0.07270541589810102,0.05,0.05,0.07270541589810102,0.12270541589810102,0.022705415898101017,0.0018063209198154184,0.0
2024-11-08,0.07436162572764866,0.05,0.05,0.07436162572764866,0.12436162572764867,0.02436162572764866,0.0016562098295476446,0.0
2024-11-11,0.07505540396637861,0.05,0.05,0.07505540396637861,0.1250554039663786,0.025055403966378606,0.0006937782387299446,0.0
2024-11-12,0.0760459524762836,0.05,0.05,0.0760459524762836,0.12604595247628358,0.026045952476283593,0.000990548509904987,0.0
2024-11-13,0.0757014429745781,0.05,0.05,0.0757014429745781,0.1257014429745781,0.025701442974578104,0.00034450950170548944,0.0
2024-11-14,0.0747442160058897,0.05,0.05,0.0747442160058897,0.1247442160058897,0.02474421600588969,0.0009572269686884127,0.0
2024-11-15,0.07442188589599824,0.05,0.05,0.07442188589599824,0.12442188589599824,0.024421885895998238,0.0003223301098914527,0.0
2024-11-18,0.07072898789098563,0.05,0.05,0.07072898789098563,0.12072898789098563,0.020728987890985623,0.0036928980050126153,0.0
2024-11-19,0.071092853572397,0.05,0.05,0.071092853572397,0.121092853572397,0.021092853572397,0.00036386568141137665,0.0
2024-11-20,0.06961315427864588,0.05,0.05,0.06961315427864588,0.11961315427864588,0.019613154278645878,0.0014796992937511216,0.0
2024-11-21,0.06996295971274803,0.05,0.05,0.06996295971274803,0.11996295971274804,0.01996295971274803,0.0003498054341021517,0.0
2024-11-22,0.06965875299892137,0.05,0.05,0.06965875299892137,0.11965875299892137,0.019658752998921364,0.00030420671382666575,0.0
2024-11-25,0.07122332742630409,0.05,0.05,0.07122332742630409,0.1212233274263041,0.02122332742630409,0.0015645744273827256,0.0
2024-11-26,0.06754156302761942,0.05,0.05,0.06754156302761942,0.11754156302761942,0.017541563027619417,0.0036817643986846726,0.0
2024-11-27,0.05934145202225699,0.05,0.05,0.05934145202225699,0.109341452022257,0.009341452022256988,0.008200111005362429,0.0
2024-11-29,0.058763636665387656,0.05,0.05,0.058763636665387656,0.10876363666538766,0.008763636665387653,0.000577815356869335,0.0
2024-12-02,0.058918435780359324,0.05,0.05,0.058918435780359324,0.10891843578035933,0.008918435780359321,0.0001547991149716682,0.0
2024-12-03,0.0,-0.0,0.0,0.0,0.0,0.0,0.10891843578035933,0.0
2024-12-04,0.0,-0.0,0.0,0.0,0.0,0.0,0.0,0.0
2024-12-05,0.04764007614008714,0.05,0.05,0.04764007614008714,0.09764007614008714,-0.002359923859912863,0.09764007614008714,0.0
2024-12-06,0.05292285501292207,0.05,0.05,0.05292285501292207,0.10292285501292207,0.002922855012922068,0.005282778872834931,0.0
2024-12-09,0.05,0.057678489467387385,0.1,0.007678489467387382,0.1076784894673874,-0.007678489467387382,0.11060134448030945,0.0
2024-12-10,0.05,0.055867846531243076,0.1,0.005867846531243073,0.10586784653124308,-0.005867846531243073,0.001810642936144309,0.0
2024-12-11,0.05,0.05925762904124034,0.1,0.009257629041240334,0.10925762904124034,-0.009257629041240334,0.0033897825099972606,0.0
2024-12-12,0.08042094883724801,0.1,0.15000000000000002,0.03042094883724801,0.18042094883724802,-0.019579051162751993,0.08967857787848835,0.0
2024-12-13,0.08223991072354223,0.1,0.15000000000000002,0.03223991072354222,0.18223991072354223,-0.01776008927645778,0.0018189618862942125,0.0
2024-12-16,0.07688142989960664,0.1,0.15000000000000002,0.02688142989960663,0.17688142989960665,-0.023118570100393372,0.005358480823935592,0.0
2024-12-17,0.05,0.07497500833634793,0.1,0.02497500833634792,0.12497500833634792,-0.02497500833634792,0.10185643823595456,0.0
2024-12-18,0.11335227301354642,0.1,0.15000000000000002,0.06335227301354641,0.21335227301354642,0.013352273013546412,0.13832728134989436,0.0
2024-12-19,0.1351141479307769,0.1,0.1,0.1351141479307769,0.2351141479307769,0.035114147930776884,0.12176187491723048,0.0
2024-12-20,0.13502772602242713,0.1,0.1,0.13502772602242713,0.23502772602242714,0.035027726022427125,8.642190834975971e-05,0.0
2024-12-23,0.06671581343116245,0.1,0.1,0.06671581343116245,0.16671581343116246,-0.033284186568837554,0.16831191259126468,0.0
2024-12-24,0.09319228039384417,0.05,0.05,0.09319228039384417,0.14319228039384418,0.043192280393844165,0.17647646696268174,0.0
2024-12-26,0.09375174382705383,0.05,0.05,0.09375174382705383,0.14375174382705383,0.043751743827053824,0.0005594634332096587,0.0
2024-12-27,0.09577329504973195,0.05,0.05,0.09577329504973195,0.14577329504973197,0.045773295049731946,0.0020215512226781224,0.0
2024-12-30,0.09509152728132438,0.05,0.05,0.09509152728132438,0.14509152728132438,0.04509152728132437,0.0006817677684075735,0.0
2024-12-31,0.09559079403849735,0.05,0.05,0.09559079403849735,0.14559079403849734,0.04559079403849735,0.0004992667571729753,0.0
2025-01-02,0.09562923258587297,0.05,0.05,0.09562923258587297,0.14562923258587296,0.04562923258587297,3.8438547375618803e-05,0.0
2025-01-03,0.09563689613256715,0.05,0.05,0.09563689613256715,0.14563689613256714,0.04563689613256715,7.663546694181012e-06,0.0
2025-01-06,0.09341522001833047,0.05,0.05,0.09341522001833047,0.14341522001833046,0.043415220018330467,0.0022216761142366814,0.0
2025-01-07,0.09238681461501634,0.05,0.05,0.09238681461501634,0.14238681461501634,0.04238681461501634,0.0010284054033141282,0.0
2025-01-08,0.09224561461563177,0.05,0.05,0.09224561461563177,0.1422456146156318,0.04224561461563177,0.00014119999938456973,0.0
2025-01-10,0.09249461053909211,0.05,0.05,0.09249461053909211,0.14249461053909213,0.042494610539092106,0.00024899592346033783,0.0
2025-01-13,0.09235378170262046,0.05,0.05,0.09235378170262046,0.14235378170262047,0.042353781702620455,0.00014082883647165145,0.0
2025-01-14,0.09201804207965561,0.05,0.05,0.09201804207965561,0.14201804207965563,0.04201804207965561,0.00033573962296484794,0.0
2025-01-15,0.09192819245624241,0.05,0.05,0.09192819245624241,0.1419281924562424,0.04192819245624241,8.984962341319902e-05,0.0
2025-01-16,0.0888751477506009,0.05,0.05,0.0888751477506009,0.1388751477506009,0.0388751477506009,0.0030530447056415083,0.0
2025-01-17,0.0,-0.0,0.0,0.0,0.0,0.0,0.1388751477506009,0.0
2025-01-21,0.0,-0.0,0.0,0.0,0.0,0.0,0.0,0.0
2025-01-22,0.0,-0.0,0.0,0.0,0.0,0.0,0.0,0.0
2025-01-23,0.0,-0.0,0.0,0.0,0.0,0.0,0.0,0.0
2025-01-24,0.0,-0.0,0.0,0.0,0.0,0.0,0.0,0.0
2025-01-27,0.0,-0.0,0.0,0.0,0.0,0.0,0.0,0.0
2025-01-28,0.05,0.09796603555595375,0.05,0.09796603555595375,0.14796603555595375,-0.047966035555953745,0.14796603555595375,0.0
2025-01-29,0.0,-0.0,0.0,0.0,0.0,0.0,0.14796603555595375,0.0
2025-01-30,0.0,-0.0,0.0,0.0,0.0,0.0,0.0,0.0
2025-01-31,0.0,-0.0,0.0,0.0,0.0,0.0,0.0,0.0
2025-02-03,0.0,-0.0,0.0,0.0,0.0,0.0,0.0,0.0
2025-02-04,0.0,-0.0,0.0,0.0,0.0,0.0,0.0,0.0
2025-02-05,0.0,-0.0,0.0,0.0,0.0,0.0,0.0,0.0
2025-02-06,0.0,-0.0,0.0,0.0,0.0,0.0,0.0,0.0
2025-02-07,0.05,0.031187916650899095,0.05,0.031187916650899095,0.0811879166508991,0.018812083349100908,0.0811879166508991,0.0
2025-02-10,0.05,0.03173115337555236,0.05,0.03173115337555236,0.08173115337555237,0.018268846624447645,0.0005432367246532635,0.0
2025-02-11,0.05,0.0329549279337062,0.05,0.0329549279337062,0.08295492793370621,0.017045072066293805,0.0012237745581538395,0.0
2025-02-12,0.05,0.03294844312076005,0.05,0.03294844312076005,0.08294844312076005,0.017051556879239954,6.4848129461489434e-06,0.0
2025-02-13,0.05,0.03294980896551844,0.05,0.03294980896551844,0.08294980896551844,0.017050191034481563,1.3658447583914102e-06,0.0
2025-02-14,0.0,-0.0,0.0,0.0,0.0,0.0,0.08294980896551844,0.0
2025-02-18,0.0,-0.0,0.0,0.0,0.0,0.0,0.0,0.0
2025-02-19,0.0,-0.0,0.0,0.0,0.0,0.0,0.0,0.0
2025-02-20,0.04820467714528329,0.05,0.05,0.04820467714528329,0.09820467714528329,-0.001795322854716716,0.09820467714528329,0.0
2025-02-21,0.04783532666768371,0.05,0.05,0.04783532666768371,0.09783532666768371,-0.0021646733323162914,0.0003693504775995754,0.0
2025-02-24,0.0502290563265707,0.05,0.05,0.0502290563265707,0.1002290563265707,0.00022905632657069935,0.002393729658886991,0.0
2025-02-25,0.05085229148481162,0.05,0.05,0.05085229148481162,0.10085229148481162,0.0008522914848116195,0.0006232351582409201,0.0
2025-02-26,0.05305392786131338,0.05,0.05,0.05305392786131338,0.10305392786131339,0.0030539278613133797,0.00220163637650176,0.0
2025-02-27,0.054478853567231755,0.05,0.05,0.054478853567231755,0.10447885356723176,0.0044788535672317525,0.0014249257059183729,0.0
2025-02-28,0.05128331348694847,0.05,0.05,0.05128331348694847,0.10128331348694847,0.0012833134869484689,0.0031955400802832837,0.0
2025-03-03,0.05173482132351859,0.05,0.05,0.05173482132351859,0.10173482132351859,0.0017348213235185844,0.00045150783657011556,0.0
2025-03-04,0.053508217491222754,0.05,0.05,0.053508217491222754,0.10350821749122276,0.003508217491222751,0.0017733961677041665,0.0
2025-03-05,0.0545830614179445,0.05,0.05,0.0545830614179445,0.1045830614179445,0.004583061417944498,0.0010748439267217469,0.0
2025-03-06,0.05540411975612491,0.05,0.05,0.05540411975612491,0.1054041197561249,0.005404119756124905,0.0008210583381804068,0.0
2025-03-07,0.0523000361314026,0.05,0.05,0.0523000361314026,0.1023000361314026,0.0023000361314025955,0.003104083624722309,0.0
2025-03-10,0.05108353232049987,0.05,0.05,0.05108353232049987,0.10108353232049988,0.0010835323204998679,0.0012165038109027276,0.0
2025-03-11,0.05007683552561579,0.05,0.05,0.05007683552561579,0.10007683552561579,7.683552561578433e-05,0.0010066967948840835,0.0
2025-03-12,0.049397288286469915,0.05,0.05,0.049397288286469915,0.09939728828646992,-0.000602711713530088,0.0006795472391458723,0.0
2025-03-13,0.051801900132117634,0.05,0.05,0.051801900132117634,0.10180190013211764,0.0018019001321176314,0.0024046118456477195,0.0
2025-03-14,0.04427293566667152,0.05,0.05,0.04427293566667152,0.09427293566667153,-0.00572706433332848,0.007528964465446111,0.0
2025-03-17,0.04334342584721419,0.05,0.05,0.04334342584721419,0.0933434258472142,-0.00665657415278581,0.0009295098194573304,0.0
2025-03-18,0.044389765282177356,0.05,0.05,0.044389765282177356,0.09438976528217735,-0.005610234717822647,0.001046339434963163,0.0
2025-03-19,0.04351788068922727,0.05,0.05,0.04351788068922727,0.09351788068922727,-0.006482119310772735,0.0008718845929500882,0.0
2025-03-20,0.03649703383217937,0.05,0.05,0.03649703383217937,0.08649703383217938,-0.01350296616782063,0.007020846857047895,0.0
2025-03-21,0.03673473428947845,0.05,0.05,0.03673473428947845,0.08673473428947845,-0.01326526571052155,0.00023770045729908096,0.0
2025-03-24,0.0364055695976998,0.05,0.05,0.0364055695976998,0.0864055695976998,-0.013594430402300205,0.00032916469177865504,0.0
2025-03-25,0.0346557619196556,0.05,0.05,0.0346557619196556,0.0846557619196556,-0.015344238080344401,0.0017498076780441962,0.0
2025-03-26,0.034597550077738286,0.05,0.05,0.034597550077738286,0.08459755007773828,-0.015402449922261717,5.82118419173161e-05,0.0
2025-03-27,0.03588673960716522,0.05,0.05,0.03588673960716522,0.08588673960716522,-0.014113260392834781,0.001289189529426936,0.0
2025-03-28,0.0356070206825058,0.05,0.05,0.0356070206825058,0.08560702068250581,-0.014392979317494205,0.00027971892465942366,0.0
2025-03-31,0.036689199957909334,0.05,0.05,0.036689199957909334,0.08668919995790933,-0.013310800042090669,0.0010821792754035359,0.0
2025-04-01,0.03691327980137838,0.05,0.05,0.03691327980137838,0.08691327980137839,-0.013086720198621622,0.00022407984346904664,0.0
2025-04-02,0.0,-0.0,0.0,0.0,0.0,0.0,0.08691327980137839,0.0
2025-04-03,0.0,-0.0,0.0,0.0,0.0,0.0,0.0,0.0
2025-04-04,0.0,-0.0,0.0,0.0,0.0,0.0,0.0,0.0
2025-04-07,0.0,-0.0,0.0,0.0,0.0,0.0,0.0,0.0
2025-04-08,0.0,-0.0,0.0,0.0,0.0,0.0,0.0,0.0
2025-04-09,0.0,-0.0,0.0,0.0,0.0,0.0,0.0,0.0
2025-04-10,0.08179877437240607,0.05,0.05,0.08179877437240607,0.13179877437240606,0.031798774372406066,0.13179877437240606,0.0
2025-04-11,0.08104492899514236,0.05,0.05,0.08104492899514236,0.13104492899514236,0.031044928995142357,0.0007538453772637094,0.0
2025-04-14,0.08095173237339531,0.05,0.05,0.08095173237339531,0.1309517323733953,0.03095173237339531,9.319662174704646e-05,0.0
2025-04-15,0.08067614681451331,0.05,0.05,0.08067614681451331,0.1306761468145133,0.030676146814513305,0.000275585558882005,0.0
2025-04-16,0.0806258574434501,0.05,0.05,0.0806258574434501,0.13062585744345012,0.030625857443450102,5.028937106320297e-05,0.0
2025-04-17,0.08104940129184296,0.05,0.05,0.08104940129184296,0.13104940129184295,0.031049401291842957,0.0004235438483928544,0.0
2025-04-21,0.08088793265244207,0.05,0.05,0.08088793265244207,0.13088793265244208,0.030887932652442066,0.0001614686394008913,0.0
2025-04-22,0.08099092280109771,0.05,0.05,0.08099092280109771,0.1309909228010977,0.030990922801097706,0.0001029901486556406,0.0
2025-04-23,0.08031294079912565,0.05,0.05,0.08031294079912565,0.13031294079912564,0.03031294079912565,0.000677982001972055,0.0
2025-04-24,0.07435421845964747,0.05,0.05,0.07435421845964747,0.12435421845964748,0.02435421845964747,0.005958722339478181,0.0
2025-04-25,0.0,-0.0,0.0,0.0,0.0,0.0,0.0,0.0
2025-04-28,0.0,-0.0,0.0,0.0,0.0,0.0,0.0,0.0
2025-04-29,0.0,-0.0,0.0,0.0,0.0,0.0,0.0,0.0
2025-04-30,0.0,-0.0,0.0,0.0,0.0,0.0,0.0,0.0
2025-05-01,0.0,-0.0,0.0,0.0,0.0,0.0,0.0,0.0
2025-05-02,0.0,-0.0,0.0,0.0,0.0,0.0,0.0,0.0
2025-05-05,0.0,-0.0,0.0,0.0,0.0,0.0,0.0,0.0
2025-05-06,0.0,-0.0,0.0,0.0,0.0,0.0,0.0,0.0
2025-05-07,0.0,-0.0,0.0,0.0,0.0,0.0,0.0,0.0
2025-05-08,0.0,-0.0,0.0,0.0,0.0,0.0,0.0,0.0
2025-05-09,0.0,-0.0,0.0,0.0,0.0,0.0,0.0,0.0
2025-05-12,0.0,-0.0,0.0,0.0,0.0,0.0,0.0,0.0
2025-05-13,0.0,-0.0,0.0,0.0,0.0,0.0,0.0,0.0
2025-05-14,0.06914405237126246,0.05,0.05,0.06914405237126246,0.11914405237126247,0.01914405237126246,0.11914405237126247,0.0
2025-05-15,0.06939615267714024,0.05,0.05,0.06939615267714024,0.11939615267714024,0.019396152677140233,0.00025210030587777266,0.0
2025-05-16,0.0693949357713963,0.05,0.05,0.0693949357713963,0.1193949357713963,0.019394935771396296,1.2169057439365139e-06,0.0
2025-05-19,0.0693277596008509,0.05,0.05,0.0693277596008509,0.1193277596008509,0.019327759600850897,6.717617054539937e-05,0.0
2025-05-20,0.06934255250074914,0.05,0.05,0.06934255250074914,0.11934255250074914,0.019342552500749136,1.4792899898238843e-05,0.0
2025-05-21,0.06881664536952863,0.05,0.05,0.06881664536952863,0.11881664536952863,0.018816645369528623,0.0005259071312205127,0.0
2025-05-22,0.06835118924660653,0.05,0.05,0.06835118924660653,0.11835118924660654,0.01835118924660653,0.00046545612292209215,0.0
2025-05-23,0.06796117309378744,0.05,0.05,0.06796117309378744,0.11796117309378744,0.017961173093787433,0.00039001615281909763,0.0
2025-05-27,0.06686612595099552,0.05,0.05,0.06686612595099552,0.11686612595099552,0.016866125950995514,0.001095047142791919,0.0
2025-05-28,0.06693323727125594,0.05,0.05,0.06693323727125594,0.11693323727125594,0.016933237271255938,6.711132026042399e-05,0.0
2025-05-29,0.06600075990952456,0.05,0.05,0.06600075990952456,0.11600075990952456,0.016000759909524556,0.000932477361731382,0.0
2025-05-30,0.06600268412938476,0.05,0.05,0.06600268412938476,0.11600268412938476,0.016002684129384756,1.9242198601998606e-06,0.0
2025-06-02,0.06599239494837367,0.05,0.05,0.06599239494837367,0.11599239494837367,0.015992394948373664,1.0289181011091664e-05,0.0
2025-06-03,0.06504894244946083,0.05,0.05,0.06504894244946083,0.11504894244946083,0.015048942449460825,0.000943452498912839,0.0
2025-06-04,0.06428865323314685,0.05,0.05,0.06428865323314685,0.11428865323314685,0.014288653233146847,0.0007602892163139779,0.0
2025-06-05,0.0641462128325001,0.05,0.05,0.0641462128325001,0.11414621283250011,0.014146212832500102,0.00014244040064674557,0.0
2025-06-06,0.06440629168599245,0.05,0.05,0.06440629168599245,0.11440629168599245,0.014406291685992445,0.00026007885349234316,0.0
2025-06-09,0.06383696220838506,0.05,0.05,0.06383696220838506,0.11383696220838506,0.013836962208385054,0.0005693294776073915,0.0
2025-06-10,0.0,-0.0,0.0,0.0,0.0,0.0,0.11383696220838506,0.0
2025-06-11,0.0,-0.0,0.0,0.0,0.0,0.0,0.0,0.0
2025-06-12,0.0,-0.0,0.0,0.0,0.0,0.0,0.0,0.0
2025-06-13,0.050916254196006074,0.05,0.05,0.050916254196006074,0.10091625419600608,0.0009162541960060708,0.10091625419600608,0.0
2025-06-16,0.04916749336476229,0.05,0.05,0.04916749336476229,0.0991674933647623,-0.0008325066352377133,0.0017487608312437841,0.0
2025-06-17,0.048551814658575505,0.05,0.05,0.048551814658575505,0.09855181465857552,-0.0014481853414244975,0.0006156787061867841,0.0
2025-06-18,0.04867574084907388,0.05,0.05,0.04867574084907388,0.09867574084907388,-0.00132425915092612,0.0001239261904983774,0.0
2025-06-20,0.04871985059506722,0.05,0.05,0.04871985059506722,0.09871985059506722,-0.001280149404932783,4.410974599333706e-05,0.0
2025-06-23,0.048945472310620956,0.05,0.05,0.048945472310620956,0.09894547231062095,-0.0010545276893790465,0.00022562171555373656,0.0
2025-06-24,0.04823586323672629,0.05,0.05,0.04823586323672629,0.09823586323672628,-0.0017641367632737145,0.0007096090738946681,0.0
2025-06-25,0.04845925769640875,0.05,0.05,0.04845925769640875,0.09845925769640876,-0.001540742303591254,0.00022339445968246052,0.0
2025-06-26,0.04771990907899974,0.05,0.05,0.04771990907899974,0.09771990907899974,-0.0022800909210002607,0.0007393486174090066,0.0
2025-06-27,0.04767683768138836,0.05,0.05,0.04767683768138836,0.09767683768138836,-0.0023231623186116407,4.3071397611380013e-05,0.0
2025-06-30,0.047736350419443185,0.05,0.05,0.047736350419443185,0.09773635041944319,-0.0022636495805568174,5.9512738054823267e-05,0.0
2025-07-01,0.04786781601814429,0.05,0.05,0.04786781601814429,0.09786781601814429,-0.0021321839818557106,0.0001314655987011068,0.0
2025-07-02,0.048071695753026306,0.05,0.05,0.048071695753026306,0.09807169575302631,-0.0019283042469736972,0.00020387973488201344,0.0
2025-07-03,0.04763671246095753,0.05,0.05,0.04763671246095753,0.09763671246095754,-0.002363287539042476,0.0004349832920687788,0.0
2025-07-07,0.04783667177969639,0.05,0.05,0.04783667177969639,0.09783667177969639,-0.0021633282203036147,0.00019995931873886125,0.0
2025-07-08,0.04799616693122259,0.05,0.05,0.04799616693122259,0.0979961669312226,-0.002003833068777411,0.00015949515152620386,0.0
2025-07-09,0.0528167902162226,0.05,0.05,0.0528167902162226,0.1028167902162226,0.002816790216222595,0.004820623285000006,0.0
2025-07-10,0.052614835526933516,0.05,0.05,0.052614835526933516,0.10261483552693351,0.0026148355269335136,0.0002019546892890814,0.0
2025-07-11,0.0,-0.0,0.0,0.0,0.0,0.0,0.10261483552693351,0.0
2025-07-14,0.0,-0.0,0.0,0.0,0.0,0.0,0.0,0.0
2025-07-15,0.0,-0.0,0.0,0.0,0.0,0.0,0.0,0.0
2025-07-16,0.0,-0.0,0.0,0.0,0.0,0.0,0.0,0.0
2025-07-17,0.0,-0.0,0.0,0.0,0.0,0.0,0.0,0.0
2025-07-18,0.0,-0.0,0.0,0.0,0.0,0.0,0.0,0.0
2025-07-21,0.0,-0.0,0.0,0.0,0.0,0.0,0.0,0.0
2025-07-22,0.0,-0.0,0.0,0.0,0.0,0.0,0.0,0.0
2025-07-23,0.0,-0.0,0.0,0.0,0.0,0.0,0.0,0.0
2025-07-24,0.0,-0.0,0.0,0.0,0.0,0.0,0.0,0.0
2025-07-25,0.0,-0.0,0.0,0.0,0.0,0.0,0.0,0.0
2025-07-28,0.0,-0.0,0.0,0.0,0.0,0.0,0.0,0.0
2025-07-29,0.0,-0.0,0.0,0.0,0.0,0.0,0.0,0.0
2025-07-30,0.07701476045298083,0.05,0.05,0.07701476045298083,0.12701476045298082,0.027014760452980832,0.12701476045298082,0.0
2025-07-31,0.0999728950076634,0.05,0.1,0.04997289500766341,0.14997289500766342,0.04997289500766341,0.07704186544531744,0.0
2025-08-01,0.08048875329991971,0.05,0.05,0.08048875329991971,0.1304887532999197,0.030488753299919708,0.0805158582922563,0.0
2025-08-04,0.07866749219217818,0.05,0.05,0.07866749219217818,0.12866749219217818,0.02866749219217818,0.0018212611077415286,0.0
2025-08-05,0.0,-0.0,0.0,0.0,0.0,0.0,0.12866749219217818,0.0
2025-08-06,0.0,-0.0,0.0,0.0,0.0,0.0,0.0,0.0
2025-08-07,0.0,-0.0,0.0,0.0,0.0,0.0,0.0,0.0
2025-08-08,0.0,-0.0,0.0,0.0,0.0,0.0,0.0,0.0
2025-08-11,0.0,-0.0,0.0,0.0,0.0,0.0,0.0,0.0
2025-08-12,0.0,-0.0,0.0,0.0,0.0,0.0,0.0,0.0
2025-08-13,0.0,-0.0,0.0,0.0,0.0,0.0,0.0,0.0
2025-08-14,0.0,-0.0,0.0,0.0,0.0,0.0,0.0,0.0
2025-08-15,0.0,-0.0,0.0,0.0,0.0,0.0,0.0,0.0
2025-08-18,0.0,-0.0,0.0,0.0,0.0,0.0,0.0,0.0
2025-08-19,0.0,-0.0,0.0,0.0,0.0,0.0,0.0,0.0
2025-08-20,0.0,-0.0,0.0,0.0,0.0,0.0,0.0,0.0
2025-08-21,0.03875273510375146,0.05,0.05,0.03875273510375146,0.08875273510375147,-0.01124726489624854,0.08875273510375147,0.0
2025-08-22,0.037377954451136376,0.05,0.05,0.037377954451136376,0.08737795445113639,-0.012622045548863627,0.001374780652615086,0.0
2025-08-25,0.07742275368880963,0.1,0.1,0.07742275368880963,0.17742275368880964,-0.022577246311190374,0.09004479923767325,0.0
2025-08-26,0.07757712248863821,0.1,0.1,0.07757712248863821,0.17757712248863822,-0.022422877511361794,0.00015436879982858032,0.0
2025-08-27,0.07468226748732174,0.1,0.1,0.07468226748732174,0.17468226748732174,-0.02531773251267827,0.0028948550013164764,0.0
2025-08-28,0.07738555573853573,0.1,0.1,0.07738555573853573,0.17738555573853573,-0.022614444261464278,0.002703288251213992,0.0
2025-08-29,0.07565628216621523,0.1,0.1,0.07565628216621523,0.17565628216621523,-0.024343717833784778,0.0017292735723205,0.0
2025-09-02,0.05209369020851502,0.1,0.15000000000000002,0.00209369020851502,0.15209369020851504,-0.04790630979148498,0.12356259195770021,0.0
2025-09-03,0.05,0.08214946632184346,0.1,0.032149466321843456,0.13214946632184346,-0.032149466321843456,0.08424315653035848,0.0
2025-09-04,0.05,0.08207205980517271,0.1,0.032072059805172706,0.13207205980517273,-0.032072059805172706,7.740651667074994e-05,0.0
2025-09-05,0.05,0.08189658279561528,0.1,0.031896582795615275,0.13189658279561528,-0.031896582795615275,0.0001754770095574315,0.0
2025-09-08,0.15000000000000002,0.16712979614438495,0.25,0.06712979614438494,0.31712979614438497,-0.017129796144384937,0.1852332133487697,0.0
2025-09-09,0.15000000000000002,0.1663369520899177,0.25,0.06633695208991769,0.3163369520899177,-0.016336952089917686,0.000792844054467251,0.0
2025-09-10,0.15000000000000002,0.16834044350610133,0.25,0.06834044350610133,0.31834044350610136,-0.018340443506101325,0.0020034914161836392,0.0
2025-09-11,0.20644376479907683,0.1,0.2,0.10644376479907681,0.3064437647990768,0.10644376479907681,0.3247842083051782,0.0
2025-09-12,0.22689377486465037,0.1,0.2,0.12689377486465037,0.3268937748646504,0.12689377486465037,0.02045001006557355,0.0
2025-09-15,0.1,0.05841558732632218,0.15000000000000002,0.00841558732632218,0.15841558732632222,0.04158441267367782,0.18530936219097255,0.0
2025-09-16,0.1,0.05957911493003709,0.15000000000000002,0.009579114930037089,0.15957911493003712,0.040420885069962914,0.001163527603714909,0.0
2025-09-17,0.1,0.06073111727892329,0.15000000000000002,0.010731117278923286,0.1607311172789233,0.03926888272107672,0.001152002348886197,0.0
2025-09-18,0.1,0.10899778094481902,0.1,0.10899778094481902,0.20899778094481902,-0.008997780944819012,0.14826666366589575,0.0
2025-09-19,0.1,0.09399404953994109,0.1,0.09399404953994109,0.1939940495399411,0.0060059504600589175,0.015003731404877929,0.0
2025-09-22,0.1,0.09185039872692843,0.1,0.09185039872692843,0.19185039872692844,0.008149601273071572,0.002143650813012654,0.0
2025-09-23,0.1,0.08990279376138757,0.1,0.08990279376138757,0.18990279376138758,0.010097206238612433,0.0019476049655408612,0.0
2025-09-24,0.1,0.08839195080626032,0.1,0.08839195080626032,0.1883919508062603,0.011608049193739686,0.0015108429551272534,0.0
2025-09-25,0.1,0.09986064673110182,0.15000000000000002,0.04986064673110181,0.19986064673110182,0.00013935326889819022,0.08853130407515851,0.0
2025-09-26,0.1,0.09604302676526909,0.15000000000000002,0.046043026765269085,0.1960430267652691,0.003956973234730918,0.0038176199658327276,0.0
2025-09-29,0.1,0.08984291975134698,0.15000000000000002,0.03984291975134697,0.18984291975134698,0.010157080248653035,0.006200107013922117,0.0
2025-09-30,0.1,0.09483052094488648,0.15000000000000002,0.044830520944886466,0.19483052094488648,0.005169479055113536,0.004987601193539498,0.0
2025-10-01,0.1,0.09755783158834125,0.15000000000000002,0.047557831588341246,0.19755783158834128,0.002442168411658757,0.002727310643454779,0.0
2025-10-02,0.1,0.09441151866492288,0.15000000000000002,0.04441151866492288,0.1944115186649229,0.005588481335077125,0.003146312923418368,0.0
2025-10-03,0.06769824628390267,0.05,0.1,0.017698246283902673,0.11769824628390269,0.017698246283902673,0.11210976494882555,0.0
2025-10-06,0.0701871766414843,0.05,0.1,0.02018717664148429,0.12018717664148429,0.02018717664148429,0.0024889303575816174,0.0
2025-10-07,0.041694258279078474,0.05,0.05,0.041694258279078474,0.09169425827907848,-0.00830574172092153,0.07150708163759419,0.0
2025-10-08,0.03985246151425745,0.05,0.05,0.03985246151425745,0.08985246151425745,-0.010147538485742555,0.0018417967648210257,0.0
2025-10-09,0.03986266590605691,0.05,0.05,0.03986266590605691,0.0898626659060569,-0.010137334093943094,1.02043917994607e-05,0.0
2025-10-10,0.039929064827398955,0.05,0.05,0.039929064827398955,0.08992906482739896,-0.010070935172601048,6.639892134204656e-05,0.0
2025-10-13,0.044648119565334016,0.05,0.05,0.044648119565334016,0.09464811956533402,-0.005351880434665987,0.004719054737935061,0.0
2025-10-14,0.0438998498172885,0.05,0.05,0.0438998498172885,0.0938998498172885,-0.006100150182711504,0.0007482697480455172,0.0
2025-10-15,0.04779051638245367,0.05,0.05,0.04779051638245367,0.09779051638245367,-0.0022094836175463317,0.0038906665651651726,0.0
2025-10-16,0.13783372077096634,0.1,0.1,0.13783372077096634,0.23783372077096634,0.037833720770966334,0.14004320438851267,0.0
2025-10-17,0.13775573691452264,0.1,0.1,0.13775573691452264,0.23775573691452265,0.037755736914522636,7.798385644369743e-05,0.0
2025-10-20,0.0,-0.0,0.0,0.0,0.0,0.0,0.0,0.0
2025-10-21,0.0,-0.0,0.0,0.0,0.0,0.0,0.0,0.0
2025-10-22,0.0,-0.0,0.0,0.0,0.0,0.0,0.0,0.0
2025-10-23,0.0,-0.0,0.0,0.0,0.0,0.0,0.0,0.0
2025-10-24,0.0,-0.0,0.0,0.0,0.0,0.0,0.0,0.0
2025-10-27,0.0,-0.0,0.0,0.0,0.0,0.0,0.0,0.0
2025-10-28,0.0,-0.0,0.0,0.0,0.0,0.0,0.0,0.0
2025-10-29,0.0,-0.0,0.0,0.0,0.0,0.0,0.0,0.0
2025-10-30,0.0,-0.0,0.0,0.0,0.0,0.0,0.0,0.0
2025-10-31,0.0,-0.0,0.0,0.0,0.0,0.0,0.0,0.0
2025-11-03,0.0,-0.0,0.0,0.0,0.0,0.0,0.0,0.0
2025-11-04,0.0,-0.0,0.0,0.0,0.0,0.0,0.0,0.0
2025-11-05,0.0,-0.0,0.0,0.0,0.0,0.0,0.0,0.0
2025-11-06,0.0,-0.0,0.0,0.0,0.0,0.0,0.0,0.0
2025-11-07,0.0,-0.0,0.0,0.0,0.0,0.0,0.0,0.0
2025-11-10,0.0,-0.0,0.0,0.0,0.0,0.0,0.0,0.0
2025-11-11,0.0,-0.0,0.0,0.0,0.0,0.0,0.0,0.0
2025-11-12,0.0,-0.0,0.0,0.0,0.0,0.0,0.0,0.0
2025-11-13,0.024171674355564297,0.05,0.05,0.024171674355564297,0.0741716743555643,-0.025828325644435705,0.0741716743555643,0.0
2025-11-14,0.015856909712682492,0.05,0.05,0.015856909712682492,0.06585690971268249,-0.03414309028731751,0.008314764642881806,0.0
2025-11-17,0.01588533624713559,0.05,0.05,0.01588533624713559,0.06588533624713559,-0.03411466375286441,2.8426534453097896e-05,0.0
2025-11-18,0.015984896685580036,0.05,0.05,0.015984896685580036,0.06598489668558004,-0.03401510331441997,9.956043844444595e-05,0.0
2025-11-19,0.016107084391284672,0.05,0.05,0.016107084391284672,0.06610708439128468,-0.03389291560871533,0.00012218770570463638,0.0
2025-11-20,0.016105025456850976,0.05,0.05,0.016105025456850976,0.06610502545685099,-0.03389497454314903,2.0589344336963133e-06,0.0
2025-11-21,0.02090154876981224,0.05,0.05,0.02090154876981224,0.07090154876981225,-0.029098451230187762,0.004796523312961265,0.0
2025-11-24,0.020645231184195537,0.05,0.05,0.020645231184195537,0.07064523118419554,-0.029354768815804465,0.0002563175856167034,0.0
2025-11-25,0.019663532645281586,0.05,0.05,0.019663532645281586,0.06966353264528159,-0.030336467354718417,0.0009816985389139513,0.0
2025-11-26,0.018768974948277097,0.05,0.05,0.018768974948277097,0.0687689749482771,-0.031231025051722906,0.0008945576970044895,0.0
2025-11-28,0.018435397842434215,0.05,0.05,0.018435397842434215,0.06843539784243421,-0.03156460215756579,0.00033357710584288117,0.0
2025-12-01,0.01864119252245115,0.05,0.05,0.01864119252245115,0.06864119252245116,-0.03135880747754885,0.00020579468001693385,0.0
2025-12-02,0.018653034805636442,0.05,0.05,0.018653034805636442,0.06865303480563645,-0.03134696519436356,1.1842283185292679e-05,0.0
2025-12-03,0.019012638049316462,0.05,0.05,0.019012638049316462,0.06901263804931647,-0.03098736195068354,0.0003596032436800206,0.0
2025-12-04,0.0,-0.0,0.0,0.0,0.0,0.0,0.06901263804931647,0.0
2025-12-05,0.0,-0.0,0.0,0.0,0.0,0.0,0.0,0.0
2025-12-08,0.0,-0.0,0.0,0.0,0.0,0.0,0.0,0.0
2025-12-09,0.0,-0.0,0.0,0.0,0.0,0.0,0.0,0.0
2025-12-10,0.0,-0.0,0.0,0.0,0.0,0.0,0.0,0.0
2025-12-11,0.0,-0.0,0.0,0.0,0.0,0.0,0.0,0.0
2025-12-12,0.0,-0.0,0.0,0.0,0.0,0.0,0.0,0.0
2025-12-15,0.0,-0.0,0.0,0.0,0.0,0.0,0.0,0.0
2025-12-16,0.0,-0.0,0.0,0.0,0.0,0.0,0.0,0.0
2025-12-17,0.0,-0.0,0.0,0.0,0.0,0.0,0.0,0.0
2025-12-18,0.0,-0.0,0.0,0.0,0.0,0.0,0.0,0.0
2025-12-19,0.0,-0.0,0.0,0.0,0.0,0.0,0.0,0.0
2025-12-22,0.0,-0.0,0.0,0.0,0.0,0.0,0.0,0.0
2025-12-23,0.0,-0.0,0.0,0.0,0.0,0.0,0.0,0.0
2025-12-24,0.0,-0.0,0.0,0.0,0.0,0.0,0.0,0.0
2025-12-26,0.0,-0.0,0.0,0.0,0.0,0.0,0.0,0.0
2025-12-29,0.0,-0.0,0.0,0.0,0.0,0.0,0.0,0.0
2025-12-30,0.0,-0.0,0.0,0.0,0.0,0.0,0.0,0.0
2025-12-31,0.0,-0.0,0.0,0.0,0.0,0.0,0.0,0.0
